product_rating,is_sponsored,buy_box_availability,sustainability_tags,has_coupon,discount_percentage,badge_amazons,badge_best_seller,badge_ends_in,badge_limited_time_deal,badge_no_badge,badge_save_xpct,product_category,log_purchased_last_month,log_original_price,segment_Alta/Premium,segment_Baja,segment_Media,log_total_reviews
4.4,1,1,0,0,0.0,0,0,0,0,1,0,PC Components,0.0,5.484755438853831,0,0,1,5.883322388488279
4.6,1,1,0,0,0.0,0,0,0,0,1,0,Storage & Memory Cards,0.0,3.783962335360629,0,0,1,5.6240175061873385
4.6,0,0,1,0,0.0,0,1,0,0,0,0,"Office Supplies, Ink & Toner",10.819798284210286,3.607940511608584,0,0,1,11.523598307026532
4.6,0,0,0,0,0.0,0,0,0,0,1,0,"Office Supplies, Ink & Toner",10.819798284210286,3.804215052793841,0,0,1,10.986867753062814
4.5,0,0,0,0,0.0,0,1,0,0,0,0,"Audio, Sound & Recording Gear",9.210440366976515,2.355177543113216,0,1,0,11.598433212074823
4.8,0,1,0,0,0.14,0,0,0,0,1,0,Power & Batteries,11.289794413577894,3.130700133964476,0,0,1,11.739303778794367
4.6,0,0,0,0,0.0,0,0,0,0,1,0,Wearables,9.210440366976515,2.8390784635086144,0,1,0,9.621655004873238
4.8,0,1,0,0,0.31,0,0,0,0,1,0,"Office Supplies, Ink & Toner",11.51293546492023,2.7298116928837226,0,1,0,10.901266101256551
4.6,0,0,0,0,0.0,0,0,0,0,1,0,Wearables,9.210440366976515,4.991384514504119,0,0,1,9.460398455831276
4.6,0,0,1,0,0.0,0,0,0,0,1,0,TV & Video Displays,9.210440366976515,3.541249137109912,0,1,0,7.554858521040676
4.8,0,1,0,0,0.0,0,1,0,0,0,0,"Office Supplies, Ink & Toner",11.51293546492023,2.8892600290434745,0,1,0,11.396009553253192
4.7,0,1,1,0,0.0,0,1,0,0,0,0,Power & Batteries,11.51293546492023,2.740194654428777,0,0,1,13.346749356585295
4.7,0,0,0,0,0.0,0,1,0,0,0,0,"Office Supplies, Ink & Toner",11.51293546492023,2.915064370486536,0,1,0,10.788679697308252
4.6,0,0,0,0,0.0,0,1,0,0,0,0,Wearables,9.210440366976515,5.095221510537605,0,0,1,10.488018924717574
4.8,0,0,0,0,0.0,0,0,0,0,1,0,Small Gadget Accessories (Cases & Protectors),9.210440366976515,4.300545392805998,0,0,1,10.274671726667416
4.8,0,1,1,0,0.0,0,1,0,0,0,0,"Office Supplies, Ink & Toner",11.289794413577894,3.71284009155878,0,0,1,12.198609868148807
4.5,0,0,0,0,0.0,0,0,0,0,1,0,Wearables,9.210440366976515,4.4898715616246285,0,0,1,9.507997527450042
4.6,0,0,0,0,0.0,0,1,0,0,0,0,Mobile Cell Phones & Smartphones,9.210440366976515,3.179719109667007,0,1,0,10.54812702903103
4.6,0,0,0,0,0.0,0,1,0,0,0,0,"Office Supplies, Ink & Toner",11.51293546492023,4.614625344758847,0,0,1,10.703761188563927
4.7,0,0,1,0,0.0,0,1,0,0,0,0,Computer Peripherals,9.210440366976515,5.652664603477591,0,0,1,8.896861744480391
4.7,0,1,1,0,0.0,0,1,0,0,0,0,Power & Batteries,11.51293546492023,2.771963526845863,0,0,1,13.671177031805664
4.8,0,0,1,0,0.0,0,1,0,0,0,0,Laptops,9.210440366976515,6.782135365057486,0,0,1,7.557472901614746
4.7,0,1,0,0,0.28,0,0,0,0,1,0,"Office Supplies, Ink & Toner",11.002116507732016,2.772588722239781,0,1,0,9.769727562356604
4.8,0,1,0,0,0.0,0,0,0,0,1,0,"Office Supplies, Ink & Toner",10.819798284210286,2.9428587839469227,0,1,0,9.304012847838818
4.7,0,0,0,0,0.0,0,1,0,0,0,0,Wearables,9.210440366976515,5.638781624438787,0,0,1,9.374667665397858
4.4,0,1,0,0,0.28,0,0,0,0,1,0,Tablets & E-readers (DEVICES ONLY),9.210440366976515,5.398117451625214,0,0,1,9.670861685832426
4.2,0,1,0,0,0.33,0,1,0,0,0,0,Networking,9.210440366976515,3.433664571799657,0,1,0,10.4195394952737
4.9,0,1,0,0,0.4,0,0,0,0,1,0,Small Gadget Accessories (Cases & Protectors),11.156264806643742,3.0440461338325417,0,1,0,11.189422759203678
4.8,0,1,0,0,0.07,0,0,0,0,1,0,Power & Batteries,11.002116507732016,3.130700133964476,0,0,1,11.126762859116562
4.6,0,0,0,0,0.0,0,0,0,0,1,0,"Office Supplies, Ink & Toner",9.210440366976515,5.003946305945459,0,0,1,8.450412157725886
4.3,0,0,0,0,0.0,0,0,0,0,1,0,Wearables,9.210440366976515,3.432372999130605,0,1,0,10.18716160359037
4.8,0,1,0,0,0.31,0,1,0,0,0,0,"Office Supplies, Ink & Toner",9.210440366976515,3.0440461338325417,0,1,0,11.546128105797946
4.8,0,1,0,0,0.23,0,1,0,0,0,0,Small Gadget Accessories (Cases & Protectors),11.156264806643742,2.733717947850788,0,1,0,10.884460545216813
4.7,0,1,0,0,0.0,0,1,0,0,0,0,Storage & Memory Cards,9.210440366976515,2.48989419129904,0,1,0,11.723283630458038
4.8,0,1,0,0,0.15,0,0,0,0,1,0,TV & Video Displays,11.156264806643742,3.044522437723423,0,1,0,10.494685060560329
4.6,0,0,0,0,0.0,0,0,0,0,1,0,"Office Supplies, Ink & Toner",10.308985993422082,3.889572876590554,0,0,1,9.82730820579731
4.6,0,0,0,0,0.0,0,0,0,0,1,0,Computer Peripherals,9.210440366976515,4.589955020181611,0,0,1,8.721602344674197
4.6,0,1,0,0,0.0,0,1,0,0,0,0,Storage & Memory Cards,9.210440366976515,4.3943256902608985,0,0,1,12.478227288988386
4.6,0,0,0,0,0.0,0,0,0,0,1,0,Wearables,9.210440366976515,4.855851080295389,0,0,1,9.6941852674104
4.8,0,1,0,0,0.0,0,0,0,0,1,0,Power & Batteries,10.819798284210286,3.2831643147505627,0,0,1,9.738200088297951
4.8,0,1,0,0,0.12,0,1,0,0,0,0,Storage & Memory Cards,9.210440366976515,3.2577118486533987,0,1,0,11.19124528445721
4.8,0,1,0,0,0.0,0,1,0,0,0,0,PC Components,9.210440366976515,6.168564159920785,0,0,1,7.774015077250727
4.7,0,1,0,0,0.25,0,0,0,0,1,0,Storage & Memory Cards,9.210440366976515,5.30325515557766,0,0,1,9.558811758564229
4.8,0,1,1,0,0.07,0,0,0,0,1,0,"Office Supplies, Ink & Toner",10.59665973278358,3.110845080654496,0,1,0,10.785745689666076
4.6,0,1,0,0,0.31,0,1,0,0,0,0,"Office Supplies, Ink & Toner",10.59665973278358,3.433664571799657,0,0,1,7.916078096302786
4.8,0,0,0,0,0.0,0,0,0,0,1,0,"Chargers, Adapters & Cables",9.210440366976515,2.670694414558441,0,1,0,8.629092283913646
4.5,0,0,1,0,0.0,0,1,0,0,0,0,Computer Peripherals,9.210440366976515,2.563409711275944,0,1,0,10.6737115082755
4.6,0,1,0,0,0.0,0,0,0,0,1,0,"Office Supplies, Ink & Toner",9.210440366976515,4.912654885736052,0,0,1,6.786716950605081
4.3,0,1,0,0,0.2,0,1,0,0,0,0,Wearables,9.210440366976515,4.614625344758847,0,0,1,9.9054855551988
4.6,0,1,0,0,0.0,0,0,0,0,1,0,"Office Supplies, Ink & Toner",9.210440366976515,5.1216995126707605,0,0,1,7.870165946469845
4.6,0,0,1,0,0.0,0,0,0,0,1,0,"Office Supplies, Ink & Toner",9.90353755128617,4.041119578762556,0,0,1,10.07601126684997
4.3,0,0,0,0,0.0,0,1,0,0,0,0,"Audio, Sound & Recording Gear",9.210440366976515,2.8142103969306005,0,1,0,11.14306395922732
4.7,0,1,0,0,0.0,0,0,0,0,1,0,"Office Supplies, Ink & Toner",9.210440366976515,4.65386510752685,0,0,1,9.83889569664295
4.8,0,0,1,0,0.0,0,1,0,0,0,0,PC Components,8.517393171418904,6.294804640416468,0,0,1,7.213031659834869
4.6,0,1,1,0,0.37,1,0,0,0,0,0,"Chargers, Adapters & Cables",9.210440366976515,2.995232148512309,0,0,1,9.889642145714076
4.6,0,1,0,0,0.26,0,0,0,0,1,0,"Office Supplies, Ink & Toner",9.90353755128617,4.288677031682191,0,0,1,10.090713728663538
4.8,0,0,1,0,0.0,0,0,0,0,1,0,Computer Peripherals,8.699681400989514,6.244710442238636,1,0,0,7.348587530927593
4.7,0,1,1,0,0.0,0,1,0,0,0,0,Power & Batteries,11.002116507732016,2.6166656393003573,0,0,1,12.352697937665852
4.1,0,1,0,0,0.19,0,1,0,0,0,0,TV & Video Displays,9.210440366976515,5.141605075260502,0,0,1,8.488176242345745
4.6,0,1,0,0,0.0,0,0,0,0,1,0,"Office Supplies, Ink & Toner",9.90353755128617,4.681112189563248,0,0,1,8.843903650835497
4.4,0,1,1,0,0.0,0,1,0,0,0,0,"Audio, Sound & Recording Gear",9.210440366976515,3.7035217308508064,0,1,0,10.11431557812769
4.8,0,0,1,0,0.0,0,0,0,0,1,0,Laptops,7.601402334583733,7.407445129535729,1,0,0,7.10085190894405
4.5,0,0,1,0,0.0,0,0,0,0,1,0,TV & Video Displays,9.210440366976515,3.8284239815518326,0,1,0,6.61338421837956
4.5,0,0,0,0,0.0,0,1,0,0,0,0,Video Game Consoles & Virtual Reality,9.105090961257083,6.186311499267078,0,0,1,8.106816038947052
4.6,0,1,0,0,0.0,0,0,0,0,1,0,"Office Supplies, Ink & Toner",9.210440366976515,5.04915063032459,0,0,1,8.756367559802975
4.7,0,0,1,0,0.0,0,0,0,0,1,0,"Office Supplies, Ink & Toner",9.210440366976515,4.157162854614252,0,0,1,10.875364351649829
4.1,0,1,0,0,0.25,0,0,0,0,1,0,Laptops,9.210440366976515,5.442374419541463,0,0,1,8.247743887225516
4.8,0,1,0,0,0.47,0,0,0,0,1,0,"Office Supplies, Ink & Toner",10.308985993422082,3.5052570515869337,0,0,1,9.672122799562842
4.8,0,1,0,0,0.29,0,0,0,0,1,0,Storage & Memory Cards,9.210440366976515,3.58324112209094,0,0,1,11.748692997469808
4.6,0,1,1,0,0.43,0,0,0,0,1,0,"Audio, Sound & Recording Gear",9.210440366976515,5.855071922202427,0,0,1,11.013649552432474
4.7,0,1,0,0,0.0,0,1,0,0,0,0,Cameras & Photography,9.210440366976515,4.119037174812473,0,1,0,8.22282213081366
4.8,0,1,0,0,0.34,0,1,0,0,0,0,Small Gadget Accessories (Cases & Protectors),9.210440366976515,4.204543354520176,0,0,1,8.832587702434553
4.8,0,1,0,0,0.27,0,1,0,0,0,0,Small Gadget Accessories (Cases & Protectors),10.59665973278358,1.922787731634459,0,1,0,8.262558973010657
4.2,0,1,1,0,0.21,0,1,0,0,0,0,Printers & Scanners (Hardware),8.853808274977197,5.484755438853831,0,0,1,9.536473630802217
4.6,0,0,0,0,0.0,1,0,0,0,0,0,"Office Supplies, Ink & Toner",9.210440366976515,4.464642950851115,0,0,1,9.481359383531425
4.6,0,1,0,0,0.1,0,1,0,0,0,0,"Office Supplies, Ink & Toner",10.819798284210286,1.986503546020567,0,1,0,10.870623478415853
4.6,0,0,0,0,0.0,0,0,0,0,1,0,"Office Supplies, Ink & Toner",10.819798284210286,2.0681277817795625,0,1,0,10.413702990176423
4.4,0,1,0,0,0.1,0,1,0,0,0,0,"Office Supplies, Ink & Toner",10.308985993422082,3.5550623063795967,0,0,1,11.075102440753938
4.6,0,1,1,0,0.35,0,0,0,0,1,0,"Chargers, Adapters & Cables",9.210440366976515,3.7133281345162463,0,0,1,9.757305042358048
4.4,0,1,0,0,0.18,0,1,0,0,0,0,TV & Video Displays,9.210440366976515,4.795542580971757,0,0,1,8.866722667194098
4.7,0,0,1,0,0.0,0,0,0,0,1,0,TV & Video Displays,9.210440366976515,3.5550623063795967,0,1,0,11.41048291014307
3.9,0,1,1,0,0.33,0,1,0,0,0,0,"Office Supplies, Ink & Toner",9.90353755128617,4.5107496103686,0,0,1,9.32500744695431
4.6,0,1,0,0,0.06,0,0,0,0,1,0,TV & Video Displays,9.210440366976515,3.241810796150697,0,1,0,10.852516492998056
4.6,0,1,1,0,0.14,0,0,0,0,1,0,Computer Peripherals,9.210440366976515,4.262539022051294,0,0,1,9.947695807200448
4.6,0,1,0,0,0.12,0,0,0,0,1,0,"Office Supplies, Ink & Toner",9.90353755128617,3.7133281345162463,0,0,1,9.84225024306494
4.2,0,1,0,0,0.24,0,0,0,0,1,0,Wearables,9.210440366976515,5.525413097700675,0,0,1,8.07402621612406
4.7,0,1,1,0,0.13,0,0,0,0,1,0,"Office Supplies, Ink & Toner",10.308985993422082,3.6011405398059297,0,0,1,11.451677523930725
4.6,0,0,0,0,0.17,0,1,0,0,0,0,Video Game Consoles & Virtual Reality,9.210440366976515,4.18950321539533,0,0,1,10.130822308468806
4.6,0,1,0,0,0.0,0,0,0,0,1,0,"Office Supplies, Ink & Toner",9.210440366976515,4.552718325985667,0,0,1,7.077498053569231
4.6,0,0,0,0,0.0,0,0,0,0,1,0,Wearables,8.699681400989514,6.310190968315922,1,0,0,7.620705086838262
4.5,0,0,0,0,0.0,0,1,0,0,0,0,"Chargers, Adapters & Cables",9.210440366976515,4.499809670330265,0,0,1,10.484221628517084
4.7,0,1,0,0,0.13,0,0,0,0,1,0,Power & Batteries,10.308985993422082,2.554899021608035,0,0,1,10.508732049920162
4.9,0,1,0,0,0.42,0,0,0,0,1,0,"Office Supplies, Ink & Toner",9.90353755128617,3.790758917935107,0,0,1,10.24998083886772
4.1,0,1,0,0,0.25,0,0,0,0,1,0,Wearables,9.105090961257083,5.081093757744817,0,0,1,9.0641578617981
4.5,0,0,1,0,0.0,0,0,0,0,1,0,Small Gadget Accessories (Cases & Protectors),9.210440366976515,3.0814511489565284,0,0,1,11.612381583933727
4.7,0,1,0,0,0.27,0,1,0,0,0,0,Storage & Memory Cards,9.210440366976515,4.709440107163888,0,0,1,10.486484989595086
4.8,0,1,0,0,0.5,0,0,0,0,1,0,"Office Supplies, Ink & Toner",10.59665973278358,2.301584592660462,0,1,0,10.064542911536916
4.6,0,0,0,0,0.0,0,1,0,0,0,0,Computer Peripherals,9.210440366976515,3.251536607107749,0,1,0,10.445579258176116
4.2,1,1,0,0,0.27,0,0,0,0,1,0,Wearables,5.303304908059076,3.5260663637080247,0,1,0,5.043425116919247
4.7,0,1,0,0,0.13,0,0,0,0,1,0,"Office Supplies, Ink & Toner",9.90353755128617,3.845669504878125,0,0,1,10.995628950073923
4.0,1,1,0,0,0.4,0,0,0,0,1,0,Wearables,3.9318256327243257,3.931629535067065,0,0,1,7.444833273892193
4.7,0,0,1,0,0.0,0,0,0,0,1,0,"Office Supplies, Ink & Toner",9.210440366976515,4.157162854614252,0,0,1,10.057838212366052
4.8,0,1,0,0,0.32,0,0,0,0,1,0,Storage & Memory Cards,9.210440366976515,5.181727368938661,0,0,1,8.698013622083925
4.7,0,0,0,0,0.0,0,0,0,0,1,0,"Office Supplies, Ink & Toner",9.210440366976515,4.232511029605105,0,0,1,10.714773261113114
4.5,0,1,1,0,0.0,0,1,0,0,0,0,Small Gadget Accessories (Cases & Protectors),9.90353755128617,3.331847303527362,0,0,1,12.378259687843531
4.6,0,0,0,0,0.0,0,0,0,0,1,0,"Office Supplies, Ink & Toner",9.210440366976515,4.583844399273339,0,0,1,9.845328638362597
4.1,0,0,0,0,0.15,0,1,0,0,0,0,"Chargers, Adapters & Cables",9.210440366976515,4.584865432647727,0,0,1,9.726869698658852
4.6,0,1,1,0,0.0,0,0,0,0,1,0,TV & Video Displays,9.210440366976515,4.595018834931716,0,0,1,8.421562960400987
4.7,0,0,0,0,0.0,0,0,0,0,1,0,"Chargers, Adapters & Cables",9.210440366976515,2.990719731730447,0,0,1,7.888334500738654
4.8,0,0,1,0,0.0,0,0,0,0,1,0,Laptops,8.294299608857235,6.824460622784326,0,0,1,6.704414354964107
4.6,0,1,0,0,0.07,0,0,0,0,1,0,Computer Peripherals,9.210440366976515,3.366950942933564,0,1,0,10.41171981644952
4.4,0,1,1,0,0.45,0,1,0,0,0,0,Networking,9.210440366976515,4.6150215020384655,0,0,1,10.01761948658104
4.7,0,0,1,0,0.0,0,0,0,0,1,0,"Office Supplies, Ink & Toner",9.210440366976515,4.023385473281607,0,0,1,10.21181748321106
4.8,0,1,0,0,0.2,0,0,0,0,1,0,PC Components,8.517393171418904,6.1092475827643655,0,0,1,8.653470809708786
4.1,0,0,0,0,0.0,0,0,0,0,1,0,Wearables,8.987321812850125,5.525253716100942,0,0,1,7.659642954564682
4.8,0,1,0,0,0.0,0,0,0,0,1,0,"Office Supplies, Ink & Toner",9.90353755128617,2.995232148512309,0,1,0,9.742496866444002
4.4,0,0,0,0,0.0,0,0,0,0,1,0,Computer Peripherals,9.210440366976515,3.1637858585502405,0,1,0,10.611991216416763
4.6,0,1,0,0,0.0,0,0,0,0,1,0,"Office Supplies, Ink & Toner",9.210440366976515,4.481758841072857,0,0,1,8.494947582468917
4.7,0,1,0,0,0.0,0,1,0,0,0,0,"Office Supplies, Ink & Toner",9.210440366976515,4.531523645819793,0,0,1,10.417059401970144
4.7,0,0,0,0,0.12,0,1,0,0,0,0,Other Electronics,0.0,5.831853151340319,0,0,1,9.139810605785655
4.1,0,0,0,0,0.0,0,0,0,0,1,0,Wearables,8.987321812850125,4.5427627258594745,0,0,1,8.568646473005153
4.7,0,1,0,0,0.0,0,1,0,0,0,0,Power & Batteries,10.308985993422082,2.6720775406433925,0,0,1,11.927667409858602
4.5,0,0,1,0,0.0,0,0,0,0,1,0,"Audio, Sound & Recording Gear",9.210440366976515,3.786232999369848,0,1,0,11.403489991270373
4.6,0,0,0,0,0.0,1,0,0,0,0,0,TV & Video Displays,9.210440366976515,4.222444564849416,0,1,0,8.912742634737025
4.7,0,1,0,0,0.23,0,0,0,0,1,0,Storage & Memory Cards,9.210440366976515,3.295466427029913,0,0,1,12.300077428219764
4.6,0,1,0,0,0.0,0,1,0,0,0,0,Storage & Memory Cards,9.210440366976515,2.659559991941776,0,1,0,12.184843901813206
4.3,0,1,0,0,0.0,0,0,0,0,1,0,"Office Supplies, Ink & Toner",9.90353755128617,3.208421366964342,0,1,0,10.520077610373916
4.7,0,0,0,0,0.0,0,0,0,0,1,0,"Office Supplies, Ink & Toner",8.853808274977197,4.996468754178678,0,0,1,7.994969522697877
4.4,0,1,0,0,0.27,0,0,0,0,1,0,TV & Video Displays,9.105090961257083,5.017213609456379,0,0,1,7.004881989712859
4.7,0,0,1,0,0.0,0,0,0,0,1,0,"Office Supplies, Ink & Toner",9.210440366976515,3.634687225030509,0,0,1,10.236525326708708
4.4,0,1,1,0,0.3,0,0,0,0,1,0,Networking,9.105090961257083,5.30325515557766,0,0,1,9.628853318933604
4.5,0,0,0,0,0.0,0,0,0,0,1,0,"Audio, Sound & Recording Gear",8.853808274977197,5.148250005283415,0,0,1,10.010861040804455
4.9,0,1,0,0,0.22,0,0,0,0,1,0,"Office Supplies, Ink & Toner",9.210440366976515,3.4339872044851463,0,0,1,9.20331575703922
4.6,0,1,1,0,0.0,0,0,0,0,1,0,Power & Batteries,10.59665973278358,2.0781907597781832,0,1,0,10.161418929336
4.7,0,0,0,0,0.0,0,0,0,0,1,0,"Office Supplies, Ink & Toner",9.210440366976515,3.804215052793841,0,0,1,10.603684822708557
4.6,0,0,0,0,0.0,0,0,0,0,1,0,Computer Peripherals,9.210440366976515,4.103799720992856,0,0,1,9.89358872035688
4.4,0,0,1,0,0.0,0,0,0,0,1,0,Computer Peripherals,9.210440366976515,3.850360345036039,0,0,1,7.455876687491824
4.7,0,1,0,0,0.0,0,1,0,0,0,0,Power & Batteries,9.90353755128617,2.9172300453990334,0,0,1,11.767699457606936
4.7,0,1,0,0,0.0,0,1,0,0,0,0,"Office Supplies, Ink & Toner",10.308985993422082,2.046401687601636,0,1,0,11.650371684649832
4.6,0,0,1,0,0.0,0,0,0,0,1,0,"Office Supplies, Ink & Toner",9.210440366976515,3.291754470280773,0,1,0,10.406563222842058
4.5,0,1,0,0,0.0,0,0,0,0,1,0,"Chargers, Adapters & Cables",9.210440366976515,3.190064743014081,0,0,1,7.683403681053826
4.6,0,1,0,0,0.2,0,0,0,0,1,0,Storage & Memory Cards,9.210440366976515,4.875120984409557,0,0,1,11.301624018332609
4.7,0,0,1,0,0.0,0,0,0,0,1,0,"Office Supplies, Ink & Toner",9.210440366976515,4.1726935286330775,0,0,1,9.470625553571011
4.2,1,1,0,1,0.0,0,0,0,0,1,0,Laptops,3.9318256327243257,5.438079308923196,0,0,1,4.248495242049359
4.7,0,1,0,0,0.0,0,1,0,0,0,0,"Office Supplies, Ink & Toner",10.308985993422082,2.543175557911976,0,1,0,11.641679212803854
4.5,0,0,0,0,0.0,0,0,0,0,1,0,Other Electronics,8.699681400989514,5.4845894430863416,0,0,1,9.586308009295324
4.8,0,1,0,0,0.06,0,0,0,0,1,0,Power & Batteries,9.90353755128617,2.995232148512309,0,0,1,11.599194900122404
4.7,0,0,1,0,0.0,0,0,0,0,1,0,"Office Supplies, Ink & Toner",9.210440366976515,4.246922577489038,0,0,1,9.83617184525126
4.7,0,0,0,0,0.0,0,0,0,0,1,0,"Office Supplies, Ink & Toner",9.90353755128617,3.3975239762958465,0,1,0,11.120090262762083
4.7,0,1,0,0,0.3,0,1,0,0,0,0,Storage & Memory Cards,9.90353755128617,2.6623552418400807,0,1,0,11.40185981706137
4.6,0,1,1,0,0.09,0,0,0,0,1,0,Power & Batteries,10.59665973278358,2.173614711697085,0,1,0,9.810330054049878
4.7,0,0,0,0,0.0,0,0,0,0,1,0,Tablets & E-readers (DEVICES ONLY),9.210440366976515,4.362078996864185,0,0,1,11.451645628547578
4.7,0,0,0,0,0.0,0,0,0,0,1,0,"Office Supplies, Ink & Toner",8.853808274977197,4.9550521095192215,0,0,1,6.309918278226516
4.6,0,1,0,0,0.1,0,0,0,0,1,0,"Office Supplies, Ink & Toner",8.853808274977197,5.111987788356544,0,0,1,8.249836485425702
4.7,0,1,0,0,0.0,0,0,0,0,1,0,"Office Supplies, Ink & Toner",9.210440366976515,3.968781339246755,0,0,1,8.2987883944492
4.5,0,0,0,0,0.08,0,0,0,0,1,0,"Audio, Sound & Recording Gear",8.006700845440367,6.579251212010101,1,0,0,8.485083137498004
4.6,0,0,0,0,0.0,0,1,0,0,0,0,"Audio, Sound & Recording Gear",8.853808274977197,5.991464547107982,0,0,1,9.780585185434791
4.7,0,0,1,0,0.0,0,0,0,0,1,0,Computer Peripherals,8.006700845440367,5.953061499575036,1,0,0,7.331714969726466
3.6,0,1,1,0,0.3,0,0,0,0,1,0,"Office Supplies, Ink & Toner",8.699681400989514,5.706744749451314,0,0,1,7.788211557847076
4.7,0,1,0,0,0.48,0,1,0,0,0,0,Networking,9.210440366976515,3.2577118486533987,0,1,0,11.799569498846337
4.6,0,1,0,0,0.13,0,0,0,0,1,0,"Office Supplies, Ink & Toner",8.699681400989514,5.170483995038151,0,0,1,9.099743950634156
4.0,0,1,1,0,0.13,0,0,0,0,1,0,"Office Supplies, Ink & Toner",8.517393171418904,5.707077041605631,0,0,1,8.41803561988302
4.8,0,1,0,0,0.17,0,0,0,0,1,0,"Office Supplies, Ink & Toner",9.210440366976515,3.258096538021482,0,1,0,10.005592775473282
4.4,0,1,0,0,0.0,0,0,0,0,1,0,"Audio, Sound & Recording Gear",8.294299608857235,6.107022887742255,1,0,0,6.584791392385716
4.8,0,1,0,0,0.0,0,0,0,0,1,0,"Chargers, Adapters & Cables",9.210440366976515,2.410542234499138,0,1,0,10.675584536074474
4.2,0,1,1,0,0.0,1,0,0,0,0,0,Laptops,8.987321812850125,4.393955205539156,0,1,0,10.56905796532584
4.6,0,1,1,0,0.26,0,0,0,0,1,0,"Office Supplies, Ink & Toner",9.210440366976515,4.3694478524670215,0,0,1,10.252452853404808
4.4,0,1,0,1,0.38,0,0,0,0,1,0,Networking,9.210440366976515,4.3943256902608985,0,0,1,9.782844180013784
4.7,0,0,1,0,0.0,0,0,0,0,1,0,"Office Supplies, Ink & Toner",9.90353755128617,3.173459961337718,0,1,0,11.436897188673688
4.8,0,1,0,0,0.0,0,0,0,0,1,0,"Office Supplies, Ink & Toner",9.210440366976515,3.331847303527362,0,1,0,9.909916840301031
4.6,0,1,1,0,0.57,0,1,0,0,0,0,"Chargers, Adapters & Cables",9.210440366976515,3.177637076851603,0,0,1,9.056139690898885
4.6,1,1,0,0,0.0,0,0,0,0,1,0,"Office Supplies, Ink & Toner",6.90875477931522,3.433664571799657,0,0,1,10.690603103986415
4.7,0,0,1,0,0.0,0,0,0,0,1,0,"Office Supplies, Ink & Toner",9.210440366976515,4.077367938014984,0,0,1,10.242884080674589
4.6,0,0,0,0,0.0,0,0,0,0,1,0,"Audio, Sound & Recording Gear",8.517393171418904,5.43372200355424,0,0,1,9.463120392418698
4.7,0,0,1,0,0.0,0,0,0,0,1,0,"Office Supplies, Ink & Toner",9.210440366976515,4.27513717299578,0,0,1,9.959206041292472
4.2,0,1,1,0,0.0,0,0,0,0,1,0,Printers & Scanners (Hardware),8.294299608857235,6.29156913955832,0,0,1,6.208590026096629
4.8,0,0,0,0,0.0,0,0,0,0,1,0,Small Gadget Accessories (Cases & Protectors),9.210440366976515,4.454231010422805,0,0,1,11.311445553292044
4.7,0,0,0,0,0.0,0,0,0,0,1,0,"Office Supplies, Ink & Toner",8.853808274977197,4.874357275803628,0,0,1,7.979338895262328
4.5,0,1,0,0,0.0,0,0,0,0,1,0,Computer Peripherals,9.210440366976515,2.5641798306825083,0,1,0,11.02679245379461
4.3,0,1,0,0,0.0,0,0,0,0,1,0,Laptops,8.517393171418904,5.165128772304292,0,0,1,7.6953031349635665
4.4,0,1,0,0,0.28,0,0,0,0,1,0,Small Gadget Accessories (Cases & Protectors),8.699681400989514,5.707077041605631,1,0,0,8.810757927026174
4.8,0,1,0,0,0.49,0,0,0,0,1,0,"Office Supplies, Ink & Toner",9.210440366976515,3.238286218388024,0,1,0,9.97469131154246
4.6,0,1,0,0,0.36,1,0,0,0,0,0,Storage & Memory Cards,8.006700845440367,6.089022199452786,1,0,0,7.576609766973037
4.7,0,0,0,0,0.0,0,0,0,0,1,0,"Office Supplies, Ink & Toner",8.987321812850125,4.453067407778134,0,0,1,8.493719835230594
4.6,0,0,0,0,0.0,0,0,0,0,1,0,"Office Supplies, Ink & Toner",9.210440366976515,4.023385473281607,0,0,1,9.964817807687734
4.7,0,1,0,0,0.44,0,0,0,0,1,0,Storage & Memory Cards,8.853808274977197,4.142975983633837,0,0,1,9.33078652505205
4.8,0,1,0,0,0.4,0,1,0,0,0,0,"Office Supplies, Ink & Toner",9.90353755128617,2.8981194446869907,0,1,0,9.882825556088031
4.8,0,0,0,0,0.0,0,0,0,0,1,0,Power & Batteries,10.308985993422082,2.5641798306825083,0,0,1,11.791011643748565
4.6,0,1,0,0,0.0,0,0,0,0,1,0,"Audio, Sound & Recording Gear",7.601402334583733,6.876264611890766,1,0,0,8.272826003650401
4.8,0,1,0,0,0.0,0,0,0,0,1,0,Power & Batteries,9.90353755128617,2.8898160479624417,0,0,1,11.390294446813996
4.7,0,1,0,0,0.34,0,0,0,0,1,0,Storage & Memory Cards,9.105090961257083,4.595018834931716,0,0,1,8.152198015861787
4.8,0,1,0,0,0.25,0,0,0,0,1,0,Power & Batteries,9.210440366976515,3.1346242724206097,0,0,1,10.40289827348682
4.6,0,1,0,0,0.0,0,0,0,0,1,0,Computer Peripherals,9.210440366976515,2.0476928433652555,0,1,0,11.388302842575328
4.3,0,1,1,0,0.25,0,0,0,0,1,0,Wearables,8.699681400989514,5.30305612089521,0,0,1,9.672689782285058
4.8,0,1,0,0,0.11,0,0,0,0,1,0,Power & Batteries,9.210440366976515,2.995232148512309,0,0,1,10.439512977323862
4.4,0,1,0,0,0.0,0,0,0,0,1,0,Other Electronics,9.210440366976515,3.71284009155878,0,1,0,9.740262491433162
3.9,0,1,0,0,0.38,0,0,0,0,1,0,"Office Supplies, Ink & Toner",9.210440366976515,4.477223171657469,0,0,1,10.332343613434867
4.6,0,1,0,0,0.0,0,0,0,0,1,0,"Office Supplies, Ink & Toner",9.210440366976515,4.110709916308365,0,0,1,8.131236549696116
4.6,0,0,1,0,0.0,0,0,0,0,1,0,Tablets & E-readers (DEVICES ONLY),0.0,5.19844178112078,0,0,1,9.268892258925796
4.6,0,0,1,0,0.0,0,0,0,0,1,0,Small Gadget Accessories (Cases & Protectors),9.210440366976515,2.740194654428777,0,1,0,9.003931019653137
4.8,0,0,0,0,0.0,0,0,0,0,1,0,"Office Supplies, Ink & Toner",8.294299608857235,5.023156574649928,0,0,1,7.682482446534506
4.7,0,0,0,0,0.0,0,0,0,0,1,0,"Chargers, Adapters & Cables",9.210440366976515,3.0281994636914926,0,0,1,8.817890200945513
4.8,0,1,0,0,0.11,0,0,0,0,1,0,"Office Supplies, Ink & Toner",9.105090961257083,3.425239376142393,0,0,1,8.460834457746854
4.7,0,1,0,0,0.18,0,0,0,0,1,0,Cameras & Photography,9.210440366976515,3.433664571799657,0,1,0,10.22694691636343
4.7,0,0,0,0,0.0,0,0,0,0,1,0,Small Gadget Accessories (Cases & Protectors),8.517393171418904,4.709079649378603,0,0,1,10.9425090597906
4.3,0,0,0,0,0.0,0,0,0,0,1,0,TV & Video Displays,8.006700845440367,5.511491386824756,0,0,1,6.049733455231958
4.7,0,1,0,0,0.0,0,0,0,0,1,0,"Office Supplies, Ink & Toner",8.517393171418904,4.736110725248687,0,0,1,5.697093486505405
4.4,0,0,0,0,0.0,0,1,0,0,0,0,Networking,8.294299608857235,5.19295685089021,0,0,1,6.612041034833092
4.1,0,1,1,0,0.0,1,0,0,0,0,0,Printers & Scanners (Hardware),8.294299608857235,5.19844178112078,0,0,1,7.463363045520021
4.8,0,1,0,0,0.11,0,1,0,0,0,0,PC Components,8.853808274977197,4.4996985530458575,0,1,0,9.741027444837728
4.4,0,0,1,0,0.0,0,0,0,0,1,0,"Audio, Sound & Recording Gear",9.210440366976515,3.2607852279454104,0,1,0,9.37644785490711
4.6,0,1,0,0,0.21,0,1,0,0,0,0,"Office Supplies, Ink & Toner",8.853808274977197,3.756771720156855,0,0,1,9.964488574093528
4.6,0,0,0,0,0.1,0,0,0,0,1,0,PC Components,7.601402334583733,6.415080592425549,0,0,1,7.113956109566034
4.8,0,1,0,1,0.25,0,0,0,0,1,0,Small Gadget Accessories (Cases & Protectors),9.90353755128617,2.4595888418037104,0,1,0,10.1899814193511
4.6,0,1,0,0,0.35,0,0,0,0,1,0,Storage & Memory Cards,9.210440366976515,3.5260663637080247,0,0,1,9.584246011176582
4.6,0,1,0,0,0.07,0,0,0,0,1,0,"Office Supplies, Ink & Toner",9.210440366976515,3.1350593387750902,0,1,0,9.652972804425788
4.6,0,1,0,0,0.19,0,0,0,0,1,0,Laptops,9.210440366976515,3.4326960487215263,0,1,0,7.664815785285735
4.2,0,1,0,0,0.23,0,0,0,0,1,0,Laptops,8.006700845440367,5.991464547107982,0,0,1,7.127693699347399
4.3,0,1,1,1,0.25,0,0,0,0,1,0,Networking,8.699681400989514,5.30325515557766,0,0,1,8.386856689688234
4.6,0,1,0,0,0.06,0,0,0,0,1,0,"Office Supplies, Ink & Toner",9.210440366976515,2.9439125248241944,0,1,0,9.431081038674082
4.4,0,1,0,0,0.26,0,0,0,0,1,0,"Audio, Sound & Recording Gear",9.210440366976515,2.39698576841553,0,1,0,9.713113662551343
4.7,0,0,1,0,0.0,0,0,0,0,1,0,"Office Supplies, Ink & Toner",9.210440366976515,3.847804433101495,0,0,1,10.272323253821504
4.8,0,1,0,0,0.25,0,0,0,0,1,0,Power & Batteries,10.308985993422082,2.0268315914075385,0,1,0,8.997889450200717
4.2,0,1,0,0,0.23,0,0,0,0,1,0,Cameras & Photography,8.699681400989514,4.875120984409557,0,0,1,8.20303024171486
4.6,0,1,0,0,0.21,0,0,0,0,1,0,"Office Supplies, Ink & Toner",8.853808274977197,4.18737942818929,0,0,1,6.236369590203704
4.8,0,1,0,0,0.0,0,1,0,0,0,0,Small Gadget Accessories (Cases & Protectors),9.210440366976515,2.771963526845863,0,1,0,11.03083306002711
4.6,0,1,0,0,0.34,1,0,0,0,0,0,TV & Video Displays,8.294299608857235,4.948547101782834,0,0,1,9.560081331311986
4.4,0,1,1,0,0.12,0,1,0,0,0,0,Smart Home & Security,9.210440366976515,3.2577118486533987,0,1,0,10.5477333127379
4.5,0,1,0,0,0.0,0,0,0,0,1,0,"Office Supplies, Ink & Toner",7.601402334583733,5.6629257573108935,0,0,1,6.19644412779452
4.7,0,1,0,0,0.12,0,0,0,0,1,0,TV & Video Displays,8.294299608857235,5.075173815233827,0,0,1,10.119284181187284
4.4,0,1,0,0,0.18,0,0,0,0,1,0,TV & Video Displays,8.294299608857235,4.795707897553386,0,0,1,6.267200548541362
4.3,0,0,0,0,0.0,0,0,0,0,1,0,Computer Peripherals,8.699681400989514,4.602566800117977,0,0,1,8.114025442356757
4.5,0,0,0,0,0.0,0,0,0,0,1,0,Computer Peripherals,8.006700845440367,5.17042717524212,0,0,1,8.967886572127473
4.5,0,0,0,0,0.0,0,0,0,0,1,0,Computer Peripherals,8.294299608857235,4.665888921022797,0,0,1,8.936166649549195
4.2,0,1,0,0,0.0,0,0,0,0,1,0,Laptops,7.601402334583733,6.263379214791168,0,0,1,6.473890696352274
4.4,0,1,0,0,0.12,0,0,0,0,1,0,Power & Batteries,9.210440366976515,2.503073953743449,0,0,1,12.03113575484698
4.7,0,0,1,0,0.0,0,0,0,0,1,0,"Office Supplies, Ink & Toner",8.853808274977197,4.187986684925728,0,0,1,9.754291246174
4.5,0,0,0,0,0.0,0,0,0,0,1,0,"Chargers, Adapters & Cables",9.210440366976515,3.3840512228271846,0,0,1,8.026496938945412
4.6,0,1,0,0,0.08,0,0,0,0,1,0,"Office Supplies, Ink & Toner",9.105090961257083,3.610647605844363,0,0,1,11.152342896200478
4.3,0,0,0,0,0.0,0,0,0,0,1,0,TV & Video Displays,8.006700845440367,5.556828061699537,0,0,1,9.458995712459116
4.7,0,1,0,0,0.0,0,0,0,0,1,0,Storage & Memory Cards,8.987321812850125,4.330601752681694,0,0,1,11.480970293728678
4.3,0,1,0,0,0.0,0,0,0,0,1,0,Smart Home & Security,8.294299608857235,5.187329938358409,0,0,1,6.3818160174060985
4.7,0,1,0,0,0.0,0,0,0,0,1,0,Storage & Memory Cards,8.987321812850125,3.5550623063795967,0,0,1,10.776661993336656
4.2,0,1,0,0,0.0,0,0,0,0,1,0,Laptops,7.601402334583733,6.028254423554833,0,0,1,7.21081845347222
4.4,0,1,0,0,0.28,0,1,0,0,0,0,PC Components,9.210440366976515,3.0440461338325417,0,1,0,10.615824427489214
4.5,0,1,0,0,0.0,0,0,0,0,1,0,"Office Supplies, Ink & Toner",8.517393171418904,4.110709916308365,0,0,1,5.937536205082426
4.7,0,1,0,0,0.0,0,0,0,0,1,0,Wearables,8.006700845440367,5.521460917862246,0,0,1,7.110696122978827
4.4,0,1,1,0,0.33,0,0,0,0,1,0,Computer Peripherals,8.987321812850125,4.110709916308365,0,0,1,10.034164876177744
4.6,0,0,0,0,0.0,0,0,0,0,1,0,"Office Supplies, Ink & Toner",8.517393171418904,4.573576314396913,0,0,1,9.792835282432533
4.5,0,0,1,0,0.0,0,0,0,0,1,0,Networking,8.294299608857235,5.280611539429104,0,0,1,9.216223035134336
4.6,0,0,0,0,0.0,0,0,0,0,1,0,"Office Supplies, Ink & Toner",8.294299608857235,3.4008639927609177,0,1,0,8.980801413573113
4.8,0,0,1,0,0.0,0,0,0,0,1,0,Other Electronics,8.853808274977197,3.827553848801696,0,1,0,8.972463821059907
4.5,0,1,0,0,0.0,0,0,0,0,1,0,Wearables,8.853808274977197,4.027848570933736,0,0,1,8.53089883847235
4.3,0,1,0,0,0.3,0,0,0,0,1,0,Wearables,8.517393171418904,4.6150215020384655,0,0,1,8.732304571033183
4.6,0,1,0,0,0.0,0,0,0,0,1,0,Storage & Memory Cards,9.210440366976515,2.771963526845863,0,1,0,10.177476297855906
4.6,1,1,0,0,0.39,0,1,0,0,0,0,"Chargers, Adapters & Cables",9.210440366976515,3.366950942933564,0,0,1,9.232395362757014
4.6,0,0,0,0,0.0,0,0,0,0,1,0,"Office Supplies, Ink & Toner",8.699681400989514,4.240607069200353,0,0,1,9.302919553269277
4.8,0,0,0,0,0.0,0,1,0,0,0,0,Small Gadget Accessories (Cases & Protectors),9.210440366976515,2.771963526845863,0,1,0,11.741247584324867
4.6,0,0,0,0,0.0,0,0,0,0,1,0,"Office Supplies, Ink & Toner",8.853808274977197,4.141387168555412,0,0,1,8.124743020385568
4.8,0,0,1,0,0.0,0,0,0,0,1,0,Small Gadget Accessories (Cases & Protectors),8.699681400989514,3.931629535067065,0,0,1,8.402231172946555
4.4,1,1,0,0,0.35,0,0,0,0,1,0,Computer Peripherals,0.0,5.017213609456379,0,0,1,4.941642422609304
4.7,0,0,0,0,0.0,0,0,0,0,1,0,PC Components,8.006700845440367,5.707077041605631,0,0,1,8.373553741214627
4.5,0,1,0,0,0.12,0,0,0,0,1,0,"Office Supplies, Ink & Toner",9.105090961257083,3.366950942933564,0,1,0,9.938951216811695
4.6,0,0,1,0,0.0,0,0,0,0,1,0,TV & Video Displays,7.601402334583733,4.8735929835010605,0,0,1,10.139073376740225
4.6,0,1,0,0,0.0,0,1,0,0,0,0,"Chargers, Adapters & Cables",8.006700845440367,5.241747015059643,1,0,0,5.564520407322694
4.8,0,1,0,0,0.36,0,0,0,0,1,0,Power & Batteries,9.210440366976515,3.1346242724206097,0,0,1,10.04246657981758
3.9,0,0,1,0,0.0,0,0,0,0,1,0,"Office Supplies, Ink & Toner",8.517393171418904,4.384398818818937,0,0,1,8.36474106822456
4.3,0,1,0,0,0.17,0,1,0,0,0,0,Mobile Cell Phones & Smartphones,8.853808274977197,4.110053855927281,0,0,1,10.324990038341916
4.6,0,0,1,0,0.25,0,0,0,0,1,0,Computer Peripherals,9.210440366976515,2.8326249356838407,0,1,0,9.895908907012576
4.6,0,1,0,0,0.0,0,0,0,0,1,0,"Office Supplies, Ink & Toner",8.699681400989514,4.441356300749876,0,0,1,7.900266036767701
4.7,0,1,0,0,0.0,0,0,0,0,1,0,"Office Supplies, Ink & Toner",8.987321812850125,3.806440242853081,0,0,1,10.290245433178596
4.3,0,1,1,0,0.0,0,0,0,0,1,0,Wearables,9.210440366976515,2.876948737564024,0,1,0,10.54220494610679
4.2,0,1,0,0,0.55,0,0,0,0,1,0,Computer Peripherals,8.006700845440367,5.442374419541463,0,0,1,6.765038976780541
4.2,0,0,1,0,0.0,0,0,0,0,1,0,Smart Home & Security,8.006700845440367,5.101876601193199,0,0,1,7.430114138561801
4.6,0,1,1,0,0.14,0,0,0,0,1,0,Computer Peripherals,8.294299608857235,4.262539022051294,0,0,1,8.091933455979893
4.2,0,1,0,0,0.0,0,1,0,0,0,0,Networking,8.294299608857235,5.135798437050262,0,0,1,9.89998141320684
4.4,0,1,0,0,0.27,0,0,0,0,1,0,Mobile Cell Phones & Smartphones,8.517393171418904,4.330601752681694,0,0,1,7.013915474810528
4.6,0,1,0,0,0.0,0,0,0,0,1,0,Storage & Memory Cards,8.517393171418904,4.795707897553386,0,0,1,8.81269461292015
4.4,0,1,0,0,0.13,0,0,0,0,1,0,Cameras & Photography,8.006700845440367,5.017213609456379,0,0,1,8.371010681238156
4.4,0,1,1,0,0.24,0,0,0,0,1,0,Networking,7.601402334583733,6.311716660167896,1,0,0,8.914760527397261
4.5,0,1,0,0,0.33,0,1,0,0,0,0,Computer Peripherals,9.210440366976515,2.771963526845863,0,1,0,9.837721611760507
4.6,0,1,0,0,0.1,1,0,0,0,0,0,Cameras & Photography,8.517393171418904,4.355297574931857,0,0,1,5.942799375126701
4.7,0,1,0,0,0.0,0,0,0,0,1,0,Power & Batteries,9.90353755128617,1.885553348514416,0,1,0,10.445143015094558
4.0,0,1,1,0,0.31,0,0,0,0,1,0,Printers & Scanners (Hardware),8.517393171418904,4.69125613490122,0,1,0,9.513772754519197
4.7,0,0,0,0,0.0,0,0,0,0,1,0,Power & Batteries,9.90353755128617,2.1029138978649784,0,1,0,9.50061907027523
4.6,0,1,0,0,0.0,0,1,0,0,0,0,TV & Video Displays,8.517393171418904,4.543294782270004,0,0,1,4.875197323201151
4.8,0,0,0,0,0.0,0,0,0,0,1,0,"Chargers, Adapters & Cables",9.105090961257083,3.2824138456721883,0,0,1,9.419141561574516
4.4,0,1,1,0,0.0,0,0,0,0,1,0,Smart Home & Security,9.105090961257083,3.610377225958979,0,1,0,8.956222016362542
4.7,0,1,0,0,0.21,0,0,0,0,1,0,Power & Batteries,8.987321812850125,3.218075504697432,0,0,1,9.176990392294629
4.4,0,1,1,1,0.0,0,0,0,0,1,0,Networking,8.699681400989514,4.5107496103686,0,0,1,9.271811694064285
4.7,0,1,0,0,0.0,0,0,0,0,1,0,"Chargers, Adapters & Cables",9.210440366976515,2.725890119230541,0,0,1,10.63323181522976
4.6,0,0,0,0,0.0,1,0,0,0,0,0,"Office Supplies, Ink & Toner",8.006700845440367,5.164728829433656,0,0,1,7.567862605463882
4.7,0,0,0,0,0.0,0,0,0,0,1,0,"Office Supplies, Ink & Toner",7.601402334583733,5.467595898370036,0,0,1,7.503840746698951
4.8,0,1,0,0,0.3,0,0,0,0,1,0,Power & Batteries,8.987321812850125,3.331489969237335,0,0,1,8.412943170042439
4.5,0,1,0,0,0.0,0,0,0,0,1,0,TV & Video Displays,8.853808274977197,3.58324112209094,0,1,0,10.992217841349786
3.8,0,0,0,0,0.0,0,0,0,0,1,0,Wearables,7.601402334583733,5.438079308923196,0,0,1,9.0432226489245
4.7,0,0,0,0,0.0,0,0,0,0,1,0,"Office Supplies, Ink & Toner",7.601402334583733,5.726489377191272,0,0,1,7.136483208590247
4.6,0,0,0,0,0.23,0,0,0,0,1,0,Storage & Memory Cards,9.210440366976515,2.63834278867739,0,1,0,7.571473648851271
4.5,0,1,1,0,0.0,0,0,0,0,1,0,Computer Peripherals,9.210440366976515,2.763169500323289,0,1,0,7.683403681053826
4.4,0,1,0,0,0.2,0,0,0,0,1,0,Small Gadget Accessories (Cases & Protectors),9.210440366976515,3.2573270112424533,0,0,1,8.148445666243235
4.7,0,0,1,0,0.0,0,0,0,0,1,0,"Office Supplies, Ink & Toner",8.517393171418904,4.232511029605105,0,0,1,10.072343858376511
4.5,0,0,0,0,0.0,0,0,0,0,1,0,Wearables,8.006700845440367,4.874815570953721,0,0,1,10.45004704825323
4.0,0,1,1,0,0.11,0,0,0,0,1,0,"Office Supplies, Ink & Toner",8.294299608857235,5.252221070655064,0,0,1,8.20685642839965
4.3,0,1,0,0,0.29,0,0,0,0,1,0,Laptops,8.006700845440367,5.673288902319859,0,0,1,6.879355804460439
4.4,0,1,0,0,0.33,0,0,0,0,1,0,Mobile Cell Phones & Smartphones,9.210440366976515,3.433664571799657,0,1,0,8.224699561967235
4.5,0,0,0,0,0.0,0,0,0,0,1,0,Computer Peripherals,8.853808274977197,3.1742967814702334,0,1,0,9.423271958213975
4.6,0,1,0,0,0.08,0,0,0,0,1,0,Cameras & Photography,8.699681400989514,3.663305202994506,0,1,0,5.971261839790462
4.5,0,1,0,0,0.0,0,0,0,0,1,0,"Audio, Sound & Recording Gear",7.601402334583733,6.1092475827643655,1,0,0,7.163946684342547
4.4,0,1,0,0,0.0,0,0,0,0,1,0,Computer Peripherals,7.601402334583733,5.66988092298052,0,0,1,8.800113946766308
4.8,0,1,0,0,0.35,0,0,0,0,1,0,Power & Batteries,9.210440366976515,2.882563575448353,0,0,1,8.910585718290132
4.8,0,1,0,0,0.36,0,0,0,0,1,0,PC Components,8.294299608857235,4.890273937425072,0,0,1,8.099554282376364
4.4,0,1,0,0,0.0,0,0,0,0,1,0,Computer Peripherals,8.006700845440367,4.912581353620868,0,0,1,5.971261839790462
4.4,0,0,1,0,0.0,0,0,0,0,1,0,Wearables,6.90875477931522,5.993911550751034,0,0,1,6.612041034833092
4.3,0,0,0,0,0.0,0,0,0,0,1,0,Smart Home & Security,0.0,4.912507816098313,0,0,1,3.258096538021482
4.6,0,1,0,0,0.0,0,0,0,0,1,0,"Office Supplies, Ink & Toner",8.517393171418904,4.135006543940991,0,0,1,7.581719640125308
4.6,0,1,1,0,0.06,0,0,0,0,1,0,Storage & Memory Cards,9.210440366976515,2.9439125248241944,0,1,0,8.85907931788153
4.8,0,0,0,0,0.0,0,0,0,0,1,0,"Office Supplies, Ink & Toner",8.006700845440367,4.947979444065186,0,0,1,7.258412150595307
4.5,0,1,0,0,0.16,0,0,0,0,1,0,Wearables,6.90875477931522,5.525413097700675,0,0,1,8.38548870041881
4.7,0,1,0,0,0.0,0,0,0,0,1,0,"Office Supplies, Ink & Toner",9.210440366976515,2.3263016196113617,0,1,0,9.472550778454297
4.6,0,1,0,0,0.11,0,1,0,0,0,0,Storage & Memory Cards,8.006700845440367,4.912581353620868,0,0,1,11.530313414571456
4.7,0,1,0,0,0.0,0,0,0,0,1,0,Storage & Memory Cards,8.517393171418904,4.114637265489863,0,0,1,11.497649377417712
4.2,0,1,1,0,0.0,0,0,0,0,1,0,Printers & Scanners (Hardware),8.294299608857235,4.912581353620868,0,1,0,7.083387847625295
4.6,0,1,0,0,0.21,0,0,0,0,1,0,PC Components,8.294299608857235,4.983538126211888,0,0,1,8.427049641563272
4.2,1,1,0,0,0.14,1,0,0,0,0,0,Computer Peripherals,3.9318256327243257,4.5107496103686,0,0,1,7.694392802629421
3.9,1,1,0,0,0.3,0,0,0,0,1,0,Computer Peripherals,0.0,4.3943256902608985,0,0,1,6.274762021241939
4.7,0,0,0,0,0.0,1,0,0,0,0,0,"Office Supplies, Ink & Toner",8.294299608857235,4.380650688493951,0,0,1,6.126869184114185
4.5,0,1,1,0,0.0,0,0,0,0,1,0,"Office Supplies, Ink & Toner",8.853808274977197,3.5530597309714014,0,0,1,6.645090969505644
4.6,0,0,0,0,0.0,0,0,0,0,1,0,TV & Video Displays,8.006700845440367,5.19295685089021,0,0,1,6.431331081933479
3.8,0,1,1,0,0.35,0,0,0,0,1,0,Wearables,8.006700845440367,5.802088163440325,0,0,1,8.469052816088302
4.6,0,1,0,0,0.1,0,0,0,0,1,0,"Audio, Sound & Recording Gear",7.601402334583733,5.857933154483459,0,0,1,8.021256180143997
4.4,0,1,0,0,0.0,0,1,0,0,0,0,Computer Peripherals,9.210440366976515,2.863913698933143,0,1,0,11.232523494815736
4.8,0,1,0,0,0.0,0,0,0,0,1,0,"Office Supplies, Ink & Toner",9.210440366976515,2.8326249356838407,0,1,0,10.4341158035983
4.6,0,0,1,0,0.0,0,0,0,0,1,0,Small Gadget Accessories (Cases & Protectors),8.517393171418904,3.607940511608584,0,0,1,9.376701909191407
4.6,0,0,0,0,0.0,0,0,0,0,1,0,Tablets & E-readers (DEVICES ONLY),8.294299608857235,4.458640393292194,0,0,1,8.047509510981422
4.7,0,0,0,0,0.0,0,0,0,0,1,0,"Office Supplies, Ink & Toner",8.699681400989514,4.187986684925728,0,0,1,10.105325748023002
4.6,0,1,0,0,0.35,0,0,0,0,1,0,Cameras & Photography,8.006700845440367,5.30325515557766,0,0,1,9.764053056544553
4.7,0,0,0,0,0.14,0,0,0,0,1,0,TV & Video Displays,8.853808274977197,3.5260663637080247,0,1,0,9.47677327138879
4.8,0,0,0,0,0.0,0,0,0,0,1,0,"Office Supplies, Ink & Toner",7.601402334583733,5.645058129503191,0,0,1,5.613128106388071
4.3,0,1,0,0,0.0,0,0,0,0,1,0,Networking,8.006700845440367,4.9486889658772695,0,0,1,8.382747094863314
4.7,0,1,0,0,0.0,0,0,0,0,1,0,Networking,9.105090961257083,3.1350593387750902,0,1,0,10.646519536025073
4.3,0,0,0,0,0.0,0,0,0,0,1,0,Computer Peripherals,8.006700845440367,3.9828541861887374,0,0,1,7.969011781106478
4.5,0,0,0,0,0.0,0,1,0,0,0,0,PC Components,8.006700845440367,5.0072963928307415,0,0,1,7.516433302915632
4.8,0,1,0,0,0.11,0,0,0,0,1,0,Power & Batteries,8.987321812850125,2.995232148512309,0,0,1,10.378261037909615
4.6,1,1,0,0,0.12,0,0,0,0,1,0,"Audio, Sound & Recording Gear",7.601402334583733,4.605170185988092,0,0,1,8.021256180143997
4.8,0,0,1,0,0.0,0,0,0,0,1,0,"Chargers, Adapters & Cables",9.210440366976515,2.5641798306825083,0,1,0,9.694000327669404
4.8,0,1,0,0,0.26,0,0,0,0,1,0,Laptops,8.006700845440367,4.663344750039164,0,1,0,8.414495793177895
4.4,0,0,0,0,0.0,0,0,0,0,1,0,Tablets & E-readers (DEVICES ONLY),8.006700845440367,5.135798437050262,0,0,1,9.751501195538246
4.8,0,1,0,0,0.19,0,0,0,0,1,0,Storage & Memory Cards,8.517393171418904,4.262539022051294,0,0,1,8.645234541297121
4.6,0,0,0,0,0.0,0,0,0,0,1,0,Tablets & E-readers (DEVICES ONLY),8.006700845440367,5.088521832753327,0,0,1,7.865955413933502
4.7,1,1,0,0,0.17,0,1,0,0,0,0,"Audio, Sound & Recording Gear",9.210440366976515,5.135798437050262,0,0,1,8.446341450444287
4.3,0,0,1,0,0.0,0,0,0,0,1,0,Printers & Scanners (Hardware),7.601402334583733,5.409814017561712,0,0,1,6.333279628139691
4.4,0,1,1,0,0.0,0,0,0,0,1,0,Printers & Scanners (Hardware),7.601402334583733,5.5834587140900656,0,0,1,6.3835066348840055
4.6,0,1,1,0,0.43,0,0,0,0,1,0,Computer Peripherals,8.699681400989514,4.262539022051294,0,0,1,9.036701015565065
4.7,0,0,0,0,0.0,0,0,0,0,1,0,"Chargers, Adapters & Cables",9.210440366976515,2.7459880404426023,0,0,1,10.388256633982335
4.6,0,1,0,0,0.0,0,0,0,0,1,0,TV & Video Displays,8.006700845440367,4.709440107163888,0,0,1,7.193685818395112
3.7,0,1,1,0,0.0,0,0,0,0,1,0,"Office Supplies, Ink & Toner",7.601402334583733,6.065852837111841,1,0,0,6.680854678790215
4.7,0,0,0,0,0.0,0,1,0,0,0,0,Computer Peripherals,8.006700845440367,4.727210811897116,0,0,1,8.60337088765729
4.7,0,1,0,0,0.0,0,0,0,0,1,0,Power & Batteries,9.90353755128617,1.8702625307159984,0,1,0,11.155378712545462
4.4,0,0,0,0,0.0,0,0,0,0,1,0,TV & Video Displays,6.90875477931522,6.0969725518887525,0,0,1,5.683579767338681
4.6,0,1,1,0,0.2,0,0,0,0,1,0,"Chargers, Adapters & Cables",9.210440366976515,2.39698576841553,0,1,0,10.412231010097797
4.8,0,1,1,0,0.0,0,0,0,0,1,0,"Office Supplies, Ink & Toner",9.105090961257083,3.1350593387750902,0,1,0,8.782629654920699
4.8,0,1,0,0,0.39,0,0,0,0,1,0,Storage & Memory Cards,7.601402334583733,5.888850257118181,0,0,1,8.79497643168877
4.7,0,0,1,0,0.0,0,0,0,0,1,0,"Office Supplies, Ink & Toner",8.699681400989514,3.52311998561896,0,0,1,10.001203926042198
4.0,0,1,1,0,0.0,0,0,0,0,1,0,Printers & Scanners (Hardware),8.006700845440367,5.017213609456379,0,1,0,7.118826249062078
4.5,0,1,0,0,0.0,0,0,0,0,1,0,"Office Supplies, Ink & Toner",8.699681400989514,3.7133281345162463,0,0,1,9.94174626465322
4.0,0,0,0,0,0.0,0,0,0,0,1,0,Small Gadget Accessories (Cases & Protectors),6.90875477931522,5.758302225098651,1,0,0,8.087332926473351
4.7,0,1,0,0,0.09,0,0,0,0,1,0,Wearables,8.006700845440367,5.442374419541463,0,0,1,7.590852123688581
4.3,0,1,0,0,0.0,0,1,0,0,0,0,Printers & Scanners (Hardware),7.601402334583733,4.875120984409557,0,1,0,8.62371303479391
4.4,0,1,0,0,0.24,0,0,0,0,1,0,Computer Peripherals,8.006700845440367,4.875120984409557,0,0,1,5.8888779583328805
4.5,0,1,0,0,0.17,0,1,0,0,0,0,"Audio, Sound & Recording Gear",8.006700845440367,5.19844178112078,0,0,1,8.392763113038061
4.1,1,1,0,0,0.29,0,0,0,0,1,0,"Office Supplies, Ink & Toner",9.90353755128617,5.141605075260502,0,0,1,6.113682179832232
3.9,1,1,1,0,0.37,0,0,0,0,1,0,"Office Supplies, Ink & Toner",8.006700845440367,5.602081919829862,0,0,1,7.179307969504034
4.7,0,1,0,0,0.15,0,0,0,0,1,0,PC Components,8.006700845440367,5.3518107389880365,0,0,1,9.353834471614912
4.0,0,1,1,0,0.0,0,0,0,0,1,0,Printers & Scanners (Hardware),8.294299608857235,4.795707897553386,0,1,0,7.052721049232323
4.1,0,0,1,0,0.0,0,0,0,0,1,0,"Office Supplies, Ink & Toner",7.601402334583733,4.9278332273351175,0,0,1,6.363028103540465
4.3,0,1,0,0,0.0,0,0,0,0,1,0,"Office Supplies, Ink & Toner",8.517393171418904,4.109889773557563,0,0,1,10.156384061999686
4.3,0,1,0,0,0.14,0,0,0,0,1,0,Computer Peripherals,8.006700845440367,4.795707897553386,0,0,1,9.567595147779924
4.8,0,1,0,0,0.24,0,0,0,0,1,0,"Office Supplies, Ink & Toner",8.006700845440367,5.218407983319735,0,0,1,7.198931240688173
4.2,0,0,0,0,0.0,0,0,0,0,1,0,Tablets & E-readers (DEVICES ONLY),8.006700845440367,4.681853410759049,0,0,1,4.158883083359672
4.6,0,1,0,0,0.0,0,0,0,0,1,0,"Office Supplies, Ink & Toner",8.294299608857235,4.098004523053588,0,0,1,10.339902081288228
4.4,0,1,0,0,0.0,0,0,0,0,1,0,Computer Peripherals,7.601402334583733,5.27785952464564,0,0,1,6.490723534502507
4.1,0,1,1,0,0.21,0,0,0,0,1,0,Computer Peripherals,7.601402334583733,5.94277312806309,1,0,0,8.803273982501045
3.9,0,1,0,0,0.27,0,0,0,0,1,0,"Office Supplies, Ink & Toner",7.601402334583733,5.564482092412441,0,0,1,8.245121966478605
4.6,0,1,1,0,0.0,0,0,0,0,1,0,"Office Supplies, Ink & Toner",8.294299608857235,3.848444023785275,0,0,1,6.12029741895095
4.2,0,1,1,0,0.0,0,0,0,0,1,0,Cameras & Photography,7.601402334583733,5.1647859739235145,0,0,1,8.83840674707681
4.6,0,0,0,0,0.0,0,1,0,0,0,0,Video Game Consoles & Virtual Reality,0.0,4.110709916308365,0,1,0,11.840155120224509
4.8,0,1,0,0,0.25,0,0,0,0,1,0,Storage & Memory Cards,7.601402334583733,5.53334996225466,0,0,1,9.049349685884057
4.7,0,0,0,0,0.0,0,0,0,0,1,0,Networking,8.987321812850125,2.655352412101761,0,1,0,10.39215958766068
4.8,0,1,0,0,0.07,0,0,0,0,1,0,Storage & Memory Cards,7.601402334583733,5.081342251254203,0,0,1,9.971613381583728
4.2,0,1,0,0,0.0,0,0,0,0,1,0,Laptops,7.601402334583733,5.857933154483459,0,0,1,6.692083742506628
4.1,0,1,0,0,0.32,0,0,0,0,1,0,Wearables,8.294299608857235,4.875120984409557,0,0,1,6.796823718274855
4.7,0,1,0,0,0.0,0,0,0,0,1,0,"Office Supplies, Ink & Toner",8.294299608857235,4.233961566558017,0,0,1,10.272461552061875
4.4,0,1,1,0,0.0,0,0,0,0,1,0,TV & Video Displays,8.294299608857235,4.58445714439055,0,0,1,7.487173694213739
4.5,0,0,0,0,0.0,0,0,0,0,1,0,Smart Home & Security,9.210440366976515,2.301584592660462,0,1,0,8.755264763314685
4.6,0,1,1,0,0.0,0,0,0,0,1,0,"Chargers, Adapters & Cables",9.210440366976515,2.424802725718295,0,1,0,11.745528137404946
4.7,0,1,0,0,0.24,0,0,0,0,1,0,Storage & Memory Cards,8.517393171418904,4.262539022051294,0,0,1,9.664278133535126
4.7,0,1,0,0,0.0,0,0,0,0,1,0,Other Electronics,8.853808274977197,2.883682769745368,0,1,0,8.795430805040018
4.8,0,1,0,0,0.37,0,0,0,0,1,0,PC Components,7.601402334583733,5.991464547107982,0,0,1,7.959275960116396
4.8,0,1,0,0,0.39,0,0,0,0,1,0,Power & Batteries,9.210440366976515,2.744060638625243,0,0,1,10.03701269514112
4.3,0,0,0,0,0.0,0,0,0,0,1,0,Wearables,9.210440366976515,2.138889000323256,0,1,0,10.50701085558772
4.6,0,1,0,0,0.27,0,0,0,0,1,0,"Office Supplies, Ink & Toner",7.601402334583733,5.669811955085048,0,0,1,5.2574953720277815
4.3,0,0,1,0,0.0,0,0,0,0,1,0,Wearables,7.601402334583733,4.906607223672208,0,0,1,6.8679744089702925
4.5,0,0,0,0,0.0,0,0,0,0,1,0,Computer Peripherals,8.006700845440367,5.253372300504868,0,0,1,9.321971188147367
4.7,0,0,1,0,0.0,0,0,0,0,1,0,"Chargers, Adapters & Cables",8.987321812850125,2.8326249356838407,0,0,1,10.950209877616947
3.8,0,1,1,0,0.0,0,0,0,0,1,0,"Audio, Sound & Recording Gear",7.601402334583733,5.19844178112078,0,0,1,8.229777750081887
4.2,0,1,1,0,0.2,0,0,0,0,1,0,Wearables,7.601402334583733,5.525253716100942,0,0,1,8.589513852995864
4.2,0,0,0,0,0.13,0,0,0,0,1,0,Computer Peripherals,7.601402334583733,5.733341276897746,0,0,1,6.104793232414985
4.1,0,1,0,0,0.4,0,0,0,0,1,0,Wearables,8.006700845440367,4.614625344758847,0,0,1,8.842315546841863
4.5,0,1,0,0,0.13,0,0,0,0,1,0,TV & Video Displays,7.601402334583733,5.442287831958068,0,0,1,9.43620023078462
4.1,0,1,0,0,0.0,0,0,0,0,1,0,"Audio, Sound & Recording Gear",7.601402334583733,5.293304824724492,0,0,1,7.43543801981455
4.7,0,1,0,0,0.0,0,0,0,0,1,0,"Office Supplies, Ink & Toner",8.006700845440367,4.330601752681694,0,0,1,5.583496308781699
4.6,0,1,0,0,0.53,0,0,0,0,1,0,Small Gadget Accessories (Cases & Protectors),8.987321812850125,3.7123518102990793,0,0,1,9.990490596157702
4.1,1,1,0,1,0.3,0,0,0,0,1,0,Computer Peripherals,0.0,4.5107496103686,0,0,1,4.343805421853684
4.8,0,1,0,0,0.31,0,0,0,0,1,0,Printers & Scanners (Hardware),8.853808274977197,3.433664571799657,0,1,0,10.758073078973604
4.5,0,1,1,0,0.0,0,0,0,0,1,0,"Office Supplies, Ink & Toner",8.517393171418904,4.246779485265856,0,0,1,9.332380997885208
4.8,1,1,0,0,0.08,0,0,0,0,1,0,TV & Video Displays,0.0,6.552493621597604,0,0,1,2.302585092994046
4.8,0,1,0,0,0.17,0,0,0,0,1,0,Computer Peripherals,7.601402334583733,5.484755438853831,0,0,1,6.144185634125646
4.7,0,1,0,0,0.24,0,1,0,0,0,0,Small Gadget Accessories (Cases & Protectors),9.210440366976515,2.8892600290434745,0,1,0,9.067854723679428
4.3,0,1,0,0,0.15,0,0,0,0,1,0,Mobile Cell Phones & Smartphones,8.517393171418904,4.233961566558017,0,0,1,8.786914938491025
4.7,0,0,1,0,0.27,0,0,0,0,1,0,"Chargers, Adapters & Cables",9.210440366976515,2.39698576841553,0,1,0,10.230919044505193
4.6,0,1,0,0,0.0,0,0,0,0,1,0,"Office Supplies, Ink & Toner",7.601402334583733,5.7037491407673,0,0,1,8.960467760919949
4.6,0,0,0,0,0.0,0,0,0,0,1,0,Video Game Consoles & Virtual Reality,6.90875477931522,6.175846479868856,0,0,1,8.20903626577507
4.6,0,1,0,0,0.25,0,1,0,0,0,0,Laptops,8.987321812850125,3.0440461338325417,0,1,0,10.378478723292902
4.8,0,1,0,0,0.0,0,0,0,0,1,0,Storage & Memory Cards,8.699681400989514,3.447126313550555,0,0,1,9.796236361789152
4.6,0,1,0,0,0.16,0,0,0,0,1,0,"Office Supplies, Ink & Toner",8.699681400989514,3.3624565533457247,0,1,0,10.812169410206767
4.8,0,1,0,0,0.25,0,0,0,0,1,0,Storage & Memory Cards,8.294299608857235,4.3943256902608985,0,0,1,8.756525002926972
4.5,0,1,0,0,0.0,0,0,0,0,1,0,Cameras & Photography,6.90875477931522,6.063785208687608,0,0,1,7.094234845924755
4.5,0,1,0,0,0.08,0,0,0,0,1,0,"Audio, Sound & Recording Gear",6.90875477931522,6.684611727667927,1,0,0,7.482681828154651
4.5,0,1,0,0,0.25,0,0,0,0,1,0,"Office Supplies, Ink & Toner",7.601402334583733,5.602081919829862,0,0,1,4.060443010546419
3.7,0,0,0,0,0.0,0,1,0,0,0,0,TV & Video Displays,6.90875477931522,5.634753888245765,0,0,1,6.952728644624869
4.4,0,1,1,0,0.0,0,0,0,0,1,0,TV & Video Displays,7.601402334583733,5.298317366548036,0,0,1,9.443038136095204
4.3,0,1,0,0,0.22,0,0,0,0,1,0,Wearables,8.294299608857235,5.19844178112078,0,0,1,8.212297138229768
4.7,0,1,0,0,0.12,0,0,0,0,1,0,Storage & Memory Cards,8.517393171418904,3.7133281345162463,0,0,1,7.8050670442584895
4.8,0,0,1,0,0.0,0,0,0,0,1,0,Tablets & E-readers (DEVICES ONLY),6.90875477931522,5.923587124704897,0,0,1,10.405020129390524
4.8,0,1,0,0,0.0,0,0,0,0,1,0,Computer Peripherals,7.601402334583733,4.605170185988092,0,0,1,7.323170717943469
4.8,0,0,0,0,0.0,0,0,0,0,1,0,Networking,8.853808274977197,2.771963526845863,0,1,0,10.248211365355106
4.6,1,1,0,0,0.0,0,0,0,0,1,0,Small Gadget Accessories (Cases & Protectors),8.853808274977197,4.983606621708336,1,0,0,7.717351272185329
3.8,0,1,1,0,0.32,0,0,0,0,1,0,"Office Supplies, Ink & Toner",7.601402334583733,5.463365594671535,0,0,1,7.938802248154481
4.5,1,1,0,0,0.06,0,1,0,0,0,0,Computer Peripherals,8.987321812850125,4.248495242049359,0,0,1,9.216918687336303
4.4,1,1,0,0,0.16,0,0,0,0,1,0,Small Gadget Accessories (Cases & Protectors),8.006700845440367,4.499809670330265,0,0,1,6.833031732786201
4.7,0,1,1,0,0.44,0,0,0,0,1,0,"Chargers, Adapters & Cables",8.699681400989514,3.783962335360629,0,0,1,7.126890808898808
4.5,0,1,0,0,0.0,0,0,0,0,1,0,"Chargers, Adapters & Cables",9.210440366976515,2.4672517145492794,0,1,0,9.955985121493882
4.7,0,1,0,0,0.23,0,0,0,0,1,0,PC Components,6.90875477931522,6.476972362889683,0,0,1,6.395261598115449
4.5,0,1,0,0,0.0,0,0,0,0,1,0,"Office Supplies, Ink & Toner",8.517393171418904,3.8977212207172864,0,0,1,7.61085279039525
4.7,0,1,0,0,0.22,0,0,0,0,1,0,Storage & Memory Cards,9.210440366976515,2.7073833121145063,0,1,0,11.305864394486065
4.7,0,1,0,0,0.0,0,0,0,0,1,0,PC Components,8.006700845440367,4.290459441148391,0,1,0,8.944680683558895
4.4,0,1,1,0,0.06,0,0,0,0,1,0,"Chargers, Adapters & Cables",6.90875477931522,3.49620448524049,0,0,1,6.953684210870537
4.0,0,1,0,0,0.26,0,0,0,0,1,0,"Office Supplies, Ink & Toner",8.006700845440367,4.6150215020384655,0,0,1,4.553876891600541
4.4,0,0,0,0,0.0,0,0,0,0,1,0,"Chargers, Adapters & Cables",7.601402334583733,4.795377237056036,1,0,0,9.301094735244646
4.3,0,1,0,0,0.0,0,0,0,0,1,0,Wearables,8.006700845440367,4.844187086458591,0,0,1,7.341483852363161
4.6,0,1,1,0,0.28,0,0,0,0,1,0,Computer Peripherals,8.699681400989514,3.2577118486533987,0,1,0,8.225770799348734
4.7,0,1,0,0,0.29,0,0,0,0,1,0,Storage & Memory Cards,8.294299608857235,4.564244019375446,0,0,1,11.75776005548638
4.4,0,1,0,0,0.08,0,0,0,0,1,0,Networking,8.294299608857235,4.795707897553386,0,0,1,9.850824899952825
4.8,0,1,0,0,0.21,0,1,0,0,0,0,"Office Supplies, Ink & Toner",9.105090961257083,2.411439497906128,0,1,0,9.488956472414216
4.8,0,1,0,0,0.18,1,0,0,0,0,0,Power & Batteries,9.210440366976515,2.4840729690394228,0,0,1,8.750524669117937
4.3,0,1,0,0,0.29,0,0,0,0,1,0,Networking,8.517393171418904,4.262539022051294,0,1,0,9.213535262872702
4.8,0,0,0,0,0.0,0,0,0,0,1,0,Power & Batteries,9.210440366976515,1.7101878155342434,0,1,0,9.916699884008263
4.5,0,1,0,0,0.17,0,0,0,0,1,0,Storage & Memory Cards,8.006700845440367,5.003879189599248,0,0,1,8.845633256340186
4.2,0,1,1,0,0.0,0,0,0,0,1,0,Small Gadget Accessories (Cases & Protectors),8.987321812850125,3.58324112209094,0,0,1,9.664278133535126
4.4,1,1,0,0,0.0,0,0,0,0,1,0,Wearables,6.90875477931522,4.3943256902608985,0,0,1,7.469654172932128
4.7,0,1,0,0,0.0,0,0,0,0,1,0,"Office Supplies, Ink & Toner",8.699681400989514,3.4654233539614268,0,0,1,8.896861744480391
4.5,1,1,0,0,0.0,0,0,0,0,1,0,Wearables,0.0,3.1350593387750902,0,1,0,3.367295829986474
4.6,0,1,0,0,0.09,0,0,0,0,1,0,PC Components,8.006700845440367,4.709440107163888,0,0,1,8.290794347381356
4.2,1,1,0,0,0.0,0,0,0,0,1,0,"Audio, Sound & Recording Gear",3.9318256327243257,6.621339071651589,1,0,0,5.978885764901122
4.3,0,1,0,0,0.28,0,0,0,0,1,0,Small Gadget Accessories (Cases & Protectors),9.210440366976515,2.9439125248241944,0,1,0,9.567805004029164
4.6,0,1,0,0,0.0,0,0,0,0,1,0,Laptops,8.294299608857235,3.9292733588346738,0,1,0,5.641907070938114
3.4,0,1,1,0,0.24,0,0,0,0,1,0,"Office Supplies, Ink & Toner",6.90875477931522,5.91350300563827,1,0,0,6.366470447731438
4.2,0,0,0,0,0.0,0,0,0,0,1,0,Other Electronics,6.90875477931522,5.817081397615548,0,0,1,8.520388082312756
4.6,0,0,0,0,0.0,0,0,0,0,1,0,Computer Peripherals,9.210440366976515,2.196112848483529,0,1,0,10.614793853711983
4.3,0,0,0,0,0.0,0,0,0,0,1,0,Networking,8.006700845440367,4.572233685741827,0,0,1,6.727431724850855
4.6,0,1,1,0,0.13,0,0,0,0,1,0,Power & Batteries,8.517393171418904,3.5550623063795967,0,0,1,11.290144347968768
4.6,0,0,0,0,0.0,0,0,0,0,1,0,"Chargers, Adapters & Cables",8.294299608857235,3.945264339207948,0,0,1,6.253828811575473
4.7,0,1,0,0,0.16,0,0,0,0,1,0,"Office Supplies, Ink & Toner",8.006700845440367,4.905200701620736,0,0,1,8.331586243630754
4.4,0,1,0,0,0.0,0,0,0,0,1,0,Networking,7.601402334583733,5.393627546352362,0,0,1,5.840641657373398
4.4,0,1,0,0,0.0,0,0,0,0,1,0,Wearables,8.517393171418904,3.5751506887855933,0,1,0,7.321188556739478
4.8,0,1,0,0,0.08,0,0,0,0,1,0,PC Components,7.601402334583733,4.795707897553386,0,0,1,7.8160138391590275
4.8,0,1,0,0,0.0,0,0,0,0,1,0,"Office Supplies, Ink & Toner",7.601402334583733,4.564244019375446,0,0,1,8.202756381655638
4.6,0,1,0,0,0.1,0,0,0,0,1,0,"Office Supplies, Ink & Toner",8.294299608857235,3.931629535067065,0,0,1,8.440312147080279
4.5,0,1,0,0,0.0,0,0,0,0,1,0,Small Gadget Accessories (Cases & Protectors),8.853808274977197,2.9465420293632194,0,1,0,12.138746241856945
4.4,0,1,0,0,0.08,0,0,0,0,1,0,TV & Video Displays,6.90875477931522,5.802088163440325,0,0,1,6.83087423464618
4.8,0,1,0,0,0.0,0,0,0,0,1,0,"Office Supplies, Ink & Toner",8.006700845440367,4.241182857326236,0,0,1,9.657139343577324
4.5,0,1,0,0,0.36,0,0,0,0,1,0,Tablets & E-readers (DEVICES ONLY),7.601402334583733,5.802088163440325,0,0,1,7.9229859587111955
4.5,1,1,0,0,0.0,0,0,0,0,1,0,"Chargers, Adapters & Cables",5.303304908059076,3.58324112209094,0,0,1,4.859812404361672
4.6,1,0,0,1,0.1,1,0,0,0,0,0,Wearables,6.2166061010848646,4.262539022051294,0,0,1,7.487733761436444
4.6,0,1,0,0,0.0,0,0,0,0,1,0,Printers & Scanners (Hardware),6.90875477931522,5.94277312806309,0,0,1,6.984716320118266
4.4,0,1,0,0,0.26,0,0,0,0,1,0,"Audio, Sound & Recording Gear",7.601402334583733,5.081342251254203,0,0,1,9.803667217253915
4.8,0,0,1,0,0.0,1,0,0,0,0,0,Small Gadget Accessories (Cases & Protectors),8.853808274977197,3.7133281345162463,0,0,1,9.61393706902432
4.0,0,1,1,0,0.53,0,0,0,0,1,0,Cameras & Photography,8.006700845440367,5.252221070655064,0,0,1,8.214735833382303
4.0,0,0,1,0,0.0,0,0,0,0,1,0,Printers & Scanners (Hardware),6.90875477931522,6.520606399909744,0,0,1,8.398184404834035
4.3,0,1,0,0,0.0,0,0,0,0,1,0,Wearables,8.006700845440367,4.6150215020384655,0,0,1,5.204006687076795
4.5,0,1,0,0,0.15,0,0,0,0,1,0,Storage & Memory Cards,8.853808274977197,3.331847303527362,0,0,1,11.654251401060664
4.2,0,0,0,0,0.0,0,0,0,0,1,0,Wearables,6.90875477931522,5.625460507880731,0,0,1,8.922658299524402
4.2,0,0,0,0,0.0,0,0,0,0,1,0,Video Game Consoles & Virtual Reality,8.699681400989514,3.091042453358316,0,1,0,9.739202358228273
4.6,0,1,0,0,0.09,0,0,0,0,1,0,Computer Peripherals,6.90875477931522,6.311716660167896,1,0,0,8.25582842728183
4.6,0,0,1,0,0.0,0,0,0,0,1,0,"Audio, Sound & Recording Gear",8.517393171418904,3.931629535067065,0,1,0,10.469908702802991
4.1,0,0,0,0,0.34,0,0,0,0,1,0,Wearables,8.006700845440367,5.496963286261846,0,0,1,9.919852906622392
4.5,0,1,1,0,0.25,0,0,0,0,1,0,Mobile Cell Phones & Smartphones,6.90875477931522,6.684611727667927,1,0,0,6.637258031284457
4.4,0,1,0,0,0.23,0,0,0,0,1,0,PC Components,6.2166061010848646,7.170119543449628,1,0,0,8.640648995343156
4.2,0,0,0,0,0.0,0,0,0,0,1,0,Wearables,8.006700845440367,4.380400312929297,0,0,1,11.35679783225875
4.5,0,1,0,0,0.27,0,0,0,0,1,0,TV & Video Displays,6.90875477931522,4.795542580971757,0,0,1,10.53818430849898
4.3,0,1,0,1,0.3,0,1,0,0,0,0,PC Components,8.699681400989514,3.931629535067065,0,1,0,10.16199824768763
4.6,0,1,1,0,0.19,0,0,0,0,1,0,Power & Batteries,8.294299608857235,3.479392229247212,0,0,1,8.890135107818843
4.6,0,0,0,0,0.0,0,0,0,0,1,0,Tablets & E-readers (DEVICES ONLY),0.0,4.875120984409557,0,0,1,9.000729834944558
4.7,0,1,0,0,0.17,0,0,0,0,1,0,PC Components,8.294299608857235,4.110709916308365,0,1,0,8.635153989049803
4.5,0,0,0,0,0.0,0,0,0,0,1,0,Small Gadget Accessories (Cases & Protectors),7.601402334583733,5.182401336950694,1,0,0,6.70196036600254
4.7,0,0,0,0,0.0,0,0,0,0,1,0,Cameras & Photography,8.853808274977197,3.12324559385295,0,1,0,8.189522110748094
4.7,0,1,0,0,0.04,0,0,0,0,1,0,"Office Supplies, Ink & Toner",8.987321812850125,3.1350593387750902,0,1,0,10.034866630592507
4.7,0,0,0,0,0.0,0,0,0,0,1,0,"Office Supplies, Ink & Toner",8.517393171418904,3.735047134958944,0,0,1,10.228609907961754
4.9,1,1,0,0,0.3,0,0,0,0,1,0,"Chargers, Adapters & Cables",0.0,4.942285073208023,1,0,0,2.302585092994046
4.4,0,1,0,0,0.33,0,0,0,0,1,0,"Office Supplies, Ink & Toner",8.987321812850125,2.5360749363624,0,1,0,9.219101877644755
4.7,0,1,0,0,0.0,0,0,0,0,1,0,TV & Video Displays,9.210440366976515,1.944480556245719,0,1,0,13.224789993384464
4.7,0,1,0,0,0.13,0,0,0,0,1,0,Power & Batteries,8.853808274977197,3.1346242724206097,0,0,1,11.51190494441622
4.6,0,1,0,0,0.13,0,1,0,0,0,0,Computer Peripherals,6.90875477931522,5.99393648933976,1,0,0,7.392647520721623
4.6,0,1,1,0,0.23,0,0,0,0,1,0,"Office Supplies, Ink & Toner",8.517393171418904,3.509453700432007,0,0,1,6.025865973825314
4.2,0,0,1,0,0.0,0,0,0,0,1,0,Printers & Scanners (Hardware),8.006700845440367,4.699024761459715,0,1,0,7.280008252884188
4.3,0,1,0,0,0.45,0,0,0,0,1,0,Computer Peripherals,8.006700845440367,4.709440107163888,0,0,1,10.087640764159053
4.6,0,1,0,0,0.0,0,0,0,0,1,0,Wearables,8.006700845440367,4.595018834931716,0,0,1,7.114769448366463
4.8,0,1,0,0,0.0,0,0,0,0,1,0,"Office Supplies, Ink & Toner",7.601402334583733,5.129839541574732,0,0,1,5.170483995038151
4.1,0,0,0,0,0.0,0,1,0,0,0,0,"Office Supplies, Ink & Toner",8.006700845440367,4.605070180987758,0,0,1,9.270211769013573
4.8,0,1,0,0,0.0,0,1,0,0,0,0,PC Components,9.210440366976515,2.301584592660462,0,1,0,11.122457337867973
4.5,0,1,0,0,0.36,0,0,0,0,1,0,TV & Video Displays,8.006700845440367,5.1589978262986245,0,0,1,8.225770799348734
4.8,0,0,0,0,0.0,1,0,0,0,0,0,"Chargers, Adapters & Cables",8.853808274977197,3.1654750481410856,0,0,1,10.253651344859204
4.8,0,1,0,0,0.0,0,0,0,0,1,0,Power & Batteries,8.517393171418904,3.4333418349887226,0,0,1,9.765316843477462
4.6,0,0,0,0,0.0,0,0,0,0,1,0,Wearables,6.90875477931522,5.303155643188286,0,0,1,8.81996090128606
4.2,0,1,0,0,0.33,0,0,0,0,1,0,Computer Peripherals,8.517393171418904,4.110709916308365,0,0,1,9.45844966930814
4.6,0,1,0,0,0.14,0,0,0,0,1,0,Power & Batteries,9.105090961257083,2.469793011977952,0,0,1,12.23407198000652
4.6,0,1,0,0,0.23,0,0,0,0,1,0,PC Components,6.90875477931522,6.003887067106539,0,0,1,6.198478716492308
4.5,0,0,0,0,0.0,0,0,0,0,1,0,TV & Video Displays,8.294299608857235,4.094511215001422,0,1,0,6.729824070489475
4.6,0,1,0,0,0.12,0,0,0,0,1,0,TV & Video Displays,7.601402334583733,5.141605075260502,0,0,1,9.149634496858788
4.3,0,1,0,0,0.0,0,0,0,0,1,0,PC Components,6.2166061010848646,7.438965713483813,1,0,0,4.7535901911063645
4.8,0,1,0,0,0.0,1,0,0,0,0,0,"Office Supplies, Ink & Toner",7.601402334583733,4.859734881977045,0,0,1,5.068904202220232
4.4,0,1,1,0,0.25,0,0,0,0,1,0,Cameras & Photography,8.294299608857235,3.7133281345162463,0,1,0,9.401704256754366
4.5,0,1,1,0,0.15,0,0,0,0,1,0,Computer Peripherals,8.294299608857235,3.7133281345162463,0,0,1,9.443988555935478
4.4,0,0,0,0,0.0,0,0,0,0,1,0,PC Components,8.006700845440367,4.017823424314358,0,1,0,10.324300937591092
4.0,1,1,0,0,0.0,0,0,0,0,1,0,Computer Peripherals,0.0,4.158726821151369,0,0,1,6.1675164908883415
4.3,0,1,0,0,0.0,0,0,0,0,1,0,Laptops,6.90875477931522,6.345636360828596,0,0,1,5.940171252720432
4.6,0,0,0,0,0.0,0,0,0,0,1,0,"Office Supplies, Ink & Toner",6.90875477931522,5.859360706474645,1,0,0,6.472346294500901
4.4,0,0,0,0,0.0,0,0,0,0,1,0,"Chargers, Adapters & Cables",6.90875477931522,5.693563774461869,1,0,0,8.064636475774222
4.5,0,1,1,0,0.0,0,0,0,0,1,0,"Office Supplies, Ink & Toner",8.699681400989514,3.737431494696102,0,0,1,9.39007525287337
4.6,0,1,0,0,0.12,0,0,0,0,1,0,"Office Supplies, Ink & Toner",8.517393171418904,3.931629535067065,0,0,1,10.690603103986415
4.6,0,1,0,0,0.19,0,0,0,0,1,0,"Audio, Sound & Recording Gear",7.601402334583733,5.3518107389880365,0,0,1,9.060214913398545
4.4,0,1,0,0,0.0,0,0,0,0,1,0,"Chargers, Adapters & Cables",8.699681400989514,3.2577118486533987,0,0,1,7.855932199718614
4.4,0,0,1,0,0.0,0,0,0,0,1,0,"Audio, Sound & Recording Gear",8.006700845440367,4.382026634673881,0,0,1,9.227099155791135
4.8,0,0,0,0,0.0,0,0,0,0,1,0,Cameras & Photography,8.294299608857235,4.085808231199814,0,1,0,10.847821375434926
4.6,0,1,0,0,0.25,0,1,0,0,0,0,Small Gadget Accessories (Cases & Protectors),8.987321812850125,3.0440461338325417,0,1,0,8.414495793177895
4.5,0,1,0,0,0.26,0,0,0,0,1,0,"Office Supplies, Ink & Toner",7.601402334583733,5.02984951302006,0,0,1,4.955827057601261
3.9,0,1,0,0,0.0,0,0,0,0,1,0,Cameras & Photography,7.601402334583733,5.010635294096256,0,0,1,7.353081920515432
4.6,0,0,0,0,0.0,0,0,0,0,1,0,Computer Peripherals,7.601402334583733,4.3943256902608985,0,0,1,7.504942068396171
4.3,0,1,1,0,0.3,0,0,0,0,1,0,"Audio, Sound & Recording Gear",7.601402334583733,4.6150215020384655,0,0,1,9.892578262028092
4.7,0,1,0,0,0.0,0,0,0,0,1,0,"Office Supplies, Ink & Toner",8.294299608857235,3.854182005738296,0,0,1,7.909122183211411
4.7,0,1,0,0,0.19,0,0,0,0,1,0,Laptops,8.294299608857235,4.02535169073515,0,1,0,7.893572073504902
4.8,0,1,0,0,0.0,0,0,0,0,1,0,Cameras & Photography,8.294299608857235,3.0440461338325417,0,1,0,8.847503625923641
4.8,0,1,0,0,0.3,0,0,0,0,1,0,Power & Batteries,8.987321812850125,3.043569602968151,0,0,1,10.611129179246523
4.5,0,0,1,0,0.0,0,0,0,0,1,0,Computer Peripherals,8.517393171418904,2.958549482426275,0,1,0,11.623410826145305
4.4,0,0,1,0,0.0,0,0,0,0,1,0,Smart Home & Security,8.699681400989514,3.433664571799657,0,1,0,12.620798077514538
4.5,0,1,0,0,0.0,0,0,0,0,1,0,TV & Video Displays,6.90875477931522,5.525413097700675,0,0,1,8.203304026795282
4.8,0,1,0,0,0.0,0,0,0,0,1,0,Computer Peripherals,7.601402334583733,5.017213609456379,0,0,1,9.297618380083245
4.7,0,1,1,0,0.0,0,0,0,0,1,0,"Office Supplies, Ink & Toner",8.006700845440367,4.217888748313555,0,0,1,9.698061122027076
4.7,0,1,1,0,0.0,0,0,0,0,1,0,"Chargers, Adapters & Cables",8.699681400989514,3.366950942933564,0,0,1,8.369157112588834
4.7,0,0,1,0,0.0,0,0,0,0,1,0,"Office Supplies, Ink & Toner",8.517393171418904,3.4931686602009657,0,0,1,10.035173493361505
4.6,0,0,0,0,0.0,0,0,0,0,1,0,Power & Batteries,8.987321812850125,3.532517998989513,0,0,1,11.113223716751168
4.4,0,1,0,0,0.0,0,1,0,0,0,0,Printers & Scanners (Hardware),7.601402334583733,5.252221070655064,0,0,1,9.331052447138449
4.6,0,0,0,0,0.0,0,0,0,0,1,0,Computer Peripherals,6.90875477931522,5.91350300563827,0,0,1,7.197435354096591
4.6,0,0,0,0,0.0,0,0,0,0,1,0,TV & Video Displays,7.601402334583733,5.061265035047578,0,0,1,6.705639094860003
4.8,0,1,0,0,0.0,0,0,0,0,1,0,"Office Supplies, Ink & Toner",7.601402334583733,4.858959327416688,0,0,1,4.836281906951478
4.1,0,1,1,0,0.1,0,0,0,0,1,0,Printers & Scanners (Hardware),7.601402334583733,5.379851269529299,0,0,1,8.639233817325263
4.8,0,0,0,0,0.15,0,0,0,0,1,0,Other Electronics,0.0,5.442374419541463,0,0,1,10.964986239864135
4.7,0,1,0,0,0.0,0,0,0,0,1,0,"Office Supplies, Ink & Toner",8.517393171418904,2.884800712846709,0,1,0,8.384118837190895
4.2,0,1,0,0,0.0,0,1,0,0,0,0,Printers & Scanners (Hardware),7.601402334583733,5.010635294096256,0,1,0,9.275003885301905
4.4,0,1,0,0,0.54,0,0,0,0,1,0,"Office Supplies, Ink & Toner",9.210440366976515,1.8578592709325787,0,1,0,9.162514742493578
4.6,0,1,0,0,0.0,0,0,0,0,1,0,Small Gadget Accessories (Cases & Protectors),8.853808274977197,2.928523523860541,0,1,0,10.4080737515121
4.3,0,1,1,0,0.27,0,0,0,0,1,0,Cameras & Photography,8.006700845440367,4.025173103360802,0,1,0,7.950854857719988
4.3,0,1,0,0,0.0,0,0,0,0,1,0,"Office Supplies, Ink & Toner",8.294299608857235,4.0428758138469085,0,0,1,10.2259333049242
4.6,0,1,0,0,0.13,1,0,0,0,0,0,Laptops,7.601402334583733,4.18950321539533,0,1,0,9.629379600111465
3.9,0,0,1,0,0.0,0,0,0,0,1,0,"Office Supplies, Ink & Toner",6.90875477931522,5.831559844598028,1,0,0,8.36822903827628
4.8,0,1,0,0,0.0,0,0,0,0,1,0,"Office Supplies, Ink & Toner",8.699681400989514,3.2577118486533987,0,1,0,8.471986598578159
4.4,0,1,0,0,0.0,0,0,0,0,1,0,Wearables,8.294299608857235,3.964425684221194,0,0,1,7.517520850603031
4.1,0,1,0,0,0.0,0,0,0,0,1,0,PC Components,6.90875477931522,5.521460917862246,0,0,1,4.8283137373023015
3.5,0,1,0,0,0.0,0,0,0,0,1,0,Storage & Memory Cards,7.601402334583733,4.768054048889571,0,0,1,1.3862943611198906
4.1,0,0,0,0,0.0,0,0,0,0,1,0,"Chargers, Adapters & Cables",8.006700845440367,3.801091444720865,0,0,1,6.996681488176539
4.6,0,1,0,0,0.0,0,0,0,0,1,0,Computer Peripherals,7.601402334583733,5.141605075260502,0,0,1,10.067942107501658
4.8,0,1,0,0,0.23,0,0,0,0,1,0,PC Components,6.90875477931522,6.214608098422191,0,0,1,6.633318433280377
4.8,0,1,0,0,0.17,0,0,0,0,1,0,Storage & Memory Cards,8.517393171418904,3.610647605844363,0,0,1,9.801842348773928
4.4,0,1,1,0,0.0,0,0,0,0,1,0,Smart Home & Security,8.517393171418904,3.3894621254437345,0,1,0,9.87395574993009
4.1,0,1,0,0,0.0,0,0,0,0,1,0,Computer Peripherals,8.517393171418904,3.3867603338643857,0,1,0,7.787382026484701
4.5,0,0,0,0,0.0,0,0,0,0,1,0,Laptops,6.2166061010848646,7.293690922481797,0,0,1,4.219507705176107
4.7,0,0,0,0,0.0,0,0,0,0,1,0,"Office Supplies, Ink & Toner",7.601402334583733,4.5205922095127935,0,0,1,7.740229524763182
4.3,0,0,0,0,0.26,0,0,0,0,1,0,Small Gadget Accessories (Cases & Protectors),7.601402334583733,5.141605075260502,1,0,0,7.1569563646156364
4.6,0,1,0,0,0.0,0,0,0,0,1,0,Power & Batteries,7.601402334583733,5.017213609456379,1,0,0,9.838415555792412
4.4,0,1,0,0,0.15,0,0,0,0,1,0,Storage & Memory Cards,6.90875477931522,4.6150215020384655,0,0,1,8.661293535389994
4.2,0,1,0,0,0.1,0,0,0,0,1,0,PC Components,8.699681400989514,3.0530573401732606,0,1,0,9.919016354153754
4.1,0,1,0,0,0.0,0,0,0,0,1,0,Computer Peripherals,7.601402334583733,4.752727750345706,0,0,1,8.51097389160232
4.5,0,1,0,1,0.11,0,0,0,0,1,0,Smart Home & Security,7.601402334583733,5.19844178112078,0,0,1,5.961005339623274
4.3,0,0,0,0,0.25,0,0,0,0,1,0,Laptops,6.90875477931522,5.991464547107982,0,0,1,6.423246963533519
4.1,0,0,1,0,0.0,0,0,0,0,1,0,TV & Video Displays,6.2166061010848646,6.985632566902618,1,0,0,6.70073110954781
4.6,0,0,0,0,0.0,0,0,0,0,1,0,"Office Supplies, Ink & Toner",7.601402334583733,4.662400819442363,0,0,1,6.674561391814426
4.4,0,1,0,0,0.0,0,0,0,0,1,0,"Office Supplies, Ink & Toner",8.517393171418904,3.1350593387750902,0,1,0,7.852050207265889
3.9,0,1,0,0,0.29,0,0,0,0,1,0,Printers & Scanners (Hardware),6.90875477931522,5.484755438853831,0,0,1,7.813187267521416
4.2,0,1,0,0,0.25,0,0,0,0,1,0,TV & Video Displays,6.90875477931522,5.99393648933976,0,0,1,7.68937110752969
4.3,0,1,0,0,0.0,0,0,0,0,1,0,Cameras & Photography,8.006700845440367,4.110709916308365,0,1,0,6.669498089857879
4.2,0,1,0,0,0.21,0,0,0,0,1,0,Cameras & Photography,7.601402334583733,5.017213609456379,0,0,1,6.439350371100098
4.3,0,1,1,0,0.32,0,0,0,0,1,0,"Audio, Sound & Recording Gear",6.90875477931522,5.99393648933976,0,0,1,9.789478635924262
4.2,0,1,1,0,0.0,0,0,0,0,1,0,Printers & Scanners (Hardware),6.90875477931522,5.846409872905957,0,0,1,6.171700597410915
4.7,0,1,0,0,0.0,0,0,0,0,1,0,"Office Supplies, Ink & Toner",7.601402334583733,4.573576314396913,0,0,1,5.342334251964811
4.5,0,1,0,0,0.0,0,0,0,0,1,0,Printers & Scanners (Hardware),6.90875477931522,6.447290014555096,0,0,1,8.127699852817772
4.8,0,0,0,0,0.0,0,1,0,0,0,0,Cameras & Photography,7.601402334583733,4.94306997460049,0,0,1,9.795122527858004
4.7,0,1,0,0,0.0,0,0,0,0,1,0,"Chargers, Adapters & Cables",8.517393171418904,2.130609828254235,0,1,0,11.804243419584331
3.5,0,1,1,0,0.0,0,0,0,0,1,0,Printers & Scanners (Hardware),6.90875477931522,6.363028103540465,0,0,1,6.255750041753367
4.7,0,1,0,0,0.1,0,0,0,0,1,0,"Office Supplies, Ink & Toner",8.853808274977197,2.3960754360813845,0,1,0,9.541153770388568
4.7,0,0,0,0,0.0,1,0,0,0,0,0,Storage & Memory Cards,8.699681400989514,3.136797713832594,0,1,0,10.572546937566983
4.8,0,1,0,0,0.26,0,0,0,0,1,0,Power & Batteries,8.294299608857235,3.2950958507796098,0,0,1,8.904358542352968
4.7,0,1,0,0,0.3,0,0,0,0,1,0,Storage & Memory Cards,8.517393171418904,3.5260663637080247,0,0,1,10.53537084449216
4.7,0,1,0,0,0.0,0,0,0,0,1,0,PC Components,6.90875477931522,5.170199863767594,0,0,1,7.964503363551548
4.8,0,1,0,0,0.0,0,0,0,0,1,0,"Office Supplies, Ink & Toner",8.699681400989514,2.9439125248241944,0,1,0,9.125871215349733
4.8,0,1,0,0,0.0,0,0,0,0,1,0,"Office Supplies, Ink & Toner",8.294299608857235,3.287655340263026,0,1,0,10.127750477118257
0.0,1,1,0,0,0.0,0,0,0,0,1,0,Networking,3.9318256327243257,2.5649493574615367,0,1,0,0.0
4.0,0,1,0,0,0.0,0,0,0,0,1,0,"Audio, Sound & Recording Gear",7.601402334583733,4.709079649378603,0,0,1,8.314832179284556
4.3,0,1,0,0,0.0,0,0,0,0,1,0,Laptops,6.90875477931522,5.310245937413311,0,0,1,6.83087423464618
4.6,0,1,0,0,0.17,0,0,0,0,1,0,Other Electronics,6.2166061010848646,6.803494158767612,1,0,0,7.329093736246592
4.5,0,0,0,0,0.0,0,0,0,0,1,0,TV & Video Displays,6.90875477931522,5.225692908827035,0,0,1,8.940105213128122
4.6,0,1,1,0,0.25,0,0,0,0,1,0,Computer Peripherals,6.90875477931522,5.30325515557766,0,0,1,6.530877627725885
4.8,0,1,0,0,0.26,0,0,0,0,1,0,"Office Supplies, Ink & Toner",7.601402334583733,5.216510603843946,0,0,1,4.787491742782046
4.2,0,0,1,0,0.0,0,0,0,0,1,0,Printers & Scanners (Hardware),6.90875477931522,6.018593214496234,0,0,1,6.317164686747284
4.8,0,1,0,0,0.0,0,0,0,0,1,0,"Office Supplies, Ink & Toner",7.601402334583733,4.912581353620868,0,0,1,4.74493212836325
4.8,0,1,0,0,0.0,0,0,0,0,1,0,Power & Batteries,8.853808274977197,2.770711962226921,0,0,1,10.11265387591948
4.2,0,0,1,0,0.0,0,0,0,0,1,0,TV & Video Displays,7.601402334583733,4.508218659911641,0,0,1,9.537339306804911
4.5,0,1,0,0,0.48,0,0,0,0,1,0,Wearables,7.601402334583733,4.663344750039164,0,0,1,7.392647520721623
4.2,0,1,1,0,0.29,0,0,0,0,1,0,Wearables,8.987321812850125,2.0781907597781832,0,1,0,9.177920480720072
4.7,0,1,0,0,0.0,0,0,0,0,1,0,TV & Video Displays,8.517393171418904,3.3357695763397,0,1,0,4.787491742782046
4.7,0,1,0,0,0.51,0,0,0,0,1,0,"Office Supplies, Ink & Toner",8.006700845440367,4.375757021660286,0,0,1,7.870165946469845
4.0,0,1,0,0,0.4,0,0,0,0,1,0,Wearables,7.601402334583733,4.614625344758847,0,0,1,9.168893182062009
4.4,0,1,0,0,0.15,0,0,0,0,1,0,Computer Peripherals,6.90875477931522,5.30325515557766,0,0,1,7.112327444710911
4.2,0,1,1,0,0.07,0,0,0,0,1,0,Printers & Scanners (Hardware),6.803505257608338,6.396929655216146,0,0,1,6.133398042996649
4.7,0,0,0,0,0.0,0,0,0,0,1,0,"Chargers, Adapters & Cables",9.105090961257083,2.9714395809849465,0,0,1,9.780754787153832
4.7,0,1,0,0,0.0,0,0,0,0,1,0,Printers & Scanners (Hardware),8.987321812850125,1.900613874140137,0,1,0,10.707952469228026
4.0,0,1,0,0,0.19,0,0,0,0,1,0,Networking,8.699681400989514,2.771963526845863,0,1,0,11.636460813196734
4.7,0,0,0,0,0.0,0,0,0,0,1,0,"Chargers, Adapters & Cables",6.90875477931522,4.874815570953721,1,0,0,10.36674975937051
4.7,0,1,0,0,0.1,0,0,0,0,1,0,"Office Supplies, Ink & Toner",8.853808274977197,2.255493485460195,0,1,0,11.05336313514178
4.6,0,0,1,0,0.0,0,0,0,0,1,0,PC Components,6.90875477931522,4.54318839363221,0,1,0,6.917705609835305
4.5,0,1,0,0,0.0,0,0,0,0,1,0,Wearables,6.90875477931522,5.707077041605631,0,0,1,5.976350909297934
4.6,0,1,0,0,0.11,0,0,0,0,1,0,"Office Supplies, Ink & Toner",7.601402334583733,5.027099020126921,0,0,1,7.479864131165026
4.7,0,0,1,0,0.0,0,0,0,0,1,0,"Office Supplies, Ink & Toner",8.517393171418904,3.2538567937634464,0,1,0,10.794973165491312
4.7,0,0,0,0,0.0,0,0,0,0,1,0,"Office Supplies, Ink & Toner",7.601402334583733,4.498586700585308,0,0,1,8.097426298597213
4.6,0,0,0,0,0.0,0,0,0,0,1,0,Video Game Consoles & Virtual Reality,6.90875477931522,5.99393648933976,0,0,1,7.261927092702751
4.8,0,0,1,0,0.0,0,0,0,0,1,0,Laptops,6.2166061010848646,7.648615853726541,1,0,0,5.968707559985366
4.4,0,1,0,0,0.28,0,0,0,0,1,0,Small Gadget Accessories (Cases & Protectors),8.853808274977197,3.2577118486533987,0,0,1,7.396948602621014
4.1,0,1,0,0,0.0,0,0,0,0,1,0,TV & Video Displays,6.90875477931522,5.831853151340319,0,0,1,8.150179269682326
4.1,0,1,1,0,0.3,0,0,0,0,1,0,"Office Supplies, Ink & Toner",6.90875477931522,5.30325515557766,0,0,1,7.807510042216193
4.7,0,1,0,0,0.15,0,0,0,0,1,0,PC Components,7.601402334583733,4.875120984409557,0,0,1,7.356918242356021
4.6,0,1,0,0,0.0,1,0,0,0,0,0,"Chargers, Adapters & Cables",9.210440366976515,1.9459101490553128,0,1,0,9.649691476083484
4.3,0,1,0,0,0.0,0,0,0,0,1,0,Wearables,8.006700845440367,3.944490195565648,0,0,1,7.602900462204755
4.7,0,1,0,0,0.0,0,0,0,0,1,0,Storage & Memory Cards,8.294299608857235,3.2577118486533987,0,1,0,8.00469951054955
4.6,0,1,0,0,0.0,0,0,0,0,1,0,"Office Supplies, Ink & Toner",7.601402334583733,4.753417762448295,0,0,1,7.057897937411856
4.8,0,1,0,0,0.25,0,0,0,0,1,0,"Office Supplies, Ink & Toner",8.853808274977197,2.8384934971275,0,1,0,9.35781165133439
4.5,0,1,0,0,0.36,0,1,0,0,0,0,PC Components,8.294299608857235,3.8284239815518326,0,1,0,8.268475388982598
4.6,0,1,1,0,0.0,0,0,0,0,1,0,"Office Supplies, Ink & Toner",8.517393171418904,3.202339856228101,0,1,0,10.03464738523415
4.4,0,1,0,0,0.21,0,0,0,0,1,0,TV & Video Displays,6.90875477931522,6.347371696367802,0,0,1,7.264730177929867
4.7,0,1,0,0,0.06,0,1,0,0,0,0,Cameras & Photography,6.2166061010848646,6.781046275133962,0,0,1,7.251344983372214
4.5,0,0,1,0,0.0,0,0,0,0,1,0,"Office Supplies, Ink & Toner",8.517393171418904,3.255014871484074,0,1,0,9.597166175865407
4.4,0,0,0,0,0.0,0,1,0,0,0,0,PC Components,6.90875477931522,4.500809170663349,0,1,0,6.829793737512425
4.7,0,0,0,0,0.0,0,0,0,0,1,0,Power & Batteries,8.699681400989514,3.433664571799657,0,0,1,9.60723552940128
4.6,0,1,0,0,0.27,0,0,0,0,1,0,Computer Peripherals,8.699681400989514,3.1350593387750902,0,1,0,8.229777750081887
4.6,0,1,0,0,0.39,0,0,0,0,1,0,Storage & Memory Cards,6.90875477931522,5.983911091453068,0,0,1,5.953243334287785
4.3,0,0,1,0,0.0,0,0,0,0,1,0,Printers & Scanners (Hardware),6.90875477931522,5.063101233999558,0,1,0,5.723585101952381
4.4,0,1,0,0,0.33,0,1,0,0,0,0,Tablets & E-readers (DEVICES ONLY),8.006700845440367,4.110053855927281,0,0,1,9.37704054786718
4.5,0,1,0,0,0.14,0,0,0,0,1,0,TV & Video Displays,6.2166061010848646,6.633318433280377,0,0,1,6.3473892096560105
4.5,0,1,0,0,0.37,0,0,0,0,1,0,TV & Video Displays,6.2166061010848646,5.707077041605631,0,0,1,9.462576597493666
4.5,0,1,0,0,0.0,0,0,0,0,1,0,Small Gadget Accessories (Cases & Protectors),8.853808274977197,2.553343811341229,0,1,0,7.1180162044653335
4.6,0,1,0,0,0.0,0,1,0,0,0,0,Computer Peripherals,7.601402334583733,5.771409969996787,0,0,1,9.978270296979812
4.4,0,1,0,0,0.27,0,1,0,0,0,0,Computer Peripherals,8.699681400989514,3.1350593387750902,0,1,0,8.66888370465667
4.6,0,1,0,0,0.08,0,0,0,0,1,0,Networking,6.90875477931522,4.867534450455582,0,0,1,6.3578422665081
4.6,0,1,0,0,0.0,0,0,0,0,1,0,"Office Supplies, Ink & Toner",8.006700845440367,4.025173103360802,0,0,1,9.607302767592598
4.4,0,1,0,0,0.2,0,0,0,0,1,0,Cameras & Photography,6.90875477931522,6.066084887978432,0,0,1,6.967909201801884
4.4,0,0,1,0,0.0,1,0,0,0,0,0,Laptops,6.90875477931522,5.786897381366708,0,0,1,5.713732805509369
4.7,0,1,0,0,0.0,0,0,0,0,1,0,"Office Supplies, Ink & Toner",8.853808274977197,2.1849270495258133,0,1,0,7.938445551164788
4.4,0,1,0,0,0.05,0,0,0,0,1,0,Laptops,6.90875477931522,5.293304824724492,0,0,1,6.641182169740591
4.5,0,0,0,0,0.0,0,0,0,0,1,0,"Audio, Sound & Recording Gear",8.294299608857235,3.4833916192881422,0,1,0,9.684709458731556
4.6,0,1,0,0,0.0,0,0,0,0,1,0,"Office Supplies, Ink & Toner",7.601402334583733,4.219360635538369,0,0,1,9.061376218836225
3.9,0,1,0,0,0.0,0,0,0,0,1,0,Cameras & Photography,6.90875477931522,5.393627546352362,0,0,1,6.655440350367647
4.2,0,1,1,0,0.12,0,0,0,0,1,0,Printers & Scanners (Hardware),6.90875477931522,5.655956845173597,0,0,1,8.286773231131251
4.1,0,1,1,0,0.0,0,0,0,0,1,0,"Audio, Sound & Recording Gear",6.90875477931522,5.129839541574732,0,0,1,6.954638864880987
4.5,0,0,0,0,0.0,0,0,0,0,1,0,PC Components,5.993961427306569,7.067430669452095,1,0,0,6.0330862217988015
4.5,0,1,0,0,0.0,0,0,0,0,1,0,TV & Video Displays,6.90875477931522,5.19844178112078,0,0,1,6.331501849893691
4.6,0,1,0,0,0.0,0,0,0,0,1,0,Cameras & Photography,7.601402334583733,4.595018834931716,0,0,1,9.497847429113676
4.5,0,1,1,0,0.36,0,0,0,0,1,0,Cameras & Photography,8.006700845440367,4.025173103360802,0,1,0,9.617137925318126
4.4,0,1,0,0,0.0,0,0,0,0,1,0,"Chargers, Adapters & Cables",8.006700845440367,3.4008639927609177,0,0,1,5.648974238161206
4.6,0,1,0,0,0.0,0,0,0,0,1,0,PC Components,6.2166061010848646,6.580625267563245,1,0,0,6.771935555839602
4.5,0,1,0,0,0.08,0,0,0,0,1,0,"Office Supplies, Ink & Toner",8.517393171418904,2.9439125248241944,0,1,0,8.575650760987806
4.5,0,1,0,0,0.0,0,1,0,0,0,0,"Audio, Sound & Recording Gear",8.006700845440367,3.6826098411003407,0,1,0,8.983941527941301
4.6,0,1,0,0,0.14,0,0,0,0,1,0,"Audio, Sound & Recording Gear",7.601402334583733,4.248495242049359,0,0,1,10.131101098521787
4.5,0,1,0,0,0.4,0,0,0,0,1,0,Small Gadget Accessories (Cases & Protectors),8.699681400989514,3.2577118486533987,0,0,1,7.164720378771857
4.7,0,1,0,0,0.0,0,0,0,0,1,0,"Audio, Sound & Recording Gear",6.90875477931522,5.703782474656201,0,0,1,8.129764445794171
4.5,0,0,0,0,0.0,0,0,0,0,1,0,TV & Video Displays,6.90875477931522,5.198386527922987,0,0,1,4.430816798843313
4.3,0,1,0,0,0.0,0,0,0,0,1,0,Wearables,6.90875477931522,5.666392085437642,0,0,1,6.470799503782602
4.8,0,0,1,0,0.0,0,0,0,0,1,0,Small Gadget Accessories (Cases & Protectors),6.90875477931522,5.666426688112432,1,0,0,6.866933284461882
4.7,0,0,0,0,0.0,0,0,0,0,1,0,Power & Batteries,8.987321812850125,2.079441541679836,0,1,0,10.77195265492768
4.7,0,1,0,0,0.0,0,0,0,0,1,0,PC Components,6.90875477931522,5.679831253833688,0,0,1,8.480736654405622
4.7,0,1,0,0,0.16,0,0,0,0,1,0,"Office Supplies, Ink & Toner",8.294299608857235,3.208421366964342,0,1,0,10.66366234138441
4.4,0,0,0,0,0.0,0,0,0,0,1,0,Networking,7.601402334583733,4.007151350519723,0,1,0,8.794824928014517
4.3,0,0,0,0,0.0,0,0,0,0,1,0,Wearables,8.853808274977197,2.599722324216582,0,1,0,10.397878869838694
4.4,0,1,1,0,0.31,0,0,0,0,1,0,Smart Home & Security,7.601402334583733,4.875120984409557,0,0,1,10.2942788584105
4.5,0,0,0,0,0.17,0,0,0,0,1,0,PC Components,6.90875477931522,6.54533529241511,0,0,1,3.6375861597263857
4.2,0,1,0,0,0.0,0,0,0,0,1,0,Mobile Cell Phones & Smartphones,6.2166061010848646,6.311716660167896,1,0,0,7.684783943522785
4.4,0,1,0,1,0.33,0,1,0,0,0,0,Computer Peripherals,8.294299608857235,3.7133281345162463,0,0,1,10.518700218288163
4.7,0,0,0,0,0.0,0,0,0,0,1,0,Power & Batteries,7.601402334583733,4.38414938005486,0,0,1,8.632127729508337
4.6,0,1,0,0,0.0,1,0,0,0,0,0,"Office Supplies, Ink & Toner",8.987321812850125,2.0781907597781832,0,1,0,11.24081485884236
4.7,0,1,0,0,0.34,0,0,0,0,1,0,"Chargers, Adapters & Cables",8.987321812850125,2.39698576841553,0,1,0,6.988413181999592
4.8,0,1,0,0,0.0,0,1,0,0,0,0,Storage & Memory Cards,8.853808274977197,2.1210632163706555,0,1,0,10.54586761604242
4.3,0,1,1,0,0.33,0,0,0,0,1,0,"Chargers, Adapters & Cables",8.517393171418904,3.433664571799657,0,0,1,10.056937987248991
4.4,0,0,0,0,0.0,0,0,0,0,1,0,Computer Peripherals,8.294299608857235,3.2891478778535324,0,1,0,8.655737000864297
4.5,0,1,0,0,0.28,0,1,0,0,0,0,TV & Video Displays,8.517393171418904,3.4008639927609177,0,1,0,9.772353284511327
4.8,0,1,1,0,0.05,0,1,0,0,0,0,"Office Supplies, Ink & Toner",8.294299608857235,3.043569602968151,0,1,0,9.801620926132555
4.6,0,1,0,0,0.0,0,0,0,0,1,0,"Office Supplies, Ink & Toner",8.294299608857235,3.2577118486533987,0,1,0,7.542213463193403
4.4,0,0,1,0,0.0,0,0,0,0,1,0,TV & Video Displays,6.2166061010848646,6.138763234128862,0,0,1,6.835184586147301
4.7,0,0,0,0,0.0,0,0,0,0,1,0,"Office Supplies, Ink & Toner",7.601402334583733,4.889521718343416,0,0,1,7.899524472032198
4.6,0,1,0,0,0.0,0,0,0,0,1,0,"Office Supplies, Ink & Toner",8.006700845440367,3.7421832261362473,0,0,1,7.691200097522863
4.1,0,1,0,0,0.3,0,0,0,0,1,0,Printers & Scanners (Hardware),6.90875477931522,5.351858133476067,0,0,1,7.650168700845001
4.8,0,1,0,0,0.11,0,0,0,0,1,0,"Office Supplies, Ink & Toner",6.90875477931522,4.803939074160646,0,0,1,5.666426688112432
4.1,0,1,0,0,0.0,0,0,0,0,1,0,PC Components,6.90875477931522,5.081342251254203,0,0,1,6.453624998892692
4.3,0,1,1,0,0.0,0,0,0,0,1,0,Smart Home & Security,7.601402334583733,4.510639702141858,0,0,1,7.494986233950533
4.8,0,0,0,0,0.0,0,0,0,0,1,0,"Office Supplies, Ink & Toner",7.601402334583733,4.246922577489038,0,0,1,8.917578753781104
4.3,0,1,0,0,0.17,0,0,0,0,1,0,Networking,8.294299608857235,3.58324112209094,0,1,0,8.988446040062405
4.6,0,1,0,0,0.0,0,0,0,0,1,0,Wearables,6.2166061010848646,6.621392336096254,1,0,0,4.262679877041316
4.7,0,0,1,0,0.0,0,0,0,0,1,0,Wearables,8.294299608857235,3.58324112209094,0,1,0,8.382289428951436
4.6,0,1,0,0,0.0,0,0,0,0,1,0,"Office Supplies, Ink & Toner",8.006700845440367,4.024994484087308,0,0,1,9.903987427577778
4.0,0,1,1,0,0.51,0,0,0,0,1,0,"Office Supplies, Ink & Toner",7.601402334583733,5.1589978262986245,0,0,1,8.210124405164267
4.4,0,1,0,0,0.0,0,0,0,0,1,0,Computer Peripherals,8.006700845440367,3.778263015248622,0,0,1,8.740816627567298
4.6,0,1,1,0,0.0,0,0,0,0,1,0,Power & Batteries,8.699681400989514,2.596746131543536,0,0,1,10.465414952351203
4.0,0,0,0,0,0.08,0,0,0,0,1,0,Laptops,6.90875477931522,5.135798437050262,0,0,1,7.7458682297922685
4.3,0,0,0,0,0.0,0,0,0,0,1,0,PC Components,6.90875477931522,4.989207346682635,0,0,1,7.403061091090091
4.6,0,1,0,0,0.14,0,0,0,0,1,0,"Office Supplies, Ink & Toner",7.601402334583733,4.442533602510535,0,0,1,8.80792062205398
4.0,0,0,0,0,0.0,0,0,0,0,1,0,Mobile Cell Phones & Smartphones,6.2166061010848646,6.441424895102697,1,0,0,8.254268770090183
4.7,0,1,0,0,0.0,0,1,0,0,0,0,"Chargers, Adapters & Cables",8.699681400989514,2.453587966530573,0,1,0,11.233806623178936
4.6,0,0,0,0,0.0,0,0,0,0,1,0,TV & Video Displays,6.90875477931522,4.8283137373023015,0,0,1,7.934155233536322
4.2,0,0,0,0,0.08,0,0,0,0,1,0,"Audio, Sound & Recording Gear",7.601402334583733,4.795707897553386,0,0,1,6.647688373563329
4.6,0,1,0,0,0.6,0,0,0,0,1,0,Small Gadget Accessories (Cases & Protectors),8.517393171418904,3.931629535067065,0,0,1,9.61333576618342
4.7,0,1,0,0,0.0,0,0,0,0,1,0,"Chargers, Adapters & Cables",6.90875477931522,2.54002594900908,0,1,0,10.047544605529554
4.8,0,1,0,0,0.15,0,0,0,0,1,0,Storage & Memory Cards,7.601402334583733,4.275554390163365,0,0,1,7.644440761556566
4.7,0,1,0,0,0.22,0,0,0,0,1,0,Storage & Memory Cards,7.601402334583733,4.912581353620868,0,0,1,5.472270673671475
4.3,0,1,1,0,0.32,0,0,0,0,1,0,"Audio, Sound & Recording Gear",7.601402334583733,4.774490930604794,0,0,1,6.169610732491456
4.8,0,1,0,0,0.0,0,0,0,0,1,0,Storage & Memory Cards,7.601402334583733,4.795707897553386,0,0,1,10.010905949303398
4.5,0,1,0,0,0.0,0,0,0,0,1,0,"Audio, Sound & Recording Gear",6.90875477931522,5.298317366548036,0,0,1,9.438670449977693
4.2,0,1,0,0,0.0,0,0,0,0,1,0,Laptops,6.90875477931522,5.093750200806762,0,0,1,7.268920128193722
4.7,0,1,0,0,0.0,0,0,0,0,1,0,"Chargers, Adapters & Cables",8.853808274977197,2.0001277349601105,0,1,0,9.069467813094768
4.4,0,0,0,0,0.0,0,0,0,0,1,0,Tablets & E-readers (DEVICES ONLY),6.90875477931522,5.47109351049846,0,0,1,4.219507705176107
4.6,0,1,0,0,0.0,0,0,0,0,1,0,"Office Supplies, Ink & Toner",7.601402334583733,4.375505417683616,0,0,1,7.983098940710892
4.6,0,1,0,0,0.29,0,0,0,0,1,0,"Office Supplies, Ink & Toner",8.294299608857235,3.2786530289040616,0,1,0,9.834941010001018
4.1,0,0,0,0,0.0,1,0,0,0,0,0,Printers & Scanners (Hardware),6.90875477931522,6.05053502068497,0,0,1,8.282735880201754
4.8,0,1,0,0,0.11,0,0,0,0,1,0,"Office Supplies, Ink & Toner",7.601402334583733,4.276527220481212,0,0,1,9.649240256170584
4.3,0,0,0,0,0.0,0,0,0,0,1,0,Computer Peripherals,6.90875477931522,5.7383771194207,0,0,1,7.146772179452637
4.4,0,1,0,0,0.17,0,0,0,0,1,0,TV & Video Displays,7.601402334583733,4.110709916308365,0,1,0,8.419580362549237
4.5,0,0,0,0,0.0,0,0,0,0,1,0,"Office Supplies, Ink & Toner",8.294299608857235,3.0809921175048145,0,1,0,9.610792938260802
4.3,0,1,0,1,0.0,0,0,0,0,1,0,Networking,8.006700845440367,4.262539022051294,0,1,0,9.107975365298154
4.3,0,1,0,0,0.0,0,1,0,0,0,0,Cameras & Photography,6.90875477931522,5.472270673671475,0,0,1,7.549609165154532
4.5,0,1,0,0,0.37,0,1,0,0,0,0,Small Gadget Accessories (Cases & Protectors),8.517393171418904,2.995232148512309,0,1,0,9.36383369293329
4.7,0,1,0,0,0.0,0,0,0,0,1,0,Storage & Memory Cards,7.601402334583733,3.897924081048645,0,0,1,10.275499284385074
4.8,0,1,0,0,0.15,0,0,0,0,1,0,Computer Peripherals,6.90875477931522,5.525413097700675,0,0,1,8.97979449089521
4.1,0,1,0,0,0.3,0,0,0,0,1,0,"Audio, Sound & Recording Gear",8.294299608857235,2.9439125248241944,0,1,0,9.499346567390097
4.6,0,1,0,0,0.0,0,0,0,0,1,0,"Office Supplies, Ink & Toner",7.601402334583733,3.988798844230196,0,0,1,5.720311776607412
4.6,0,1,0,0,0.0,0,0,0,0,1,0,"Office Supplies, Ink & Toner",8.006700845440367,3.8284239815518326,0,0,1,9.84575250188489
4.8,0,1,0,0,0.0,0,0,0,0,1,0,Cameras & Photography,8.006700845440367,4.158101528024852,0,1,0,9.626877294051395
4.6,0,0,0,0,0.0,0,0,0,0,1,0,Laptops,6.90875477931522,5.768320995793772,0,0,1,4.430816798843313
4.7,0,0,0,0,0.0,0,0,0,0,1,0,"Office Supplies, Ink & Toner",6.90875477931522,4.947979444065186,0,0,1,7.467942332285852
4.3,0,1,0,0,0.26,0,0,0,0,1,0,Computer Peripherals,6.90875477931522,5.707077041605631,0,0,1,5.236441962829949
4.3,0,0,0,0,0.0,0,0,0,0,1,0,PC Components,7.601402334583733,4.565597410868269,0,1,0,8.585972706811063
4.7,0,0,0,0,0.0,0,0,0,0,1,0,"Office Supplies, Ink & Toner",6.90875477931522,5.780403951974222,0,0,1,6.591673732008658
4.7,0,0,0,0,0.0,0,1,0,0,0,0,PC Components,7.601402334583733,4.406597288608086,0,1,0,7.737616282857904
4.6,0,1,0,0,0.19,0,1,0,0,0,0,"Office Supplies, Ink & Toner",8.699681400989514,2.39698576841553,0,1,0,11.165620768534476
4.7,0,1,0,0,0.0,0,0,0,0,1,0,PC Components,6.90875477931522,4.9486889658772695,0,0,1,7.842671474979457
4.7,0,1,0,0,0.09,0,0,0,0,1,0,Storage & Memory Cards,7.601402334583733,4.77912349311153,0,0,1,8.129174996911793
4.6,0,1,1,0,0.35,0,0,0,0,1,0,Small Gadget Accessories (Cases & Protectors),8.699681400989514,3.0440461338325417,0,1,0,7.699389406256737
4.3,0,1,0,0,0.0,0,1,0,0,0,0,Computer Peripherals,8.006700845440367,3.8284239815518326,0,0,1,10.119042382201664
4.6,0,1,0,0,0.0,0,0,0,0,1,0,"Office Supplies, Ink & Toner",8.517393171418904,3.0209125720842893,0,1,0,9.922162092800937
4.7,0,0,0,0,0.0,0,0,0,0,1,0,"Office Supplies, Ink & Toner",6.90875477931522,5.673288902319859,0,0,1,6.926577033222725
4.6,0,1,0,0,0.0,0,0,0,0,1,0,"Office Supplies, Ink & Toner",6.90875477931522,5.598014468578022,0,0,1,4.174387269895637
4.7,0,1,0,0,0.2,0,0,0,0,1,0,Other Electronics,6.90875477931522,5.707077041605631,0,0,1,7.207118856207756
4.7,0,1,0,1,0.0,0,0,0,0,1,0,"Chargers, Adapters & Cables",8.853808274977197,2.301584592660462,0,1,0,8.391629968440892
4.4,0,1,0,0,0.0,0,0,0,0,1,0,Computer Peripherals,6.2166061010848646,6.621392336096254,1,0,0,7.00397413672268
4.2,0,1,0,0,0.0,0,0,0,0,1,0,PC Components,6.2166061010848646,6.171700597410915,0,0,1,7.201916317531627
4.6,0,0,0,0,0.0,0,0,0,0,1,0,TV & Video Displays,6.90875477931522,5.488234999963619,0,0,1,6.6052979209482015
4.7,0,1,0,0,0.25,0,0,0,0,1,0,Power & Batteries,7.601402334583733,3.9314333989479695,0,0,1,9.20623194393164
4.8,0,0,0,0,0.0,0,0,0,0,1,0,Small Gadget Accessories (Cases & Protectors),7.601402334583733,3.49650756146648,0,0,1,10.819798284210286
4.4,0,1,0,0,0.12,0,0,0,0,1,0,Smart Home & Security,6.90875477931522,4.875120984409557,0,0,1,9.268892258925796
4.3,0,0,0,0,0.0,1,0,0,0,0,0,Computer Peripherals,8.294299608857235,3.3631493140246254,0,1,0,11.567053737008449
4.5,0,1,0,0,0.27,0,0,0,0,1,0,Wearables,6.90875477931522,5.707077041605631,0,0,1,8.150467911624004
4.1,0,1,0,0,0.0,0,0,0,0,1,0,PC Components,6.2166061010848646,5.283152966028264,0,0,1,5.905361848054571
4.6,0,1,0,0,0.0,0,0,0,0,1,0,Wearables,6.2166061010848646,6.1092475827643655,1,0,0,6.717804695023691
4.6,0,1,0,0,0.0,0,0,0,0,1,0,Other Electronics,8.517393171418904,2.2905125117597764,0,1,0,8.6020856584342
4.2,0,0,0,0,0.0,0,0,0,0,1,0,Networking,6.90875477931522,5.525413097700675,0,0,1,7.931284761525891
4.2,0,0,0,0,0.0,0,0,0,0,1,0,Wearables,8.006700845440367,3.522824869783854,0,1,0,10.95189367497692
4.4,0,1,1,0,0.16,0,0,0,0,1,0,"Audio, Sound & Recording Gear",6.90875477931522,4.488524003868771,0,0,1,5.111987788356544
4.5,0,1,0,0,0.0,0,0,0,0,1,0,Storage & Memory Cards,7.601402334583733,4.5107496103686,0,0,1,9.853351483042331
4.3,0,1,0,0,0.0,0,0,0,0,1,0,Small Gadget Accessories (Cases & Protectors),8.294299608857235,3.2577118486533987,0,0,1,10.750899692107502
4.7,0,1,0,0,0.05,0,0,0,0,1,0,"Audio, Sound & Recording Gear",6.90875477931522,6.0867747269123065,1,0,0,9.41442342055165
4.7,0,1,0,0,0.0,0,0,0,0,1,0,"Office Supplies, Ink & Toner",7.601402334583733,4.5205922095127935,0,0,1,8.204945165019208
4.2,0,1,0,0,0.19,0,0,0,0,1,0,PC Components,6.90875477931522,5.888850257118181,0,0,1,6.824373670043086
4.2,0,1,0,0,0.0,0,0,0,0,1,0,TV & Video Displays,6.90875477931522,5.727889549999434,0,0,1,3.80666248977032
4.7,0,1,0,0,0.0,0,0,0,0,1,0,Storage & Memory Cards,8.294299608857235,2.995232148512309,0,1,0,9.572967566074247
4.6,1,1,0,0,0.33,0,1,0,0,0,0,"Chargers, Adapters & Cables",9.210440366976515,2.771963526845863,0,0,1,9.257605564443296
4.1,0,0,0,0,0.0,0,0,0,0,1,0,PC Components,6.2166061010848646,6.051947982487492,0,0,1,6.96979066990159
4.4,0,1,1,0,0.0,0,0,0,0,1,0,Small Gadget Accessories (Cases & Protectors),8.853808274977197,2.395164274287139,0,1,0,9.387733135533384
4.5,0,1,0,0,0.0,0,1,0,0,0,0,"Audio, Sound & Recording Gear",6.90875477931522,5.293304824724492,0,0,1,9.167954655479743
4.5,0,1,0,0,0.0,0,0,0,0,1,0,"Office Supplies, Ink & Toner",8.294299608857235,3.1350593387750902,0,1,0,9.556904372164189
4.6,0,0,1,0,0.4,0,0,0,0,1,0,"Chargers, Adapters & Cables",8.987321812850125,2.39698576841553,0,1,0,10.5090049831351
4.1,0,1,0,0,0.2,0,0,0,0,1,0,"Audio, Sound & Recording Gear",8.006700845440367,3.2577118486533987,0,1,0,8.259716961021523
4.6,0,1,0,0,0.13,0,0,0,0,1,0,TV & Video Displays,7.601402334583733,4.005513348515485,0,1,0,7.5310163320779155
4.7,0,1,0,0,0.0,0,0,0,0,1,0,"Office Supplies, Ink & Toner",8.294299608857235,2.98618686071046,0,1,0,6.013715156042802
4.8,0,1,0,0,0.49,0,1,0,0,0,0,"Office Supplies, Ink & Toner",8.294299608857235,3.456947396766647,0,0,1,8.122371243406553
4.0,0,0,1,0,0.0,0,0,0,0,1,0,"Office Supplies, Ink & Toner",6.90875477931522,4.492001487882454,0,0,1,8.24354550792826
4.3,0,1,0,0,0.33,0,0,0,0,1,0,Mobile Cell Phones & Smartphones,8.294299608857235,3.433664571799657,0,1,0,9.09829086816756
4.6,0,0,0,0,0.0,0,0,0,0,1,0,Tablets & E-readers (DEVICES ONLY),6.90875477931522,4.957023524647607,0,0,1,7.300472814267799
4.2,0,1,0,0,0.0,0,0,0,0,1,0,Laptops,6.2166061010848646,6.206575926724928,0,0,1,6.169610732491456
4.6,0,1,0,1,0.25,0,0,0,0,1,0,PC Components,8.006700845440367,3.7133281345162463,0,1,0,9.560363239834537
4.3,0,1,0,0,0.27,0,0,0,0,1,0,TV & Video Displays,8.006700845440367,3.6208682434973927,0,1,0,8.329175442077402
4.8,0,0,0,0,0.0,0,0,0,0,1,0,"Office Supplies, Ink & Toner",7.601402334583733,4.232511029605105,0,0,1,7.404279118037268
4.6,0,0,0,0,0.0,0,0,0,0,1,0,"Audio, Sound & Recording Gear",6.90875477931522,5.888850257118181,0,0,1,8.013343181386672
4.6,0,0,0,0,0.0,0,0,0,0,1,0,Small Gadget Accessories (Cases & Protectors),8.006700845440367,3.5729072778615154,0,0,1,10.083932349317225
4.6,0,0,0,0,0.0,0,0,0,0,1,0,Storage & Memory Cards,8.517393171418904,2.695977619867941,0,1,0,11.444560967443572
4.4,1,1,0,0,0.0,0,0,0,0,1,0,Cameras & Photography,0.0,4.18950321539533,0,1,0,3.4011973816621555
4.6,0,1,0,0,0.27,0,0,0,0,1,0,Computer Peripherals,8.294299608857235,3.433664571799657,0,1,0,7.384610383176974
4.7,0,1,0,0,0.0,0,0,0,0,1,0,"Office Supplies, Ink & Toner",8.294299608857235,3.202339856228101,0,1,0,10.591270370596922
4.6,0,0,0,0,0.0,0,0,0,0,1,0,Laptops,8.006700845440367,4.189654742026425,0,1,0,7.732807530422021
4.7,0,0,0,0,0.0,0,0,0,0,1,0,"Office Supplies, Ink & Toner",6.90875477931522,5.01655109452556,0,0,1,5.14166355650266
4.8,0,0,0,0,0.0,0,1,0,0,0,0,"Chargers, Adapters & Cables",6.90875477931522,4.941642422609304,1,0,0,7.765569081097317
4.4,0,1,1,1,0.0,0,0,0,0,1,0,Networking,6.90875477931522,5.6786355922342455,0,0,1,8.145839612936841
4.1,0,0,1,0,0.0,0,0,0,0,1,0,"Office Supplies, Ink & Toner",6.55250788703459,6.65251458155569,1,0,0,7.6251071482389
4.4,0,1,0,0,0.0,0,0,0,0,1,0,Power & Batteries,8.006700845440367,3.389799336709786,0,0,1,11.734283423061283
4.7,0,0,0,0,0.0,0,1,0,0,0,0,"Chargers, Adapters & Cables",7.601402334583733,4.344194956364874,0,0,1,6.0473721790462776
4.6,0,0,0,1,0.13,0,0,0,0,1,0,Wearables,7.601402334583733,4.0700518696530565,0,0,1,7.487733761436444
4.6,0,0,1,0,0.0,0,0,0,0,1,0,"Office Supplies, Ink & Toner",7.601402334583733,3.804215052793841,0,0,1,7.902487437162855
4.5,0,1,0,0,0.0,0,0,0,0,1,0,Laptops,7.601402334583733,4.605170185988092,0,1,0,10.189718572720594
4.8,0,1,0,0,0.25,0,0,0,0,1,0,PC Components,8.517393171418904,2.301584592660462,0,1,0,11.468806374330676
4.6,0,1,0,0,0.27,0,0,0,0,1,0,Cameras & Photography,7.601402334583733,4.0428758138469085,0,1,0,8.659733878198347
4.2,0,1,1,0,0.15,0,0,0,0,1,0,Computer Peripherals,7.601402334583733,4.6150215020384655,0,0,1,7.213768308118642
4.8,0,0,1,0,0.0,0,0,0,0,1,0,Other Electronics,0.0,4.3943256902608985,0,0,1,6.495265555937008
4.5,0,0,0,0,0.0,0,0,0,0,1,0,Computer Peripherals,6.90875477931522,5.003946305945459,0,0,1,7.634820677745543
4.2,0,0,0,0,0.0,0,0,0,0,1,0,"Audio, Sound & Recording Gear",8.294299608857235,2.995732273553991,0,1,0,9.397981090247738
4.8,0,1,0,0,0.0,0,0,0,0,1,0,PC Components,6.90875477931522,5.225477820371079,0,0,1,10.010636468053171
4.3,0,1,0,0,0.14,0,0,0,0,1,0,Networking,6.2166061010848646,6.552493621597604,1,0,0,6.875232087276577
4.8,0,1,0,0,0.53,0,0,0,0,1,0,"Office Supplies, Ink & Toner",8.006700845440367,4.087991088249925,0,0,1,8.11162807830774
4.4,0,0,0,0,0.0,0,0,0,0,1,0,PC Components,6.90875477931522,4.881285622068407,0,0,1,6.436150368369428
4.4,0,1,0,0,0.08,0,0,0,0,1,0,Computer Peripherals,8.294299608857235,3.2577118486533987,0,1,0,9.77121251322631
3.8,1,1,0,0,0.15,0,0,0,0,1,0,Smart Home & Security,6.90875477931522,4.6150215020384655,0,0,1,4.454347296253507
4.7,0,1,0,0,0.0,0,0,0,0,1,0,PC Components,8.699681400989514,2.1838015570040787,0,1,0,9.87508807801443
4.8,0,0,0,0,0.0,0,0,0,0,1,0,"Office Supplies, Ink & Toner",8.294299608857235,2.771963526845863,0,1,0,10.757541113134543
4.7,0,1,0,0,0.0,0,0,0,0,1,0,Power & Batteries,7.601402334583733,3.8916161956504833,0,0,1,7.8119734296220225
4.8,0,0,0,0,0.0,0,0,0,0,1,0,Laptops,7.601402334583733,3.891412051524022,0,1,0,6.628041376179533
4.7,0,1,0,0,0.06,0,0,0,0,1,0,Small Gadget Accessories (Cases & Protectors),8.006700845440367,3.2519236789144013,0,0,1,8.297294370266917
4.5,0,1,0,0,0.0,0,0,0,0,1,0,Laptops,5.993961427306569,7.390181428226429,0,0,1,4.5217885770490405
4.7,0,1,0,0,0.43,0,0,0,0,1,0,PC Components,8.699681400989514,2.7073833121145063,0,1,0,9.242710752006634
4.4,0,1,0,0,0.05,1,0,0,0,0,0,TV & Video Displays,6.90875477931522,5.707077041605631,0,0,1,6.499787040655854
4.7,0,0,0,0,0.0,0,0,0,0,1,0,"Office Supplies, Ink & Toner",6.90875477931522,5.902332741780143,1,0,0,7.392031567514591
4.6,0,1,0,0,0.0,0,0,0,0,1,0,"Office Supplies, Ink & Toner",6.803505257608338,5.54903717363235,0,0,1,4.356708826689592
4.6,0,1,0,0,0.0,0,0,0,0,1,0,"Office Supplies, Ink & Toner",8.006700845440367,3.306520334720247,0,1,0,7.47477218239787
4.4,0,1,0,0,0.0,0,0,0,0,1,0,TV & Video Displays,7.601402334583733,3.7133281345162463,0,1,0,9.66814489376492
4.7,0,1,0,0,0.0,0,0,0,0,1,0,Small Gadget Accessories (Cases & Protectors),8.517393171418904,2.63834278867739,0,1,0,9.556833658307776
4.4,0,0,0,0,0.0,0,0,0,0,1,0,Laptops,6.2166061010848646,5.993886611540359,0,0,1,6.680854678790215
4.5,0,1,0,0,0.0,0,0,0,0,1,0,"Chargers, Adapters & Cables",8.294299608857235,2.8326249356838407,0,0,1,9.284148299120902
4.6,0,1,0,1,0.0,0,0,0,0,1,0,PC Components,8.006700845440367,3.6373229671995344,0,1,0,9.333442569110169
4.6,0,0,0,0,0.0,0,1,0,0,0,0,Other Electronics,8.699681400989514,2.19722457733622,0,1,0,7.57198844937744
4.2,0,0,0,0,0.0,0,1,0,0,0,0,Video Game Consoles & Virtual Reality,0.0,5.580559670249453,0,0,1,7.690286020676768
4.5,0,1,0,0,0.25,0,0,0,0,1,0,Networking,7.601402334583733,4.3943256902608985,0,0,1,9.145481799627689
4.8,0,0,1,0,0.0,0,0,0,0,1,0,"Office Supplies, Ink & Toner",7.601402334583733,4.041119578762556,0,0,1,9.482502632769927
4.5,0,1,0,0,0.22,0,0,0,0,1,0,Storage & Memory Cards,8.294299608857235,3.177637076851603,0,1,0,9.376363155800634
4.4,0,0,0,0,0.0,0,0,0,0,1,0,PC Components,5.707110264748875,7.773590260367752,1,0,0,3.044522437723423
4.2,0,1,0,0,0.15,0,0,0,0,1,0,Computer Peripherals,6.90875477931522,5.30325515557766,0,0,1,8.858510813033927
4.7,0,1,0,0,0.22,0,0,0,0,1,0,Storage & Memory Cards,8.853808274977197,2.301584592660462,0,1,0,10.164427726544904
4.6,0,0,0,0,0.0,0,0,0,0,1,0,TV & Video Displays,6.90875477931522,4.5107496103686,0,0,1,7.2115567333138015
4.3,0,1,0,0,0.19,0,0,0,0,1,0,Laptops,5.993961427306569,6.685848462595922,0,0,1,6.1092475827643655
4.2,0,1,0,0,0.0,0,0,0,0,1,0,Wearables,6.90875477931522,5.860757733031528,0,0,1,4.912654885736052
4.7,0,1,0,0,0.0,0,0,0,0,1,0,"Chargers, Adapters & Cables",8.517393171418904,2.138889000323256,0,1,0,9.501067802613925
4.3,0,1,0,0,0.0,0,0,0,0,1,0,TV & Video Displays,8.006700845440367,3.319263998899469,0,1,0,9.729074639810214
4.4,0,1,0,0,0.0,0,0,0,0,1,0,PC Components,6.2166061010848646,6.311716660167896,0,0,1,5.049856007249537
4.5,0,1,0,0,0.18,1,0,0,0,0,0,PC Components,6.90875477931522,4.709440107163888,0,0,1,8.130059039992796
4.6,0,1,0,0,0.28,0,0,0,0,1,0,"Office Supplies, Ink & Toner",6.90875477931522,5.8749588203451575,1,0,0,4.0943445622221
4.6,0,1,0,0,0.0,0,0,0,0,1,0,"Audio, Sound & Recording Gear",6.90875477931522,5.075173815233827,0,0,1,10.231963619116156
4.7,0,1,0,0,0.4,0,0,0,0,1,0,PC Components,6.90875477931522,6.309918278226516,0,0,1,7.660585461703256
4.2,0,1,0,0,0.0,0,0,0,0,1,0,Cameras & Photography,7.601402334583733,4.670864289183454,0,0,1,7.787382026484701
4.6,0,0,0,0,0.0,0,0,0,0,1,0,Small Gadget Accessories (Cases & Protectors),6.2166061010848646,5.521460917862246,1,0,0,6.3578422665081
4.8,0,1,0,0,0.24,0,0,0,0,1,0,Power & Batteries,7.601402334583733,3.7612001156935615,0,0,1,8.324821298768782
4.5,0,1,0,0,0.0,0,0,0,0,1,0,Small Gadget Accessories (Cases & Protectors),6.90875477931522,5.129602813160299,1,0,0,7.450079569807499
4.5,0,0,0,0,0.0,0,0,0,0,1,0,Cameras & Photography,6.2166061010848646,6.033110202326614,0,0,1,7.2078598714324755
4.0,0,0,0,0,0.0,0,0,0,0,1,0,Wearables,6.90875477931522,5.375139509149321,0,0,1,8.36822903827628
4.3,0,1,1,0,0.0,0,0,0,0,1,0,Small Gadget Accessories (Cases & Protectors),8.517393171418904,2.9439125248241944,0,1,0,9.574080300037034
4.2,0,1,0,0,0.1,0,0,0,0,1,0,Networking,6.90875477931522,5.398117451625214,0,0,1,8.258163361537619
4.2,0,1,0,0,0.0,0,1,0,0,0,0,Wearables,6.90875477931522,4.918446903101353,0,0,1,6.0473721790462776
4.3,0,1,0,0,0.0,0,0,0,0,1,0,Video Game Consoles & Virtual Reality,7.601402334583733,4.5107496103686,0,0,1,7.708410667257367
4.5,0,1,0,0,0.0,0,0,0,0,1,0,Laptops,7.601402334583733,4.024458434757935,0,1,0,9.94826969530802
4.7,0,1,0,0,0.32,0,0,0,0,1,0,Power & Batteries,8.853808274977197,2.3282528397426234,0,1,0,9.84161214881804
4.8,0,1,0,0,0.0,0,0,0,0,1,0,"Office Supplies, Ink & Toner",7.601402334583733,3.931629535067065,0,0,1,8.572438665642215
4.5,0,1,0,0,0.06,0,0,0,0,1,0,TV & Video Displays,6.2166061010848646,5.521460917862246,0,0,1,8.234564993267135
4.6,0,1,1,0,0.25,0,0,0,0,1,0,"Chargers, Adapters & Cables",8.699681400989514,2.5641798306825083,0,1,0,9.543521484499182
4.3,0,0,0,0,0.0,0,0,0,0,1,0,Cameras & Photography,6.2166061010848646,6.551080335043404,0,0,1,7.328437352895162
4.7,0,0,0,0,0.0,0,0,0,0,1,0,PC Components,6.2166061010848646,5.388112365664251,0,0,1,6.618738983517219
4.4,0,1,0,0,0.0,0,0,0,0,1,0,"Audio, Sound & Recording Gear",6.90875477931522,4.700480365792417,0,0,1,9.191565216649847
4.2,0,1,1,0,0.0,0,0,0,0,1,0,Printers & Scanners (Hardware),6.90875477931522,5.19295685089021,0,0,1,7.877017895622398
4.5,0,1,1,0,0.0,0,0,0,0,1,0,Computer Peripherals,6.90875477931522,3.433664571799657,0,1,0,7.7488913372555315
4.4,0,1,0,0,0.0,0,0,0,0,1,0,Laptops,6.2166061010848646,5.634789603169249,0,0,1,6.894670039433482
4.5,0,1,0,0,0.07,0,0,0,0,1,0,Storage & Memory Cards,8.294299608857235,2.771963526845863,0,1,0,7.696212639346407
4.6,0,1,0,0,0.0,0,0,0,0,1,0,Cameras & Photography,8.006700845440367,3.2260500286162013,0,1,0,6.98100574072173
3.9,0,1,0,0,0.0,0,0,0,0,1,0,Wearables,6.90875477931522,4.6150215020384655,0,0,1,7.1891677384203225
4.4,0,1,0,0,0.13,0,0,0,0,1,0,TV & Video Displays,6.2166061010848646,5.94277312806309,0,0,1,4.584967478670572
4.4,0,0,1,0,0.0,0,0,0,0,1,0,Wearables,7.601402334583733,4.393831680123644,0,0,1,9.933677223699185
3.9,0,1,0,0,0.0,0,0,0,0,1,0,Cameras & Photography,6.90875477931522,5.081342251254203,0,0,1,5.703782474656201
4.8,0,0,0,0,0.0,0,0,0,0,1,0,Power & Batteries,8.006700845440367,3.2276373305367736,0,0,1,9.66675204770245
4.3,0,1,0,0,0.31,0,0,0,0,1,0,Wearables,7.601402334583733,4.262539022051294,0,0,1,7.428333194190806
4.5,0,0,1,0,0.0,0,0,0,0,1,0,TV & Video Displays,5.993961427306569,7.408833551293248,1,0,0,7.121252453244542
4.5,0,1,1,0,0.27,0,0,0,0,1,0,Computer Peripherals,6.90875477931522,5.017213609456379,0,0,1,6.246106765481563
4.5,0,1,0,0,0.0,0,0,0,0,1,0,Wearables,6.90875477931522,4.6150215020384655,0,0,1,7.288927694521257
4.3,0,1,1,0,0.22,0,0,0,0,1,0,Cameras & Photography,6.90875477931522,4.5107496103686,0,0,1,7.85979918056211
4.8,0,1,0,0,0.0,0,0,0,0,1,0,Computer Peripherals,6.90875477931522,5.010635294096256,0,0,1,8.205218426395412
4.2,0,1,0,0,0.14,0,0,0,0,1,0,Laptops,6.2166061010848646,5.860757733031528,0,0,1,4.584967478670572
4.5,0,1,0,0,0.0,0,0,0,0,1,0,"Office Supplies, Ink & Toner",7.601402334583733,3.806440242853081,0,0,1,6.638567789166521
4.4,0,1,1,0,0.3,0,0,0,0,1,0,Computer Peripherals,8.294299608857235,3.433664571799657,0,1,0,9.554780778246572
4.7,0,1,0,0,0.0,0,0,0,0,1,0,"Office Supplies, Ink & Toner",6.803505257608338,5.732985226464296,0,0,1,6.478509642208569
4.2,0,0,0,0,0.0,0,0,0,0,1,0,Networking,5.993961427306569,7.291124732816055,1,0,0,8.228710798793687
4.1,0,1,0,0,0.0,0,0,0,0,1,0,"Chargers, Adapters & Cables",6.2166061010848646,5.293053536872938,1,0,0,6.71901315438526
4.0,0,1,0,0,0.0,0,0,0,0,1,0,Small Gadget Accessories (Cases & Protectors),8.294299608857235,2.768831673362069,0,1,0,8.933004591578547
4.2,0,1,1,0,0.0,0,0,0,0,1,0,Wearables,6.2166061010848646,5.2467608796336345,0,0,1,8.134760782418645
4.7,0,0,0,0,0.0,0,0,0,0,1,0,Wearables,6.90875477931522,5.41898512627301,0,0,1,10.204850612043773
4.6,0,1,0,0,0.0,0,0,0,0,1,0,Computer Peripherals,7.601402334583733,3.58324112209094,0,1,0,6.2422232654551655
4.2,0,0,0,0,0.0,0,0,0,0,1,0,PC Components,5.303304908059076,7.824441932468986,1,0,0,3.091042453358316
4.6,0,1,0,0,0.0,0,0,0,0,1,0,"Office Supplies, Ink & Toner",8.006700845440367,3.0440461338325417,0,1,0,8.460199469896118
4.1,0,0,0,0,0.0,0,0,0,0,1,0,TV & Video Displays,6.2166061010848646,6.537937198320115,0,0,1,6.218600119691729
4.6,0,1,0,0,0.0,0,0,0,0,1,0,"Office Supplies, Ink & Toner",6.90875477931522,4.583844399273339,0,0,1,6.159095388491933
4.8,0,1,0,0,0.0,0,0,0,0,1,0,PC Components,7.601402334583733,4.5107496103686,0,1,0,11.022359880211598
4.5,0,1,0,0,0.32,0,0,0,0,1,0,Wearables,6.90875477931522,5.442374419541463,0,0,1,9.27977314669152
4.8,1,0,0,0,0.32,0,0,0,0,1,0,TV & Video Displays,8.006700845440367,4.2310583855379225,0,1,0,9.274347501950476
4.4,0,1,1,0,0.0,0,0,0,0,1,0,Computer Peripherals,8.006700845440367,4.248495242049359,0,0,1,7.111512116496157
4.3,0,0,0,1,0.4,0,1,0,0,0,0,Small Gadget Accessories (Cases & Protectors),8.699681400989514,3.2573270112424533,0,0,1,6.432940092739179
4.2,0,1,0,0,0.0,0,0,0,0,1,0,"Chargers, Adapters & Cables",8.294299608857235,2.7555697170701863,0,0,1,8.556990661290303
4.4,0,1,0,1,0.0,0,0,0,0,1,0,Computer Peripherals,8.294299608857235,3.0440461338325417,0,1,0,6.3080984415095305
4.3,0,0,1,0,0.0,0,0,0,0,1,0,Printers & Scanners (Hardware),6.68586094706836,6.0867747269123065,0,0,1,7.656337166430183
4.5,0,1,0,0,0.0,0,0,0,0,1,0,"Audio, Sound & Recording Gear",5.707110264748875,6.907755278982137,1,0,0,7.310550158534422
4.7,0,1,0,0,0.0,0,0,0,0,1,0,Small Gadget Accessories (Cases & Protectors),8.294299608857235,2.5817308344235403,0,1,0,8.742733867330168
4.8,0,0,0,0,0.0,0,0,0,0,1,0,"Office Supplies, Ink & Toner",6.90875477931522,4.851170519445229,0,0,1,7.639642287858013
4.6,0,0,0,0,0.0,0,0,0,0,1,0,Tablets & E-readers (DEVICES ONLY),8.006700845440367,4.855539723555893,0,0,1,5.799092654460526
3.8,0,0,0,0,0.0,0,0,0,0,1,0,"Office Supplies, Ink & Toner",6.803505257608338,5.319540552999562,0,0,1,7.881182202227102
4.5,0,1,0,0,0.0,0,0,0,0,1,0,"Chargers, Adapters & Cables",8.517393171418904,2.5847519847577165,0,1,0,10.366435096057655
4.5,0,1,0,0,0.0,0,0,0,0,1,0,Laptops,5.707110264748875,7.4960917926896915,1,0,0,4.727387818712341
4.7,0,0,0,0,0.0,0,0,0,0,1,0,"Office Supplies, Ink & Toner",7.601402334583733,4.246922577489038,0,0,1,9.54029139160713
4.8,0,1,0,0,0.0,0,0,0,0,1,0,Smart Home & Security,7.601402334583733,3.931629535067065,0,0,1,8.069342366811636
4.5,0,1,0,0,0.24,0,0,0,0,1,0,Wearables,6.90875477931522,5.525413097700675,0,0,1,7.509335266016592
4.4,0,1,0,0,0.06,0,0,0,0,1,0,Laptops,6.90875477931522,5.17042717524212,0,0,1,5.961005339623274
4.6,0,1,0,0,0.13,0,0,0,0,1,0,"Chargers, Adapters & Cables",8.006700845440367,3.5435646229490776,0,0,1,11.011472447450902
4.4,0,1,0,0,0.29,0,0,0,0,1,0,Mobile Cell Phones & Smartphones,8.006700845440367,3.58324112209094,0,1,0,7.56164174558878
4.8,0,1,0,0,0.39,0,0,0,0,1,0,Power & Batteries,8.294299608857235,3.49620448524049,0,0,1,6.489204931325317
4.5,0,1,0,0,0.1,0,0,0,0,1,0,Networking,6.90875477931522,4.6150215020384655,0,0,1,7.362645270417825
4.7,0,0,0,0,0.0,0,1,0,0,0,0,Cameras & Photography,6.90875477931522,5.351952915713946,0,0,1,7.922623574217286
4.8,0,0,1,0,0.0,0,0,0,0,1,0,"Chargers, Adapters & Cables",8.006700845440367,3.433664571799657,0,0,1,10.193092774549758
4.8,0,1,0,0,0.12,0,0,0,0,1,0,"Office Supplies, Ink & Toner",8.294299608857235,2.9047128751668225,0,1,0,9.045229851912582
4.8,0,1,0,0,0.06,0,0,0,0,1,0,"Office Supplies, Ink & Toner",7.601402334583733,3.931629535067065,0,0,1,5.69035945432406
4.7,0,0,0,0,0.0,0,0,0,0,1,0,Wearables,6.90875477931522,4.548705649006965,0,0,1,10.434938994095775
4.5,0,0,0,0,0.0,0,1,0,0,0,0,TV & Video Displays,8.006700845440367,3.663305202994506,0,1,0,8.561018670956267
4.7,0,1,0,0,0.19,0,0,0,0,1,0,Power & Batteries,8.517393171418904,2.7067159780890733,0,0,1,8.839856232763264
3.9,0,1,0,0,0.37,0,0,0,0,1,0,Networking,6.90875477931522,5.739760757321436,0,0,1,8.957639268419648
4.3,0,1,0,0,0.0,0,0,0,0,1,0,Cameras & Photography,6.2166061010848646,6.21658614080582,0,0,1,5.948034989180646
4.5,0,0,0,0,0.0,1,0,0,0,0,0,Laptops,6.2166061010848646,6.066084887978432,0,0,1,4.90527477843843
4.3,0,1,0,0,0.0,0,0,0,0,1,0,Computer Peripherals,8.294299608857235,2.444952334280968,0,1,0,10.22756182242878
4.8,0,1,0,0,0.0,0,0,0,0,1,0,PC Components,6.90875477931522,5.049791902630777,0,0,1,8.11102783819368
4.8,0,1,0,0,0.0,0,0,0,0,1,0,PC Components,6.90875477931522,4.303929948937459,0,1,0,9.666942095531727
4.1,0,1,1,0,0.0,0,0,0,0,1,0,TV & Video Displays,6.90875477931522,4.6149224774307696,0,0,1,8.793308627496552
4.8,0,1,0,0,0.0,1,0,0,0,0,0,"Audio, Sound & Recording Gear",8.294299608857235,2.653241964607215,0,1,0,9.560151815893512
4.3,0,1,0,0,0.0,0,0,0,0,1,0,Computer Peripherals,7.601402334583733,3.7133281345162463,0,0,1,9.31533081916712
4.8,0,1,0,0,0.0,0,0,0,0,1,0,Cameras & Photography,6.90875477931522,4.276527220481212,0,0,1,9.7672095342435
4.7,0,1,0,0,0.0,0,0,0,0,1,0,Smart Home & Security,6.90875477931522,5.30325515557766,0,0,1,8.093156697722637
4.6,0,0,0,0,0.0,0,0,0,0,1,0,"Office Supplies, Ink & Toner",6.55250788703459,5.567924568272286,0,0,1,5.429345628954441
4.6,0,1,0,0,0.22,0,0,0,0,1,0,Laptops,7.601402334583733,3.235142797332073,0,1,0,9.287671714912506
4.6,0,1,0,0,0.0,0,0,0,0,1,0,"Office Supplies, Ink & Toner",7.601402334583733,3.854182005738296,0,0,1,7.115582126184454
4.3,0,1,0,0,0.0,0,0,0,0,1,0,Small Gadget Accessories (Cases & Protectors),6.90875477931522,4.663344750039164,0,0,1,7.344072850573066
4.6,0,1,0,0,0.0,0,0,0,0,1,0,"Office Supplies, Ink & Toner",8.006700845440367,3.18179681662678,0,1,0,7.8709295967551425
4.5,0,0,0,0,0.0,0,0,0,0,1,0,Cameras & Photography,6.2166061010848646,7.090876515946656,0,0,1,8.6921543938039
4.0,0,1,0,0,0.15,0,0,0,0,1,0,Printers & Scanners (Hardware),6.90875477931522,4.875120984409557,0,1,0,8.557374981049069
4.2,0,1,0,0,0.0,0,0,0,0,1,0,TV & Video Displays,7.601402334583733,4.9486889658772695,0,0,1,7.509883061154913
4.7,0,1,0,0,0.1,0,1,0,0,0,0,"Chargers, Adapters & Cables",8.699681400989514,2.1564025828159643,0,1,0,11.422738140904643
4.7,0,0,1,0,0.0,0,0,0,0,1,0,PC Components,6.2166061010848646,7.022770042060797,1,0,0,5.886104031450156
4.4,0,0,0,0,0.0,0,0,0,0,1,0,Networking,6.2166061010848646,6.769699380486169,1,0,0,7.151485463904735
4.6,0,1,0,0,0.37,0,1,0,0,0,0,"Audio, Sound & Recording Gear",8.517393171418904,2.9444389791664403,0,1,0,10.262280252445862
4.2,0,0,0,0,0.0,0,0,0,0,1,0,"Audio, Sound & Recording Gear",6.90875477931522,4.182050142641207,0,0,1,8.965590066907914
4.3,0,0,0,0,0.0,0,0,0,0,1,0,"Audio, Sound & Recording Gear",6.90875477931522,3.811760583489752,0,1,0,8.87640491500694
4.1,0,0,0,0,0.0,0,0,0,0,1,0,TV & Video Displays,6.2166061010848646,7.5501300820853245,1,0,0,5.84354441703136
4.8,0,1,0,0,0.0,0,0,0,0,1,0,Storage & Memory Cards,6.2166061010848646,5.442374419541463,0,0,1,4.919980925828125
4.7,0,1,1,0,0.23,1,0,0,0,0,0,"Office Supplies, Ink & Toner",8.006700845440367,3.509453700432007,0,0,1,5.62040086571715
3.8,0,1,0,0,0.0,0,0,0,0,1,0,Wearables,6.90875477931522,5.236441962829949,0,0,1,5.673323267171493
4.6,0,0,0,0,0.0,0,0,0,0,1,0,"Office Supplies, Ink & Toner",6.68586094706836,5.332187251055652,0,0,1,5.66988092298052
4.5,0,1,0,0,0.1,0,0,0,0,1,0,Small Gadget Accessories (Cases & Protectors),8.006700845440367,3.0440461338325417,0,1,0,10.735504973675503
4.4,0,1,0,0,0.2,0,0,0,0,1,0,Small Gadget Accessories (Cases & Protectors),8.517393171418904,3.0440461338325417,0,1,0,9.494842393421331
4.6,0,1,1,0,0.3,0,0,0,0,1,0,"Chargers, Adapters & Cables",8.699681400989514,2.39698576841553,0,1,0,9.950561959922055
4.0,0,1,1,0,0.1,0,0,0,0,1,0,Smart Home & Security,7.601402334583733,4.510639702141858,0,0,1,7.585281078639126
4.3,0,1,0,0,0.21,0,0,0,0,1,0,Wearables,8.006700845440367,3.76096753050819,0,1,0,8.625868208041894
4.3,0,0,0,0,0.0,0,0,0,0,1,0,Laptops,6.2166061010848646,6.363028103540465,0,0,1,5.932245187448011
4.6,0,1,0,0,0.0,0,0,0,0,1,0,TV & Video Displays,6.90875477931522,4.5685062016165,0,0,1,8.068716192714781
4.7,0,1,0,0,0.0,0,0,0,0,1,0,"Office Supplies, Ink & Toner",6.90875477931522,4.512506501124672,0,0,1,8.959183074206774
4.3,0,1,0,0,0.12,0,0,0,0,1,0,Mobile Cell Phones & Smartphones,6.90875477931522,5.322961197460796,0,0,1,7.824445930877619
4.7,0,0,0,0,0.0,0,0,0,0,1,0,PC Components,6.2166061010848646,5.700443573390687,0,0,1,8.089482474360754
4.8,0,1,0,0,0.21,0,0,0,0,1,0,"Office Supplies, Ink & Toner",8.294299608857235,2.8970163006148333,0,1,0,7.891704659330107
4.6,0,0,1,0,0.0,0,0,0,0,1,0,"Office Supplies, Ink & Toner",7.601402334583733,3.889572876590554,0,0,1,8.23031079913502
4.6,0,1,0,0,0.0,0,0,0,0,1,0,"Chargers, Adapters & Cables",7.601402334583733,3.236715742996532,0,0,1,5.860786223465865
4.5,0,1,1,0,0.15,0,1,0,0,0,0,PC Components,6.2166061010848646,6.552493621597604,0,0,1,5.365976015021851
4.4,0,0,0,0,0.0,0,0,0,0,1,0,Smart Home & Security,6.90875477931522,5.397936431576749,0,0,1,7.244941546337007
4.7,0,1,0,0,0.13,0,0,0,0,1,0,PC Components,8.006700845440367,3.433664571799657,0,1,0,9.837027185835858
4.5,0,1,0,0,0.0,0,0,0,0,1,0,"Audio, Sound & Recording Gear",6.90875477931522,5.135798437050262,0,0,1,6.267200548541362
4.7,0,1,0,0,0.25,0,0,0,0,1,0,Laptops,8.294299608857235,3.0440461338325417,0,1,0,9.707351006708445
4.3,0,1,0,0,0.0,0,0,0,0,1,0,"Audio, Sound & Recording Gear",6.90875477931522,5.008967236995559,0,0,1,9.579556347409229
4.2,0,1,0,0,0.12,0,0,0,0,1,0,Small Gadget Accessories (Cases & Protectors),7.601402334583733,3.7133281345162463,0,0,1,10.209205987474007
4.7,0,1,0,0,0.0,0,0,0,0,1,0,"Office Supplies, Ink & Toner",7.601402334583733,3.8918202981106265,0,0,1,8.03268487596762
4.6,0,0,0,0,0.0,0,0,0,0,1,0,"Office Supplies, Ink & Toner",6.398594934535208,6.333084227167393,1,0,0,6.856461984594587
4.3,0,1,1,0,0.0,0,0,0,0,1,0,"Audio, Sound & Recording Gear",6.90875477931522,4.3943256902608985,0,0,1,7.813995675002791
4.5,0,1,0,0,0.33,0,0,0,0,1,0,"Office Supplies, Ink & Toner",7.601402334583733,3.824284091120139,0,0,1,6.403574197934815
4.6,0,1,0,0,0.33,0,0,0,0,1,0,Computer Peripherals,8.294299608857235,2.771963526845863,0,1,0,8.948585921534317
4.4,0,1,0,0,0.37,0,0,0,0,1,0,Computer Peripherals,8.699681400989514,2.39698576841553,0,1,0,7.769378609513984
4.6,0,1,0,0,0.24,0,0,0,0,1,0,"Office Supplies, Ink & Toner",6.90875477931522,5.040129369323958,0,0,1,7.190676034332207
4.6,0,1,0,0,0.0,0,0,0,0,1,0,"Office Supplies, Ink & Toner",8.517393171418904,2.554899021608035,0,1,0,7.232733136177615
4.0,1,1,1,0,0.35,0,0,0,0,1,0,"Office Supplies, Ink & Toner",8.294299608857235,5.442374419541463,0,0,1,8.166500319155052
4.8,0,0,0,0,0.0,0,0,0,0,1,0,Power & Batteries,6.90875477931522,4.641309232603964,1,0,0,5.541263545158426
4.6,0,1,0,0,0.0,0,0,0,0,1,0,Computer Peripherals,0.0,5.30325515557766,0,0,1,2.6390573296152584
4.8,0,1,0,0,0.18,0,0,0,0,1,0,Storage & Memory Cards,8.294299608857235,2.4840729690394228,0,1,0,10.950701278118238
4.5,0,0,0,0,0.0,0,0,0,0,1,0,PC Components,7.601402334583733,4.553771622902091,0,1,0,6.040254711277414
3.8,0,0,0,0,0.0,0,0,0,0,1,0,Smart Home & Security,7.601402334583733,2.934388643312939,0,1,0,11.68859997904239
4.6,0,1,1,0,0.0,0,0,0,0,1,0,Computer Peripherals,8.006700845440367,3.2499868198932536,0,1,0,7.383989457978509
4.5,0,1,0,0,0.0,0,0,0,0,1,0,TV & Video Displays,7.601402334583733,4.248066578757805,0,1,0,3.828641396489095
4.6,0,1,0,0,0.29,0,0,0,0,1,0,"Audio, Sound & Recording Gear",8.517393171418904,2.7073833121145063,0,1,0,10.044379291233607
4.5,0,1,1,0,0.0,0,0,0,0,1,0,Small Gadget Accessories (Cases & Protectors),7.601402334583733,3.687628672212284,0,0,1,10.149487885993263
4.7,0,1,0,0,0.0,0,0,0,0,1,0,Laptops,7.601402334583733,4.110709916308365,0,1,0,5.802118375377063
4.6,0,1,0,0,0.21,0,0,0,0,1,0,Power & Batteries,8.006700845440367,3.4333418349887226,0,0,1,11.17241910219308
4.5,0,0,0,0,0.0,0,0,0,0,1,0,PC Components,4.61512051684126,7.824441932468986,1,0,0,6.6052979209482015
3.9,0,1,0,0,0.08,0,0,0,0,1,0,Laptops,6.2166061010848646,5.043425116919247,0,0,1,6.617402977974478
4.5,0,0,0,0,0.0,0,0,0,0,1,0,"Audio, Sound & Recording Gear",6.2166061010848646,6.07674734763644,1,0,0,6.883462586413092
4.4,0,1,0,0,0.0,0,0,0,0,1,0,Cameras & Photography,6.2166061010848646,6.175846479868856,0,0,1,3.1354942159291497
4.3,0,1,0,0,0.0,0,0,0,0,1,0,Small Gadget Accessories (Cases & Protectors),6.90875477931522,4.6150215020384655,0,0,1,8.408716715080153
4.3,0,0,1,0,0.32,0,0,0,0,1,0,"Audio, Sound & Recording Gear",7.601402334583733,4.085976312551584,0,0,1,6.723832440821209
4.6,0,1,0,0,0.0,0,0,0,0,1,0,Power & Batteries,8.987321812850125,1.6845453849209058,0,1,0,9.320807825002154
4.1,0,1,0,0,0.28,0,0,0,0,1,0,TV & Video Displays,6.2166061010848646,5.707077041605631,0,0,1,6.257667587882639
4.6,0,1,0,0,0.22,1,0,0,0,0,0,"Chargers, Adapters & Cables",8.006700845440367,2.784393767689544,0,0,1,7.870165946469845
4.5,0,0,0,0,0.0,0,0,0,0,1,0,TV & Video Displays,6.2166061010848646,4.672361435528415,0,0,1,5.968707559985366
4.4,0,0,1,0,0.3,0,0,0,0,1,0,Computer Peripherals,8.006700845440367,3.0440461338325417,0,1,0,8.042056410058754
4.5,0,1,0,0,0.0,0,0,0,0,1,0,Storage & Memory Cards,8.006700845440367,3.4008639927609177,0,0,1,9.617204500998056
4.6,0,0,0,0,0.0,0,0,0,0,1,0,PC Components,6.2166061010848646,6.907755278982137,1,0,0,6.428105272684596
4.8,0,1,0,0,0.23,0,0,0,0,1,0,"Audio, Sound & Recording Gear",6.90875477931522,5.043425116919247,0,0,1,8.246958032568177
4.7,0,0,0,0,0.18,0,1,0,0,0,0,Small Gadget Accessories (Cases & Protectors),8.517393171418904,2.771963526845863,0,1,0,10.447002994124777
4.7,0,1,0,0,0.0,0,0,0,0,1,0,Small Gadget Accessories (Cases & Protectors),8.006700845440367,3.1350593387750902,0,0,1,6.452048954437226
4.6,0,1,0,0,0.33,0,0,0,0,1,0,Small Gadget Accessories (Cases & Protectors),8.517393171418904,2.850128299695199,0,1,0,10.182255007598334
4.6,0,0,0,0,0.0,0,0,0,0,1,0,"Audio, Sound & Recording Gear",6.90875477931522,4.598548309679204,0,0,1,11.341579455889253
4.3,0,0,0,0,0.0,0,0,0,0,1,0,TV & Video Displays,6.2166061010848646,5.932218661897273,0,0,1,7.518064181233078
4.1,0,1,0,0,0.08,0,0,0,0,1,0,PC Components,8.517393171418904,2.63834278867739,0,1,0,7.519149957669823
4.2,0,0,0,0,0.0,0,0,0,0,1,0,Computer Peripherals,7.601402334583733,3.874321138244136,0,0,1,8.881141619321468
4.7,0,1,0,0,0.0,0,0,0,0,1,0,Small Gadget Accessories (Cases & Protectors),6.90875477931522,5.081093757744817,1,0,0,7.177782416195197
4.5,0,1,0,0,0.32,0,0,0,0,1,0,PC Components,6.90875477931522,4.990364557253896,0,0,1,6.8679744089702925
4.3,0,1,0,0,0.0,0,0,0,0,1,0,Small Gadget Accessories (Cases & Protectors),8.006700845440367,3.432372999130605,0,0,1,9.144414221860016
4.5,0,1,1,0,0.31,0,0,0,0,1,0,"Chargers, Adapters & Cables",7.601402334583733,4.007151350519723,0,0,1,7.671826797878781
4.5,0,1,0,0,0.08,0,0,0,0,1,0,Cameras & Photography,6.2166061010848646,5.703782474656201,0,0,1,8.476579508530941
4.7,0,1,0,0,0.0,0,0,0,0,1,0,Storage & Memory Cards,8.294299608857235,2.7880929087757464,0,1,0,9.444067716830038
4.0,0,1,1,0,0.35,0,0,0,0,1,0,TV & Video Displays,6.2166061010848646,6.29340079438729,0,0,1,5.204006687076795
4.7,0,1,0,0,0.16,0,0,0,0,1,0,"Office Supplies, Ink & Toner",7.601402334583733,4.060270581888349,0,0,1,8.125926802707886
4.6,0,1,0,0,0.0,0,0,0,0,1,0,Smart Home & Security,6.90875477931522,4.875120984409557,0,0,1,7.281385663570282
4.8,0,1,0,0,0.0,0,0,0,0,1,0,PC Components,6.2166061010848646,5.3946724547908,0,0,1,8.193123721512068
4.6,0,0,0,0,0.0,0,0,0,0,1,0,PC Components,6.90875477931522,5.137737731872486,0,0,1,7.382124365737512
4.3,0,0,1,0,0.0,0,0,0,0,1,0,"Audio, Sound & Recording Gear",6.90875477931522,4.6150215020384655,0,0,1,9.35539264367532
4.3,0,0,0,0,0.0,0,0,0,0,1,0,Computer Peripherals,6.90875477931522,4.76567208264212,0,0,1,8.09376775793108
4.7,0,1,0,0,0.17,0,0,0,0,1,0,"Office Supplies, Ink & Toner",8.294299608857235,3.433664571799657,0,0,1,9.525224101853109
4.7,0,1,0,0,0.0,0,0,0,0,1,0,Small Gadget Accessories (Cases & Protectors),8.294299608857235,3.132446096869813,0,0,1,9.664341643744413
4.8,0,1,0,0,0.0,0,0,0,0,1,0,Power & Batteries,8.006700845440367,3.3250360206965914,0,0,1,6.716594773520978
4.5,0,1,0,0,0.28,0,0,0,1,0,0,Computer Peripherals,8.006700845440367,2.9439125248241944,0,1,0,9.883998875952264
4.4,0,0,0,0,0.0,0,0,0,0,1,0,TV & Video Displays,6.2166061010848646,6.027820584068636,0,0,1,7.016609683894219
4.6,0,1,0,0,0.12,0,0,0,0,1,0,Tablets & E-readers (DEVICES ONLY),6.2166061010848646,6.90874478925533,1,0,0,6.118097198041348
4.3,0,1,0,0,0.0,0,0,0,0,1,0,Smart Home & Security,6.90875477931522,4.976664774525102,0,0,1,9.857181799659616
4.8,0,1,0,0,0.0,0,1,0,0,0,0,Small Gadget Accessories (Cases & Protectors),8.006700845440367,2.6851226964585053,0,1,0,9.550092936718968
4.0,0,0,0,0,0.0,0,0,0,0,1,0,PC Components,6.2166061010848646,6.016132769157005,0,0,1,5.786897381366708
4.5,0,0,0,0,0.0,0,0,0,0,1,0,Computer Peripherals,6.90875477931522,4.870376561674688,0,0,1,4.477336814478207
4.0,0,1,1,0,0.07,0,0,0,0,1,0,"Office Supplies, Ink & Toner",6.398594934535208,5.638319081511895,0,0,1,7.080867896690782
4.3,0,0,0,0,0.26,0,0,0,0,1,0,Laptops,7.601402334583733,3.931629535067065,0,1,0,5.796057750765372
4.2,0,1,0,0,0.59,0,0,0,0,1,0,Laptops,6.2166061010848646,5.560681631015528,0,0,1,7.550661243105336
4.1,0,1,0,0,0.1,0,0,0,0,1,0,Small Gadget Accessories (Cases & Protectors),6.90875477931522,4.614625344758847,0,0,1,7.787796878181171
4.4,0,1,0,0,0.09,0,0,0,0,1,0,"Office Supplies, Ink & Toner",6.90875477931522,4.709440107163888,0,0,1,10.064840802893888
4.7,0,1,0,0,0.4,0,0,0,0,1,0,"Office Supplies, Ink & Toner",8.006700845440367,3.117064558721516,0,1,0,9.40705780905387
4.4,0,1,1,0,0.17,0,0,0,0,1,0,"Audio, Sound & Recording Gear",6.90875477931522,4.709440107163888,0,0,1,5.241747015059643
4.4,0,1,0,0,0.28,0,1,0,0,0,0,TV & Video Displays,7.601402334583733,4.007151350519723,0,1,0,9.096947684621092
4.4,0,0,0,0,0.0,0,0,0,0,1,0,PC Components,6.90875477931522,4.972725721023036,0,0,1,7.037027614686276
4.7,0,1,0,0,0.0,0,0,0,0,1,0,"Chargers, Adapters & Cables",8.294299608857235,2.7555697170701863,0,0,1,11.83363120386919
4.7,0,1,0,0,0.0,0,0,0,0,1,0,"Audio, Sound & Recording Gear",8.294299608857235,2.5641798306825083,0,1,0,9.424644974623188
4.4,0,1,0,0,0.0,0,0,0,0,1,0,Cameras & Photography,8.294299608857235,3.0996417369445024,0,1,0,8.729720590267258
4.5,0,1,0,0,0.12,0,0,0,0,1,0,"Office Supplies, Ink & Toner",8.006700845440367,3.506157817298642,0,0,1,7.00850518208228
4.1,0,1,0,0,0.0,0,0,0,0,1,0,Laptops,5.303304908059076,7.783636431281301,1,0,0,6.300785794663244
4.8,0,1,0,0,0.0,0,0,0,0,1,0,"Office Supplies, Ink & Toner",7.601402334583733,3.7133281345162463,0,0,1,6.697034247666484
4.6,0,1,0,0,0.42,0,0,0,0,1,0,Wearables,6.2166061010848646,5.484755438853831,0,0,1,5.834810737062605
4.4,0,1,0,0,0.0,0,0,0,0,1,0,TV & Video Displays,6.90875477931522,5.017081141579645,0,0,1,8.425735580927402
4.5,0,1,0,0,0.1,0,0,0,0,1,0,Tablets & E-readers (DEVICES ONLY),7.601402334583733,3.433664571799657,0,1,0,6.683360945766275
4.8,0,0,0,0,0.0,0,0,0,0,1,0,"Chargers, Adapters & Cables",7.601402334583733,3.5709401562492498,0,0,1,5.996452088619021
4.6,0,1,0,1,0.0,0,1,0,0,0,0,"Chargers, Adapters & Cables",8.517393171418904,2.39698576841553,0,1,0,10.853406465390266
4.3,0,1,0,0,0.0,0,0,0,0,1,0,Mobile Cell Phones & Smartphones,7.601402334583733,3.760036648430265,0,0,1,11.095165078767913
4.5,0,1,0,0,0.0,0,0,0,0,1,0,"Office Supplies, Ink & Toner",6.68586094706836,5.484755438853831,0,0,1,6.4457198193855785
4.6,0,1,1,0,0.28,0,0,0,0,1,0,Smart Home & Security,8.006700845440367,3.2577118486533987,0,1,0,9.76347807952779
4.4,0,1,0,0,0.22,0,0,0,0,1,0,"Audio, Sound & Recording Gear",7.601402334583733,3.951051392395625,0,0,1,7.884576510596324
4.6,0,1,0,0,0.11,0,0,0,0,1,0,"Office Supplies, Ink & Toner",6.55250788703459,6.196423760988341,1,0,0,5.950642552587727
4.6,0,1,0,0,0.0,0,0,0,0,1,0,"Audio, Sound & Recording Gear",6.68586094706836,5.991214515852772,0,0,1,6.892641641172089
4.5,0,0,0,0,0.0,0,0,0,0,1,0,TV & Video Displays,5.707110264748875,7.22983877815125,1,0,0,4.890349128221754
4.2,0,0,0,0,0.09,0,0,0,0,1,0,Mobile Cell Phones & Smartphones,6.2166061010848646,6.345636360828596,1,0,0,7.01211529430638
4.9,0,1,0,0,0.26,0,0,0,0,1,0,TV & Video Displays,8.006700845440367,3.210440346047099,0,1,0,9.430439293104168
4.0,0,1,0,0,0.21,0,0,0,0,1,0,Computer Peripherals,8.294299608857235,2.8326249356838407,0,1,0,9.37974553683691
4.7,0,1,0,0,0.0,0,0,0,0,1,0,"Office Supplies, Ink & Toner",7.601402334583733,3.676047475298558,0,0,1,8.921457578947884
4.8,0,1,0,0,0.12,0,0,0,0,1,0,"Audio, Sound & Recording Gear",6.90875477931522,4.605170185988092,0,0,1,8.771835409789817
4.8,0,1,0,0,0.5,0,0,0,0,1,0,"Office Supplies, Ink & Toner",7.601402334583733,4.026065721468807,0,0,1,7.062191632286556
4.6,0,1,0,0,0.0,0,0,0,0,1,0,"Office Supplies, Ink & Toner",6.90875477931522,4.410978456623649,0,0,1,8.770749549138642
4.4,0,1,1,0,0.25,0,0,0,0,1,0,Smart Home & Security,7.601402334583733,3.7133281345162463,0,1,0,9.04310445260027
4.2,0,1,0,0,0.1,0,0,0,0,1,0,"Chargers, Adapters & Cables",7.601402334583733,3.931629535067065,0,0,1,9.298168082341704
4.5,0,1,0,0,0.0,0,0,0,0,1,0,Small Gadget Accessories (Cases & Protectors),8.699681400989514,2.0781907597781832,0,1,0,9.810165395304756
4.7,0,1,0,0,0.2,0,0,0,0,1,0,Small Gadget Accessories (Cases & Protectors),8.006700845440367,2.9439125248241944,0,1,0,7.212294468500341
4.6,0,1,0,0,0.16,0,0,0,0,1,0,PC Components,6.90875477931522,4.3943256902608985,0,1,0,8.826294231241318
4.7,0,1,0,0,0.25,0,0,0,0,1,0,Storage & Memory Cards,7.601402334583733,3.7133281345162463,0,0,1,10.016191042449211
4.7,0,1,0,0,0.0,0,0,0,0,1,0,Power & Batteries,8.699681400989514,1.885553348514416,0,1,0,9.0940312495758
4.6,0,1,0,0,0.05,0,0,0,0,1,0,TV & Video Displays,6.90875477931522,5.442374419541463,0,0,1,6.71901315438526
4.7,0,0,0,0,0.0,0,0,0,0,1,0,Wearables,8.006700845440367,3.292869504776528,0,1,0,12.21149790217524
4.4,0,1,0,0,0.0,0,0,0,0,1,0,Small Gadget Accessories (Cases & Protectors),8.987321812850125,1.5238800240724537,0,1,0,9.28489110324048
4.6,0,0,0,0,0.0,0,0,0,0,1,0,"Office Supplies, Ink & Toner",6.90875477931522,5.074486078797329,0,0,1,6.937314081223682
4.6,0,1,0,0,0.0,0,0,0,0,1,0,"Office Supplies, Ink & Toner",8.006700845440367,2.9559514035421466,0,1,0,8.975630184290507
4.7,0,1,0,0,0.09,0,0,0,0,1,0,"Chargers, Adapters & Cables",8.294299608857235,2.2071749081893874,0,1,0,10.937419087729904
4.5,0,0,1,0,0.0,0,0,0,0,1,0,Smart Home & Security,7.601402334583733,3.931629535067065,0,0,1,10.48559143430275
4.4,0,1,0,0,0.0,0,0,0,0,1,0,"Office Supplies, Ink & Toner",6.90875477931522,4.259717747786098,0,0,1,6.3835066348840055
4.8,0,1,0,0,0.4,0,0,0,0,1,0,"Office Supplies, Ink & Toner",8.006700845440367,3.4372078191851885,0,0,1,7.676009932028887
4.4,0,0,1,0,0.0,0,0,0,0,1,0,Computer Peripherals,6.90875477931522,3.6425737012374246,0,0,1,5.19295685089021
4.5,0,1,0,0,0.0,0,0,0,0,1,0,"Office Supplies, Ink & Toner",7.601402334583733,3.588782837575651,0,0,1,7.242082359256962
4.3,0,1,0,0,0.09,0,0,0,0,1,0,"Audio, Sound & Recording Gear",6.2166061010848646,5.991464547107982,0,0,1,7.307202314764738
4.4,0,0,0,0,0.0,0,0,0,0,1,0,TV & Video Displays,7.601402334583733,4.268157803514369,0,1,0,7.429520842786462
4.1,0,1,0,0,0.2,1,0,0,0,0,0,Cameras & Photography,6.90875477931522,5.30325515557766,0,0,1,3.49650756146648
4.6,0,1,0,0,0.0,0,0,0,0,1,0,"Chargers, Adapters & Cables",8.853808274977197,1.6094379124341005,0,1,0,9.547669384317375
4.3,0,0,0,0,0.0,0,0,0,0,1,0,PC Components,6.90875477931522,4.795707897553386,0,0,1,8.449984441722787
4.0,0,1,0,0,0.0,0,0,0,0,1,0,PC Components,5.303304908059076,7.600902459542082,1,0,0,3.80666248977032
4.5,0,1,0,0,0.07,1,0,0,0,0,0,Storage & Memory Cards,6.90875477931522,4.871373226762748,0,0,1,8.454040376410969
4.7,0,1,0,0,0.0,0,0,0,0,1,0,"Office Supplies, Ink & Toner",6.90875477931522,4.289774274968795,0,0,1,6.297109319933935
4.8,0,0,0,0,0.0,0,0,0,0,1,0,Networking,6.90875477931522,4.995521656286208,0,0,1,6.333279628139691
4.2,0,1,0,0,0.18,0,0,0,0,1,0,Computer Peripherals,7.601402334583733,3.1350593387750902,0,1,0,7.500529485395295
4.6,0,1,0,0,0.15,0,0,0,0,1,0,PC Components,7.601402334583733,3.7133281345162463,0,1,0,7.725771441587952
4.2,0,0,1,0,0.0,0,0,0,0,1,0,"Audio, Sound & Recording Gear",8.006700845440367,2.740194654428777,0,1,0,9.43675855582405
4.3,0,0,0,0,0.14,0,0,0,0,1,0,Computer Peripherals,7.601402334583733,4.262539022051294,0,0,1,8.79300509129753
4.8,0,0,0,0,0.0,0,0,0,0,1,0,Laptops,7.601402334583733,3.760734891214364,0,1,0,6.505784060128229
4.1,0,1,0,0,0.0,0,0,0,0,1,0,Laptops,6.90875477931522,5.525413097700675,0,0,1,7.72356247227797
4.8,0,1,0,0,0.4,0,0,0,0,1,0,"Office Supplies, Ink & Toner",8.294299608857235,2.869034620508033,0,1,0,8.954544488386723
4.6,0,1,1,0,0.36,0,0,0,0,1,0,"Chargers, Adapters & Cables",8.517393171418904,2.39698576841553,0,1,0,9.359277484750551
4.7,0,1,0,0,0.2,0,0,0,0,1,0,Storage & Memory Cards,8.006700845440367,2.8656235882069705,0,1,0,10.546367228196017
4.2,0,1,0,0,0.0,0,0,0,0,1,0,Small Gadget Accessories (Cases & Protectors),6.90875477931522,4.795707897553386,0,0,1,6.679599185844383
4.6,0,1,0,0,0.08,0,0,0,0,1,0,"Office Supplies, Ink & Toner",7.601402334583733,3.970103216504671,0,0,1,8.43750042250699
4.6,0,1,0,0,0.11,0,0,0,0,1,0,PC Components,6.2166061010848646,6.396929655216146,0,0,1,5.529429087511423
4.4,0,1,1,1,0.08,0,0,0,0,1,0,Networking,6.90875477931522,4.875120984409557,0,0,1,9.057655284310536
4.4,0,1,1,0,0.14,0,0,0,0,1,0,Computer Peripherals,6.90875477931522,4.262539022051294,0,0,1,6.513230110912307
4.4,0,1,0,0,0.17,0,0,0,0,1,0,"Audio, Sound & Recording Gear",6.2166061010848646,4.779039455967062,0,0,1,7.716906135298388
4.3,0,1,0,0,0.21,0,0,0,0,1,0,Laptops,5.707110264748875,7.438965713483813,1,0,0,4.219507705176107
4.3,0,1,0,0,0.27,0,0,0,0,1,0,"Audio, Sound & Recording Gear",6.90875477931522,5.703782474656201,0,0,1,8.581669210600602
4.6,0,1,0,0,0.25,0,0,0,0,1,0,Computer Peripherals,6.2166061010848646,5.30325515557766,0,0,1,5.937536205082426
4.5,0,0,0,0,0.0,0,0,0,0,1,0,PC Components,6.90875477931522,4.510309904964132,0,1,0,7.41336733569524
4.6,0,1,1,0,0.0,0,0,0,0,1,0,"Office Supplies, Ink & Toner",6.90875477931522,4.232946411659729,0,0,1,5.0369526024136295
4.5,0,1,0,0,0.31,0,0,0,0,1,0,Small Gadget Accessories (Cases & Protectors),8.006700845440367,3.4008639927609177,0,0,1,8.769662508112274
4.5,0,1,0,0,0.24,0,0,0,0,1,0,Other Electronics,6.90875477931522,4.262679877041316,0,0,1,8.648221453822641
4.5,0,0,0,0,0.0,0,0,0,0,1,0,PC Components,6.90875477931522,4.584865432647727,0,0,1,9.28720881623276
4.4,0,1,0,0,0.05,0,0,0,0,1,0,Networking,6.90875477931522,4.110709916308365,0,1,0,8.384347278082808
4.4,0,1,0,0,0.0,0,0,0,0,1,0,Cameras & Photography,6.90875477931522,5.91350300563827,0,0,1,6.63200177739563
4.4,0,1,1,0,0.0,1,0,0,0,0,0,Computer Peripherals,6.2166061010848646,5.141605075260502,0,0,1,3.4339872044851463
4.8,0,0,0,0,0.0,0,0,0,0,1,0,Power & Batteries,8.699681400989514,1.8794650496471603,0,1,0,10.869862848577704
4.6,0,1,1,0,0.2,0,0,0,0,1,0,Smart Home & Security,7.601402334583733,3.5550623063795967,0,1,0,9.868067607304868
3.9,1,1,0,0,0.35,0,0,0,0,1,0,TV & Video Displays,0.0,3.7133281345162463,0,1,0,4.68213122712422
4.6,0,0,0,0,0.0,0,0,0,0,1,0,Laptops,6.90875477931522,4.479493577900089,0,1,0,7.641084249174914
4.7,0,1,0,0,0.0,0,0,0,0,1,0,"Chargers, Adapters & Cables",8.517393171418904,2.1029138978649784,0,1,0,9.717459133810848
4.2,0,1,0,1,0.0,0,0,0,0,1,0,"Chargers, Adapters & Cables",7.601402334583733,3.295466427029913,0,0,1,6.814542897259958
4.5,0,1,0,0,0.41,0,0,0,0,1,0,Wearables,6.90875477931522,4.912581353620868,0,0,1,7.674152921281675
4.6,0,1,0,0,0.0,0,0,0,0,1,0,"Audio, Sound & Recording Gear",8.699681400989514,2.1029138978649784,0,1,0,12.02997965090724
4.5,0,1,0,0,0.06,0,0,0,0,1,0,Smart Home & Security,6.90875477931522,4.9486889658772695,0,0,1,11.631685800691072
4.8,0,1,0,0,0.0,0,0,0,0,1,0,Power & Batteries,8.699681400989514,1.7439688053917064,0,1,0,8.538758969330798
4.4,0,1,0,0,0.0,0,0,0,0,1,0,Smart Home & Security,6.90875477931522,4.262539022051294,0,0,1,7.701200180857446
4.5,0,1,0,0,0.0,0,0,0,0,1,0,"Office Supplies, Ink & Toner",8.006700845440367,3.2767673032839784,0,1,0,9.26188863385676
4.5,0,0,0,0,0.0,0,0,0,0,1,0,TV & Video Displays,5.303304908059076,6.745824411835916,0,0,1,5.929589143389895
4.7,0,1,0,0,0.5,0,0,0,0,1,0,Small Gadget Accessories (Cases & Protectors),7.601402334583733,3.9308447596687337,0,0,1,10.05126079682556
4.5,0,1,0,0,0.0,0,0,0,0,1,0,"Office Supplies, Ink & Toner",8.699681400989514,2.4309783077624445,0,1,0,10.998777662206932
4.7,0,1,0,0,0.06,0,0,0,0,1,0,Power & Batteries,8.006700845440367,3.168844891262636,0,0,1,9.470317173335742
4.3,0,0,0,0,0.0,0,0,0,0,1,0,Networking,6.90875477931522,4.663344750039164,0,0,1,8.747510946478448
4.7,0,1,0,0,0.0,0,0,0,0,1,0,Power & Batteries,7.601402334583733,3.519868911379654,0,0,1,10.59848302395369
4.5,0,1,0,0,0.17,0,0,0,0,1,0,Computer Peripherals,6.90875477931522,5.19844178112078,0,0,1,8.5422759717837
4.7,0,1,0,0,0.0,0,0,0,0,1,0,Storage & Memory Cards,8.294299608857235,2.271094425902674,0,1,0,11.758190521531212
4.4,0,0,0,0,0.0,0,0,0,0,1,0,Storage & Memory Cards,6.90875477931522,4.081596989399598,0,0,1,9.226115291091546
4.6,1,1,0,1,0.23,0,0,0,0,1,0,"Chargers, Adapters & Cables",8.987321812850125,3.1350593387750902,0,0,1,7.8655717576847906
4.6,0,1,0,0,0.5,0,0,0,0,1,0,Computer Peripherals,8.517393171418904,2.537657215173529,0,1,0,8.311398278436641
4.2,0,0,0,0,0.0,1,0,0,0,0,0,Printers & Scanners (Hardware),6.68586094706836,5.2534245976573,0,0,1,7.723120092266331
4.8,0,1,0,0,0.0,0,0,0,0,1,0,Power & Batteries,8.006700845440367,3.333988631968705,0,0,1,6.26530121273771
4.4,0,1,1,0,0.4,0,0,0,0,1,0,"Office Supplies, Ink & Toner",7.601402334583733,3.931629535067065,0,0,1,9.866771699599468
4.5,0,1,0,0,0.0,0,0,0,0,1,0,PC Components,6.90875477931522,4.390614651860415,0,1,0,11.22773362265336
4.6,0,1,0,0,0.0,0,0,0,0,1,0,"Office Supplies, Ink & Toner",7.601402334583733,3.8520606642554633,0,0,1,6.7226297948554485
4.2,0,1,0,0,0.0,0,0,0,0,1,0,Computer Peripherals,6.2166061010848646,6.685798523147493,1,0,0,5.645446897643238
4.4,0,0,0,0,0.0,0,0,0,0,1,0,Wearables,6.2166061010848646,5.635539322059795,0,0,1,7.1372784372603855
4.4,0,1,1,0,0.05,0,0,0,0,1,0,Cameras & Photography,8.006700845440367,3.0440461338325417,0,1,0,9.854874872615436
4.4,0,0,0,0,0.22,0,0,0,0,1,0,Tablets & E-readers (DEVICES ONLY),6.90875477931522,4.8977651703005165,0,0,1,8.096208271650037
4.7,0,0,1,0,0.0,0,0,0,0,1,0,"Office Supplies, Ink & Toner",6.90875477931522,5.277553277195309,0,0,1,6.721425700790643
4.4,0,1,0,0,0.38,0,0,0,0,1,0,Computer Peripherals,7.601402334583733,4.174233411906258,0,0,1,8.546363568716018
4.6,0,0,0,0,0.0,0,0,0,0,1,0,"Office Supplies, Ink & Toner",6.803505257608338,5.225585370381938,0,0,1,5.187385805840755
4.3,0,0,0,0,0.0,0,0,0,0,1,0,TV & Video Displays,5.707110264748875,7.307195607834132,1,0,0,7.700747794511798
4.3,0,0,1,0,0.17,0,0,0,0,1,0,"Chargers, Adapters & Cables",8.006700845440367,2.9439125248241944,0,0,1,7.579167967396076
4.7,0,1,0,0,0.2,0,0,0,0,1,0,Small Gadget Accessories (Cases & Protectors),8.006700845440367,2.63834278867739,0,1,0,9.938178792326058
4.6,0,0,0,0,0.0,0,0,0,0,1,0,"Chargers, Adapters & Cables",7.601402334583733,3.731220294603461,0,0,1,5.869296913133774
4.6,0,0,0,0,0.0,0,0,0,0,1,0,PC Components,6.2166061010848646,5.638319081511895,0,0,1,6.739336627357174
4.6,0,1,0,0,0.08,0,0,0,0,1,0,"Audio, Sound & Recording Gear",6.2166061010848646,5.521460917862246,0,0,1,8.185628891147607
4.1,0,1,1,0,0.26,0,0,0,0,1,0,TV & Video Displays,6.90875477931522,5.081342251254203,0,0,1,7.384610383176974
4.5,0,1,0,0,0.2,0,0,0,0,1,0,Storage & Memory Cards,8.006700845440367,2.8898160479624417,0,1,0,4.969813299576001
4.6,0,0,0,0,0.0,0,1,0,0,0,0,"Audio, Sound & Recording Gear",6.90875477931522,5.016683632630459,0,0,1,9.11591979635669
4.5,0,1,0,0,0.0,0,0,0,0,1,0,"Office Supplies, Ink & Toner",6.55250788703459,5.988961416889864,1,0,0,6.1779441140506
4.7,0,1,0,0,0.0,0,0,0,0,1,0,"Office Supplies, Ink & Toner",7.601402334583733,3.175968323856924,0,1,0,8.648747631156539
4.4,0,1,1,0,0.0,0,0,0,0,1,0,Printers & Scanners (Hardware),6.68586094706836,5.802088163440325,0,0,1,5.318119993844216
4.7,0,1,0,0,0.47,0,0,0,0,1,0,Cameras & Photography,8.006700845440367,3.8284239815518326,0,1,0,9.037771106624906
4.7,0,0,0,0,0.0,0,0,0,0,1,0,"Office Supplies, Ink & Toner",6.90875477931522,4.911845734932406,0,0,1,8.261526448396468
4.5,0,1,0,0,0.13,0,0,0,0,1,0,"Office Supplies, Ink & Toner",7.601402334583733,3.737431494696102,0,0,1,9.335121088873487
4.4,0,1,0,0,0.27,0,0,0,0,1,0,TV & Video Displays,6.90875477931522,5.017213609456379,0,0,1,5.198497031265826
4.4,0,0,0,0,0.0,0,0,0,0,1,0,"Office Supplies, Ink & Toner",6.90875477931522,4.753503980493785,0,0,1,7.781138509845015
4.4,0,1,0,0,0.34,0,0,0,0,1,0,Wearables,8.006700845440367,2.9439125248241944,0,1,0,9.54852542660107
4.4,0,1,0,0,0.13,0,0,0,0,1,0,Storage & Memory Cards,8.294299608857235,2.5641798306825083,0,1,0,8.040768994367578
4.6,0,1,0,0,0.15,0,0,0,0,1,0,Power & Batteries,8.006700845440367,3.197856457644125,0,0,1,9.716856724154075
4.6,0,1,0,0,0.05,0,0,0,0,1,0,Small Gadget Accessories (Cases & Protectors),6.90875477931522,5.298067335292827,1,0,0,6.648984550024776
4.7,0,1,0,0,0.0,0,0,0,0,1,0,"Office Supplies, Ink & Toner",6.90875477931522,4.382026634673881,0,0,1,5.958424693029782
4.7,0,1,0,0,0.0,0,0,0,0,1,0,Small Gadget Accessories (Cases & Protectors),8.294299608857235,2.281361456542419,0,1,0,9.863238310628445
4.5,0,0,0,0,0.0,0,0,0,0,1,0,PC Components,5.993961427306569,6.878316169577119,1,0,0,5.855071922202427
4.6,0,1,1,0,0.48,0,0,0,0,1,0,Smart Home & Security,6.90875477931522,4.3943256902608985,0,0,1,9.099967314494812
4.5,0,0,0,0,0.0,0,0,0,0,1,0,"Audio, Sound & Recording Gear",6.90875477931522,4.383899879055562,0,0,1,8.19891444498699
4.5,0,1,0,0,0.28,0,0,0,0,1,0,TV & Video Displays,6.90875477931522,5.017213609456379,0,0,1,6.967909201801884
4.8,0,1,0,0,0.38,0,0,0,0,1,0,PC Components,6.90875477931522,5.484755438853831,0,0,1,7.051855622955894
4.4,0,1,1,0,0.18,0,0,0,0,1,0,Smart Home & Security,6.90875477931522,3.8284239815518326,0,0,1,8.361240889642351
4.8,0,1,0,0,0.06,0,0,0,0,1,0,Small Gadget Accessories (Cases & Protectors),8.294299608857235,2.6979998652487085,0,1,0,6.970730078143525
4.4,0,1,0,0,0.09,0,0,0,0,1,0,TV & Video Displays,6.90875477931522,4.875120984409557,0,0,1,6.257667587882639
4.3,0,0,1,0,0.0,0,0,0,0,1,0,Printers & Scanners (Hardware),6.90875477931522,5.142715634453464,0,0,1,6.661854740545311
4.7,0,1,0,0,0.35,0,0,0,0,1,0,PC Components,8.006700845440367,3.210440346047099,0,1,0,9.117786390365575
4.6,0,0,0,0,0.0,0,0,0,0,1,0,Cameras & Photography,5.993961427306569,6.50982669976063,0,0,1,7.631916513071252
4.7,0,0,0,0,0.0,0,0,0,0,1,0,PC Components,6.90875477931522,4.947695494322382,0,0,1,6.805722553416985
4.3,0,0,0,0,0.0,0,0,0,0,1,0,Storage & Memory Cards,6.2166061010848646,5.298317366548036,0,0,1,7.709308333385869
4.8,0,1,0,0,0.45,0,0,0,0,1,0,Small Gadget Accessories (Cases & Protectors),8.517393171418904,2.772588722239781,0,1,0,7.4815557019095165
3.4,0,0,0,0,0.0,0,0,0,0,1,0,"Office Supplies, Ink & Toner",6.90875477931522,4.995860008514102,0,0,1,7.564238475170491
4.0,0,0,0,0,0.0,0,0,0,0,1,0,Cameras & Photography,5.993961427306569,7.365180126021013,0,0,1,2.302585092994046
4.6,0,1,0,0,0.31,0,0,0,0,1,0,Smart Home & Security,6.90875477931522,4.875120984409557,0,0,1,6.642486801367256
4.7,0,0,0,0,0.0,0,0,0,0,1,0,PC Components,6.2166061010848646,6.398578295461671,0,0,1,5.840641657373398
4.6,0,0,0,0,0.0,0,0,0,0,1,0,PC Components,6.90875477931522,4.795707897553386,0,0,1,8.68541582383069
4.7,0,1,0,0,0.17,0,0,0,0,1,0,Power & Batteries,8.294299608857235,2.60859812213055,0,0,1,10.254461275355103
4.6,0,1,0,0,0.18,0,0,0,0,1,0,PC Components,6.90875477931522,4.025173103360802,0,1,0,10.050311456976926
4.1,0,1,0,0,0.32,0,0,0,0,1,0,Computer Peripherals,7.601402334583733,3.366950942933564,0,1,0,7.108244139731541
4.5,0,1,1,0,0.07,0,0,0,0,1,0,TV & Video Displays,6.2166061010848646,5.598421958998375,0,0,1,7.949444420250626
4.5,0,1,0,0,0.24,0,0,0,0,1,0,"Chargers, Adapters & Cables",7.601402334583733,3.4011973816621555,0,0,1,8.186185994226083
4.8,0,1,0,0,0.0,0,0,0,0,1,0,PC Components,6.2166061010848646,4.912581353620868,0,0,1,9.890199658209191
4.5,0,0,0,0,0.0,0,0,0,0,1,0,Small Gadget Accessories (Cases & Protectors),6.2166061010848646,5.56574570997255,1,0,0,6.437751649736401
4.6,0,1,0,0,0.0,0,0,0,0,1,0,Small Gadget Accessories (Cases & Protectors),8.006700845440367,3.0440461338325417,0,1,0,7.231287004327616
4.8,0,1,0,0,0.07,0,0,0,0,1,0,Small Gadget Accessories (Cases & Protectors),7.601402334583733,3.783962335360629,0,0,1,9.819725436430796
4.6,0,1,0,0,0.27,0,0,0,0,1,0,Computer Peripherals,6.90875477931522,4.025173103360802,0,0,1,9.512073267650624
4.6,0,0,0,0,0.0,1,0,0,0,0,0,PC Components,5.993961427306569,6.29340079438729,0,0,1,6.911747300251674
4.8,0,1,0,0,0.0,0,0,0,0,1,0,Other Electronics,8.006700845440367,3.09058780456667,0,1,0,9.06126014896203
4.5,0,1,0,0,0.0,0,0,0,0,1,0,Small Gadget Accessories (Cases & Protectors),6.90875477931522,4.663344750039164,0,0,1,9.799570439116357
4.4,0,1,0,0,0.0,0,1,0,0,0,0,"Audio, Sound & Recording Gear",6.90875477931522,4.836202538722539,0,0,1,8.059276223305648
4.7,0,1,0,0,0.1,0,0,0,0,1,0,"Audio, Sound & Recording Gear",6.398594934535208,6.216506295705272,1,0,0,5.676753802268282
4.7,0,1,0,0,0.28,0,0,0,0,1,0,Storage & Memory Cards,6.90875477931522,4.875120984409557,0,0,1,7.710205194432532
4.4,0,0,0,0,0.0,0,0,0,0,1,0,PC Components,6.2166061010848646,5.299766316313141,0,0,1,6.900730664045173
4.5,0,1,1,0,0.0,0,0,0,0,1,0,Small Gadget Accessories (Cases & Protectors),8.006700845440367,2.8898160479624417,0,1,0,7.440146680662688
4.6,0,1,0,0,0.14,0,0,0,1,0,0,Tablets & E-readers (DEVICES ONLY),6.2166061010848646,6.21658614080582,0,0,1,5.3706380281276624
4.7,0,0,0,0,0.0,0,0,0,0,1,0,TV & Video Displays,6.90875477931522,5.029718708572522,0,0,1,8.246695943718557
4.3,0,1,0,0,0.27,0,0,0,0,1,0,Computer Peripherals,6.2166061010848646,3.295466427029913,0,1,0,5.1647859739235145
4.4,0,1,0,0,0.0,0,0,0,0,1,0,"Audio, Sound & Recording Gear",6.2166061010848646,6.109225360295226,1,0,0,7.465082736399547
4.5,0,1,0,0,0.17,0,0,0,1,0,0,TV & Video Displays,6.90875477931522,4.110709916308365,0,1,0,7.790282380703483
4.2,0,1,0,0,0.0,0,0,0,0,1,0,Laptops,5.993961427306569,6.685848462595922,0,0,1,6.442540166468199
4.3,0,1,0,0,0.12,0,0,0,0,1,0,Smart Home & Security,6.90875477931522,4.3943256902608985,0,0,1,8.93102321585603
4.4,0,1,0,0,0.2,0,0,0,1,0,0,TV & Video Displays,7.601402334583733,3.58324112209094,0,1,0,9.874830843286324
4.3,0,1,0,0,0.0,0,0,0,0,1,0,Laptops,5.993961427306569,6.745236349484363,0,0,1,4.23410650459726
4.4,0,1,0,0,0.08,0,0,0,0,1,0,Wearables,6.90875477931522,4.945065129886807,0,0,1,5.749392985908253
4.5,0,0,0,0,0.0,0,0,0,0,1,0,Wearables,6.90875477931522,4.749183946126996,0,0,1,10.156927498081687
4.8,0,0,1,0,0.0,0,0,0,0,1,0,"Chargers, Adapters & Cables",8.006700845440367,2.5217206229107165,0,1,0,10.411148172958962
4.4,0,1,0,0,0.2,0,0,0,0,1,0,Wearables,7.601402334583733,3.2577118486533987,0,1,0,6.871091294610546
4.7,0,1,0,0,0.0,0,0,0,0,1,0,"Audio, Sound & Recording Gear",6.90875477931522,5.075173815233827,0,0,1,6.78105762593618
4.5,0,1,0,0,0.0,0,0,0,0,1,0,Wearables,6.2166061010848646,5.707077041605631,0,0,1,5.37989735354046
4.7,0,0,0,0,0.0,0,0,0,0,1,0,Smart Home & Security,6.90875477931522,4.179145163914566,0,0,1,7.470224135899966
4.6,0,0,0,0,0.0,0,0,0,0,1,0,"Office Supplies, Ink & Toner",7.601402334583733,3.4931686602009657,0,0,1,9.666181687409416
4.6,0,1,0,0,0.2,0,0,0,0,1,0,"Office Supplies, Ink & Toner",7.601402334583733,3.433664571799657,0,0,1,8.751474487140904
4.5,0,1,0,0,0.18,0,0,0,0,1,0,Tablets & E-readers (DEVICES ONLY),6.2166061010848646,5.94277312806309,0,0,1,4.204692619390966
4.4,0,1,1,0,0.0,0,0,0,0,1,0,Printers & Scanners (Hardware),6.2166061010848646,5.857647399373643,0,0,1,5.41610040220442
4.7,0,1,0,0,0.28,0,1,0,0,0,0,"Office Supplies, Ink & Toner",7.601402334583733,2.976039640208255,0,1,0,8.874308038583354
4.1,0,1,0,0,0.29,0,0,0,0,1,0,Wearables,7.601402334583733,3.58324112209094,0,1,0,8.708969906980947
4.4,0,1,0,0,0.2,0,0,0,0,1,0,PC Components,6.2166061010848646,5.771409969996787,0,0,1,5.231108616854587
4.6,0,1,0,0,0.42,0,0,0,0,1,0,"Audio, Sound & Recording Gear",6.2166061010848646,6.216506295705272,1,0,0,8.716044050161402
4.5,0,1,0,0,0.0,0,0,0,0,1,0,Wearables,6.2166061010848646,5.638319081511895,0,0,1,7.16703787691222
4.4,0,1,0,0,0.0,0,0,0,0,1,0,TV & Video Displays,6.2166061010848646,5.303155643188286,0,0,1,7.399398083331354
4.6,0,1,1,0,0.2,0,0,0,0,1,0,Smart Home & Security,7.601402334583733,3.433664571799657,0,1,0,9.657778811561773
4.5,0,1,0,0,0.26,0,0,0,0,1,0,Storage & Memory Cards,7.601402334583733,3.931629535067065,0,0,1,11.236829348703283
4.8,0,1,0,0,0.0,0,0,0,0,1,0,"Audio, Sound & Recording Gear",6.90875477931522,4.700480365792417,0,0,1,8.654168646443315
4.5,0,1,0,0,0.0,0,0,0,0,1,0,Wearables,8.006700845440367,2.8507065015037334,0,1,0,7.306531398939505
4.2,0,1,0,0,0.0,0,0,0,0,1,0,Computer Peripherals,6.90875477931522,4.5107496103686,0,0,1,8.230843564198235
4.0,0,0,0,0,0.0,0,0,0,0,1,0,"Office Supplies, Ink & Toner",6.803505257608338,5.856331873116486,1,0,0,7.364547014255642
4.4,0,0,0,0,0.0,1,0,0,0,0,0,PC Components,6.2166061010848646,5.991464547107982,0,0,1,7.9157131993821155
4.6,0,0,0,0,0.0,0,0,0,0,1,0,Smart Home & Security,6.2166061010848646,6.042609080431154,0,0,1,6.921658184151129
4.6,0,1,0,0,0.13,0,0,0,0,1,0,PC Components,6.2166061010848646,5.707077041605631,0,0,1,9.088963385809585
4.3,0,0,0,0,0.0,0,0,0,0,1,0,Printers & Scanners (Hardware),5.993961427306569,6.415096959171596,0,0,1,3.58351893845611
4.6,0,1,0,0,0.1,0,0,0,0,1,0,Power & Batteries,8.006700845440367,2.826721730819709,0,0,1,11.34447130975644
4.4,0,1,0,0,0.0,0,0,0,0,1,0,TV & Video Displays,7.601402334583733,2.7073833121145063,0,1,0,9.066008001086264
4.4,0,1,1,0,0.15,0,0,0,0,1,0,Small Gadget Accessories (Cases & Protectors),8.294299608857235,2.39698576841553,0,1,0,10.33214821824748
0.0,0,1,0,0,0.18,0,0,0,0,1,0,Laptops,5.303304908059076,7.843848638152472,1,0,0,0.0
4.5,0,1,0,0,0.18,0,0,0,0,1,0,Cameras & Photography,6.90875477931522,4.553350437258295,0,0,1,8.41803561988302
4.7,0,1,0,0,0.0,0,1,0,0,0,0,"Audio, Sound & Recording Gear",8.294299608857235,2.2502386126218363,0,1,0,10.753809407468072
4.6,0,1,0,0,0.0,0,0,0,0,1,0,Computer Peripherals,7.601402334583733,2.9439125248241944,0,1,0,6.018593214496234
4.5,0,0,0,0,0.0,0,0,0,0,1,0,Computer Peripherals,6.90875477931522,3.877638578566315,0,0,1,6.93828448401696
4.6,0,1,0,0,0.0,0,0,0,0,1,0,"Office Supplies, Ink & Toner",6.90875477931522,4.500365071621965,0,0,1,7.857867559331803
4.2,0,1,0,0,0.18,0,0,0,0,1,0,Printers & Scanners (Hardware),6.55250788703459,5.638319081511895,0,0,1,6.961296045910167
4.6,0,1,0,0,0.0,0,0,0,0,1,0,Wearables,6.2166061010848646,6.395261598115449,1,0,0,6.828712071641684
4.6,1,0,0,0,0.33,0,0,0,0,1,0,"Chargers, Adapters & Cables",8.006700845440367,2.771963526845863,0,0,1,8.744488113852924
4.4,0,1,0,0,0.0,0,0,0,0,1,0,Small Gadget Accessories (Cases & Protectors),8.294299608857235,2.63834278867739,0,1,0,11.512765452168862
4.6,0,1,0,0,0.07,0,0,0,0,1,0,PC Components,7.601402334583733,3.366950942933564,0,1,0,6.563855526532128
4.5,0,1,0,0,0.0,0,0,0,0,1,0,Laptops,6.2166061010848646,6.987628741565301,0,0,1,3.951243718581428
4.1,0,1,0,0,0.0,0,0,0,0,1,0,Cameras & Photography,6.2166061010848646,4.6150215020384655,0,0,1,4.564348191467836
4.9,0,1,0,0,0.53,0,0,0,0,1,0,PC Components,7.601402334583733,3.663305202994506,0,1,0,9.643744848773588
4.6,0,1,0,0,0.11,0,0,0,0,1,0,"Office Supplies, Ink & Toner",6.90875477931522,4.930798120854626,0,0,1,8.392763113038061
4.5,0,1,0,0,0.08,0,0,0,0,1,0,PC Components,6.90875477931522,4.875120984409557,0,0,1,7.816416983691801
4.2,0,1,0,0,0.24,0,0,0,0,1,0,"Chargers, Adapters & Cables",6.90875477931522,4.166665223801727,0,0,1,4.584967478670572
4.4,0,1,0,0,0.0,0,0,0,0,1,0,Mobile Cell Phones & Smartphones,6.90875477931522,4.996874378846218,0,0,1,6.056784013228625
4.2,0,0,0,0,0.0,0,0,0,0,1,0,Computer Peripherals,6.90875477931522,4.262539022051294,0,0,1,2.5649493574615367
4.6,0,1,0,0,0.17,0,0,0,0,1,0,PC Components,7.601402334583733,3.433664571799657,0,1,0,7.377133712833954
4.8,0,0,0,0,0.0,0,0,0,0,1,0,Cameras & Photography,5.303304908059076,7.783224016336037,1,0,0,6.343880434126331
4.3,0,1,1,0,0.0,0,0,0,0,1,0,Printers & Scanners (Hardware),6.2166061010848646,6.066084887978432,0,0,1,5.645446897643238
4.0,0,0,0,0,0.0,0,0,0,0,1,0,Laptops,6.2166061010848646,5.828857378423127,0,0,1,5.480638923341991
4.4,0,0,0,0,0.0,0,0,0,0,1,0,Wearables,0.0,3.177637076851603,0,1,0,4.969813299576001
4.6,0,1,0,0,0.0,0,0,0,0,1,0,Laptops,5.707110264748875,6.469234812799617,0,0,1,4.919980925828125
4.8,0,0,0,0,0.0,0,0,0,0,1,0,Power & Batteries,6.90875477931522,3.881769962257125,0,0,1,7.994969522697877
4.4,0,1,0,0,0.0,0,0,0,0,1,0,"Audio, Sound & Recording Gear",6.90875477931522,4.330601752681694,0,0,1,5.666426688112432
4.4,0,1,0,0,0.0,0,0,0,0,1,0,Computer Peripherals,6.2166061010848646,5.081342251254203,0,0,1,5.680172609017068
4.5,0,1,0,0,0.18,0,0,0,0,1,0,Computer Peripherals,6.90875477931522,4.700480365792417,0,0,1,7.943072717277933
4.7,0,0,0,0,0.0,0,0,0,0,1,0,"Office Supplies, Ink & Toner",6.90875477931522,4.020339148911605,0,0,1,8.857230494201946
4.6,0,1,0,1,0.16,0,0,0,0,1,0,PC Components,6.90875477931522,4.836202538722539,0,0,1,6.3578422665081
4.6,0,1,0,0,0.37,1,0,0,0,0,0,"Office Supplies, Ink & Toner",6.90875477931522,3.366260811781259,0,1,0,9.799126537211386
4.5,0,1,0,0,0.0,0,0,0,0,1,0,Power & Batteries,8.294299608857235,2.0135687975291283,0,1,0,10.319628800641526
4.6,0,1,0,0,0.0,0,0,0,0,1,0,"Chargers, Adapters & Cables",8.006700845440367,2.4840729690394228,0,1,0,6.71295620067707
4.0,0,1,0,0,0.31,0,1,0,0,0,0,Other Electronics,6.90875477931522,5.141605075260502,0,0,1,9.13658618338752
4.8,0,0,0,0,0.0,0,0,0,0,1,0,"Chargers, Adapters & Cables",6.90875477931522,4.201403634515509,0,0,1,5.3471075307174685
4.7,0,1,0,0,0.0,0,0,0,0,1,0,Storage & Memory Cards,8.006700845440367,2.476538400117484,0,1,0,11.68817205309222
3.9,0,1,1,0,0.0,0,0,0,0,1,0,Wearables,7.601402334583733,3.929469919031866,0,0,1,9.09884999594282
4.7,0,0,1,0,0.0,0,0,0,0,1,0,Laptops,7.601402334583733,2.8803214220426634,0,1,0,10.978984733698187
4.6,0,1,0,0,0.09,0,0,0,0,1,0,"Office Supplies, Ink & Toner",6.90875477931522,4.595018834931716,0,0,1,7.893572073504902
4.2,0,1,0,0,0.0,0,0,0,0,1,0,"Office Supplies, Ink & Toner",6.90875477931522,4.343675543289958,0,0,1,6.369900982828227
4.8,0,1,0,0,0.11,0,0,0,0,1,0,Power & Batteries,8.006700845440367,2.906354462402774,0,0,1,10.604478887119122
4.3,0,1,1,0,0.49,0,0,0,0,1,0,Laptops,5.303304908059076,6.476972362889683,0,0,1,7.383368146992383
4.4,0,1,0,0,0.25,1,0,0,0,0,0,Small Gadget Accessories (Cases & Protectors),7.601402334583733,3.7133281345162463,0,0,1,7.337587743538596
4.3,0,1,0,0,0.11,0,0,0,0,1,0,Printers & Scanners (Hardware),6.68586094706836,4.912581353620868,0,1,0,8.73214326770192
4.3,0,0,0,0,0.0,0,0,0,0,1,0,PC Components,4.61512051684126,6.985632566902618,1,0,0,5.0238805208462765
4.5,0,1,0,0,0.32,0,0,0,0,1,0,Small Gadget Accessories (Cases & Protectors),8.006700845440367,3.1350593387750902,0,0,1,8.130059039992796
4.7,0,1,0,0,0.22,0,0,0,0,1,0,Networking,8.294299608857235,2.301584592660462,0,1,0,9.579901925737992
4.4,0,0,0,0,0.12,0,0,0,0,1,0,Wearables,6.90875477931522,4.51085950651685,0,0,1,8.802522498284421
4.4,0,1,0,0,0.0,0,0,0,0,1,0,"Audio, Sound & Recording Gear",6.90875477931522,5.298317366548036,0,0,1,10.113424276363055
4.7,0,1,0,0,0.0,0,0,0,0,1,0,Other Electronics,6.90875477931522,3.828641396489095,0,0,1,6.652863029353347
4.6,0,1,0,0,0.06,0,0,0,0,1,0,Small Gadget Accessories (Cases & Protectors),7.601402334583733,2.9439125248241944,0,1,0,9.406729185981574
4.2,0,0,0,0,0.0,0,0,0,0,1,0,Cameras & Photography,6.2166061010848646,5.860757733031528,0,0,1,5.652489180268651
4.4,0,1,1,0,0.0,0,0,0,0,1,0,Printers & Scanners (Hardware),6.398594934535208,5.7557105675165605,0,0,1,5.209486152841421
4.3,0,1,0,0,0.12,0,0,0,0,1,0,Laptops,6.2166061010848646,6.066084887978432,0,0,1,6.159095388491933
4.5,0,1,0,0,0.0,0,0,0,0,1,0,TV & Video Displays,6.2166061010848646,5.556828061699537,0,0,1,7.508238774678663
4.4,0,0,0,0,0.0,0,0,0,0,1,0,Computer Peripherals,6.90875477931522,3.714547200862514,0,0,1,7.362645270417825
4.8,0,1,0,0,0.0,0,0,0,0,1,0,Cameras & Photography,6.90875477931522,4.0024120051558265,0,1,0,6.618738983517219
4.2,0,1,0,0,0.13,0,0,0,0,1,0,Cameras & Photography,6.90875477931522,4.9486889658772695,0,0,1,6.79794041297493
4.0,0,1,1,0,0.14,0,0,0,0,1,0,"Audio, Sound & Recording Gear",6.90875477931522,5.30325515557766,0,0,1,9.36717316600297
4.2,0,0,1,0,0.0,0,0,0,0,1,0,Wearables,6.2166061010848646,5.566357798744529,0,0,1,6.680854678790215
4.6,0,1,0,0,0.2,0,0,0,0,1,0,Wearables,6.2166061010848646,5.017213609456379,0,0,1,6.966967138613983
4.5,0,1,0,0,0.42,0,0,0,0,1,0,"Audio, Sound & Recording Gear",7.601402334583733,3.433664571799657,0,1,0,8.58858318750291
4.2,0,1,0,0,0.14,0,0,0,0,1,0,PC Components,6.90875477931522,3.9045954895993495,0,1,0,8.085486772102845
4.2,0,1,0,0,0.05,0,0,0,0,1,0,Computer Peripherals,6.2166061010848646,4.982852913083804,0,0,1,6.269096283706261
4.7,0,1,0,0,0.0,0,0,0,0,1,0,Smart Home & Security,7.601402334583733,2.771963526845863,0,1,0,8.34212526333359
4.8,0,1,1,0,0.0,0,0,0,0,1,0,Storage & Memory Cards,8.006700845440367,2.67000213346468,0,1,0,8.685753832960154
4.7,0,1,0,0,0.0,1,0,0,0,0,0,"Office Supplies, Ink & Toner",6.90875477931522,4.157632301458019,0,0,1,6.964135612418245
4.6,1,1,0,0,0.17,0,0,0,0,1,0,Networking,3.9318256327243257,3.610647605844363,0,1,0,7.43307534889858
4.2,1,1,0,0,0.14,0,0,0,0,1,0,Networking,0.0,3.783962335360629,0,1,0,1.791759469228055
4.7,0,1,0,0,0.0,0,0,0,0,1,0,Power & Batteries,8.517393171418904,1.8484548129046,0,1,0,9.603125426926972
4.1,0,1,0,0,0.0,0,0,0,0,1,0,Laptops,6.2166061010848646,6.016157159698354,0,0,1,7.204892510204673
4.4,0,0,0,0,0.0,0,0,0,0,1,0,"Audio, Sound & Recording Gear",6.90875477931522,4.605170185988092,0,0,1,7.020190708311925
4.6,0,1,0,0,0.0,0,0,0,0,1,0,Small Gadget Accessories (Cases & Protectors),6.90875477931522,4.896869179797807,0,0,1,5.7899601708972535
4.4,0,1,0,0,0.0,0,0,0,0,1,0,"Audio, Sound & Recording Gear",6.90875477931522,4.8519521358677,0,0,1,10.146943405162215
4.6,0,1,0,0,0.0,0,0,0,0,1,0,TV & Video Displays,6.90875477931522,4.683519152399068,0,0,1,10.65622352450773
4.7,0,1,0,0,0.0,0,0,0,0,1,0,"Office Supplies, Ink & Toner",7.601402334583733,3.610647605844363,0,0,1,8.139440521874608
4.7,0,0,0,0,0.0,0,1,0,0,0,0,"Audio, Sound & Recording Gear",6.2166061010848646,5.247024072160486,0,0,1,8.028455164114252
4.4,0,0,1,0,0.0,0,0,0,0,1,0,Cameras & Photography,6.90875477931522,4.672641901103104,0,0,1,8.54927308487965
4.7,0,1,0,1,0.07,0,0,0,0,1,0,PC Components,6.2166061010848646,5.0561821090522265,0,0,1,8.102889134640868
4.8,0,1,0,0,0.0,0,0,0,0,1,0,"Office Supplies, Ink & Toner",6.90875477931522,4.442062848117941,0,0,1,6.408528791059498
4.7,0,1,0,0,0.0,0,0,0,0,1,0,"Office Supplies, Ink & Toner",7.601402334583733,3.0440461338325417,0,1,0,9.568643988906736
4.8,0,1,0,0,0.0,0,0,0,0,1,0,Cameras & Photography,6.90875477931522,3.675034047291883,0,1,0,8.371704884667631
4.6,0,1,0,0,0.3,0,0,0,0,1,0,Computer Peripherals,7.601402334583733,3.58324112209094,0,1,0,9.812577677176286
4.7,0,1,0,0,0.18,0,0,0,0,1,0,Small Gadget Accessories (Cases & Protectors),7.601402334583733,3.6238074573702215,0,0,1,9.18266080286944
4.7,0,1,0,0,0.0,0,0,0,0,1,0,"Office Supplies, Ink & Toner",6.90875477931522,3.688629422858727,0,0,1,8.958025443361693
4.3,0,1,0,0,0.0,0,0,0,0,1,0,Laptops,6.803505257608338,4.466367783107633,0,1,0,9.720945971538624
4.2,0,0,0,0,0.22,0,0,0,0,1,0,Other Electronics,6.68586094706836,5.6996740466116576,0,0,1,6.432940092739179
4.3,0,1,0,0,0.0,0,0,0,0,1,0,Laptops,6.2166061010848646,5.955837369464831,0,0,1,6.26530121273771
4.7,0,1,0,0,0.27,0,0,0,0,1,0,"Chargers, Adapters & Cables",8.006700845440367,2.771963526845863,0,0,1,8.569975376855206
4.1,0,1,0,0,0.52,0,0,0,0,1,0,Wearables,6.90875477931522,4.6150215020384655,0,0,1,7.761744984658913
4.0,0,0,0,0,0.17,0,0,0,0,1,0,PC Components,6.2166061010848646,5.8546420303852456,0,0,1,4.30406509320417
4.1,0,1,1,0,0.0,0,0,0,0,1,0,Printers & Scanners (Hardware),5.993961427306569,6.3647335449998295,0,0,1,3.951243718581428
4.6,0,1,1,0,0.0,0,0,0,0,1,0,"Office Supplies, Ink & Toner",6.90875477931522,4.488524003868771,0,0,1,4.812184355372417
4.6,0,1,0,0,0.11,0,0,0,0,1,0,"Chargers, Adapters & Cables",8.006700845440367,2.673458756332591,0,1,0,11.22580323577696
4.6,0,1,0,0,0.0,0,0,0,0,1,0,"Office Supplies, Ink & Toner",6.90875477931522,4.488524003868771,0,0,1,7.856319571406588
4.1,0,1,0,0,0.0,0,0,0,0,1,0,Laptops,5.993961427306569,6.3577556076406765,0,0,1,5.746203190540153
4.5,0,0,0,0,0.0,0,0,0,0,1,0,Computer Peripherals,6.90875477931522,4.5715099844954565,0,0,1,8.754476306284166
4.6,0,1,0,0,0.0,0,0,0,0,1,0,"Office Supplies, Ink & Toner",7.601402334583733,3.177637076851603,0,1,0,9.302828391411332
4.3,0,1,0,0,0.22,0,0,0,0,1,0,Computer Peripherals,6.90875477931522,4.875120984409557,0,0,1,8.37539918579835
4.2,0,0,1,0,0.5,0,0,0,0,1,0,"Office Supplies, Ink & Toner",6.55250788703459,5.99393648933976,1,0,0,6.9957661563048505
4.5,0,1,0,0,0.17,0,0,0,0,1,0,Printers & Scanners (Hardware),5.993961427306569,6.042609080431154,0,0,1,7.117205503164344
4.0,0,1,0,0,0.0,0,0,0,0,1,0,"Office Supplies, Ink & Toner",6.55250788703459,5.560681631015528,0,0,1,7.493317248862145
4.5,1,1,1,0,0.17,0,0,0,0,1,0,"Chargers, Adapters & Cables",3.9318256327243257,4.110709916308365,0,0,1,7.145984467714388
4.6,0,1,0,0,0.12,0,0,0,0,1,0,Small Gadget Accessories (Cases & Protectors),7.601402334583733,3.2577118486533987,0,0,1,8.103796712981794
4.0,0,1,1,0,0.25,0,0,0,0,1,0,Printers & Scanners (Hardware),6.55250788703459,5.880505053049674,0,0,1,6.860663671448287
4.7,0,1,0,0,0.06,0,0,0,0,1,0,Wearables,6.90875477931522,5.860757733031528,0,0,1,6.496774990185863
4.2,0,0,0,0,0.0,0,0,0,0,1,0,Tablets & E-readers (DEVICES ONLY),6.2166061010848646,5.462220337817973,0,0,1,4.060443010546419
4.6,0,0,0,0,0.0,0,0,0,0,1,0,Computer Peripherals,6.90875477931522,4.133084390538032,0,0,1,7.652070746116482
4.7,0,1,0,0,0.0,0,0,0,0,1,0,Small Gadget Accessories (Cases & Protectors),7.601402334583733,3.060583245873607,0,0,1,6.003887067106539
4.4,0,1,0,0,0.2,1,0,0,0,0,0,PC Components,6.90875477931522,4.919907930463299,0,0,1,8.275121630216509
4.6,0,1,0,0,0.0,0,0,0,0,1,0,"Office Supplies, Ink & Toner",6.90875477931522,3.71284009155878,0,0,1,8.071218539969863
4.3,0,1,1,0,0.0,0,0,0,0,1,0,Small Gadget Accessories (Cases & Protectors),8.006700845440367,2.9439125248241944,0,1,0,10.354595018522993
5.0,0,1,0,0,0.17,0,0,0,0,1,0,TV & Video Displays,6.2166061010848646,5.7002763353269135,0,0,1,1.6094379124341005
4.8,0,1,0,0,0.0,0,0,0,0,1,0,TV & Video Displays,6.2166061010848646,4.709440107163888,0,0,1,8.172164452111904
4.6,0,0,0,0,0.0,0,0,0,0,1,0,Laptops,6.2166061010848646,5.993911550751034,0,0,1,3.8501476017100575
4.7,0,1,0,0,0.15,0,0,0,0,1,0,Small Gadget Accessories (Cases & Protectors),6.90875477931522,3.849934813114724,0,0,1,7.554858521040676
4.0,0,1,0,0,0.23,0,0,0,0,1,0,Printers & Scanners (Hardware),6.398594934535208,6.0209990772103,0,0,1,7.620705086838262
4.8,0,1,0,0,0.18,0,0,0,0,1,0,Small Gadget Accessories (Cases & Protectors),7.601402334583733,2.7073833121145063,0,1,0,9.914081240747
4.4,0,1,0,0,0.35,0,0,0,0,1,0,TV & Video Displays,6.2166061010848646,5.442374419541463,0,0,1,7.824845691026856
4.0,0,0,0,0,0.0,0,0,0,0,1,0,"Office Supplies, Ink & Toner",6.90875477931522,5.017213609456379,0,0,1,7.188412736496954
4.8,0,1,0,0,0.0,0,0,0,0,1,0,Storage & Memory Cards,7.601402334583733,3.017982882488811,0,1,0,9.6615433717582
4.3,0,1,1,0,0.23,0,0,0,0,1,0,"Chargers, Adapters & Cables",8.006700845440367,2.63834278867739,0,1,0,6.97354301952014
4.7,0,0,0,0,0.0,0,0,0,0,1,0,"Office Supplies, Ink & Toner",6.90875477931522,3.6635616461296463,0,0,1,8.720623711420426
4.8,0,1,0,0,0.34,0,0,0,0,1,0,"Office Supplies, Ink & Toner",7.601402334583733,3.151025157960026,0,1,0,8.492900498847193
4.7,0,1,0,0,0.48,0,0,0,0,1,0,Laptops,6.90875477931522,4.787491742782046,0,1,0,8.052614818815567
4.6,0,1,0,0,0.0,0,0,0,0,1,0,Small Gadget Accessories (Cases & Protectors),8.006700845440367,2.7073833121145063,0,1,0,8.94793610670867
4.0,0,1,1,0,0.13,0,0,0,0,1,0,"Office Supplies, Ink & Toner",6.68586094706836,5.017213609456379,0,0,1,7.750614732770409
4.1,0,1,0,0,0.0,0,0,0,0,1,0,PC Components,6.90875477931522,4.875120984409557,0,0,1,8.705993714307901
4.4,0,1,0,0,0.28,0,0,0,0,1,0,Storage & Memory Cards,6.90875477931522,4.5107496103686,0,0,1,5.926926025970411
4.6,0,1,0,0,0.12,0,0,0,0,1,0,Laptops,7.601402334583733,3.2577118486533987,0,1,0,8.434680769841773
4.6,0,1,1,0,0.26,0,0,0,0,1,0,"Office Supplies, Ink & Toner",7.601402334583733,3.3282682016393976,0,1,0,9.990948828306122
4.7,0,1,0,0,0.12,0,0,0,0,1,0,"Office Supplies, Ink & Toner",7.601402334583733,3.218475744846861,0,1,0,7.950854857719988
4.7,0,0,0,0,0.0,0,0,0,0,1,0,Other Electronics,5.993961427306569,6.594399779765647,1,0,0,5.484796933490655
4.3,0,0,0,0,0.0,0,0,0,0,1,0,Printers & Scanners (Hardware),5.993961427306569,6.067823555206731,0,0,1,5.351858133476067
4.5,0,1,1,0,0.25,0,0,0,0,1,0,Small Gadget Accessories (Cases & Protectors),8.294299608857235,2.39698576841553,0,1,0,8.126813720726114
4.3,1,1,0,0,0.0,0,0,0,0,1,0,"Audio, Sound & Recording Gear",0.0,5.8664680569332965,0,0,1,3.4657359027997265
4.6,0,0,1,0,0.0,0,0,0,0,1,0,Power & Batteries,6.90875477931522,3.5019472847622986,0,0,1,8.928772900524256
4.5,0,1,0,0,0.0,0,0,0,0,1,0,Computer Peripherals,6.2166061010848646,5.298317366548036,0,0,1,7.921898411023797
4.7,0,1,0,0,0.33,0,0,0,0,1,0,Computer Peripherals,6.90875477931522,3.433664571799657,0,1,0,11.524092876662126
3.8,0,0,0,0,0.0,0,0,0,0,1,0,PC Components,5.993961427306569,6.440420086290675,0,0,1,6.082218910376446
4.5,0,1,0,0,0.0,0,0,0,0,1,0,Storage & Memory Cards,6.90875477931522,4.6150215020384655,0,0,1,7.132497551660044
4.5,0,0,0,0,0.0,0,0,0,0,1,0,Computer Peripherals,6.90875477931522,3.676300671907076,0,0,1,8.788593431293735
4.5,0,1,1,0,0.0,1,0,0,0,0,0,Networking,6.90875477931522,5.081342251254203,0,0,1,9.624633068687029
4.7,0,1,0,0,0.0,0,1,0,0,0,0,Computer Peripherals,7.601402334583733,3.258096538021482,0,1,0,10.280724639187738
4.2,0,0,0,0,0.0,0,0,0,0,1,0,PC Components,5.303304908059076,7.948367623352258,1,0,0,5.442417710521793
4.7,0,1,0,0,0.36,0,1,0,0,0,0,"Office Supplies, Ink & Toner",8.294299608857235,2.238579763018133,0,1,0,9.04192172035122
4.3,0,1,0,0,0.0,0,0,0,0,1,0,Small Gadget Accessories (Cases & Protectors),8.294299608857235,2.301584592660462,0,1,0,9.285447844462988
4.5,0,1,0,0,0.0,0,0,0,0,1,0,"Audio, Sound & Recording Gear",7.601402334583733,3.0440461338325417,0,1,0,8.043342170441608
4.5,0,0,0,0,0.0,0,0,0,0,1,0,Power & Batteries,6.2166061010848646,4.845524774032655,1,0,0,6.9726062513017535
4.3,0,0,1,0,0.0,0,0,0,0,1,0,Small Gadget Accessories (Cases & Protectors),7.601402334583733,2.851284369188118,0,1,0,8.991935575009146
4.7,0,0,0,0,0.0,0,0,0,0,1,0,Networking,6.90875477931522,3.457892725338701,0,1,0,9.541441064795483
4.1,0,1,1,0,0.0,0,0,0,0,1,0,"Office Supplies, Ink & Toner",6.55250788703459,5.802088163440325,0,0,1,6.495265555937008
4.4,0,1,0,0,0.15,0,0,0,0,1,0,Small Gadget Accessories (Cases & Protectors),7.601402334583733,3.295466427029913,0,0,1,7.368339686311381
4.5,0,1,0,0,0.0,0,0,0,0,1,0,Networking,6.2166061010848646,5.525413097700675,0,0,1,8.793308627496552
4.6,0,0,1,0,0.13,0,0,0,0,1,0,"Chargers, Adapters & Cables",7.601402334583733,2.8326249356838407,0,0,1,7.179307969504034
4.6,0,1,0,0,0.12,0,0,0,0,1,0,TV & Video Displays,6.2166061010848646,5.081342251254203,0,0,1,3.6635616461296463
3.8,0,1,0,0,0.13,0,0,0,0,1,0,Computer Peripherals,6.2166061010848646,4.934401988096667,0,0,1,6.16541785423142
4.2,0,1,0,0,0.12,0,0,0,0,1,0,Networking,6.2166061010848646,5.525413097700675,0,0,1,9.216719978940224
4.4,0,1,0,0,0.4,0,0,0,0,1,0,"Audio, Sound & Recording Gear",7.601402334583733,3.433664571799657,0,1,0,9.21522840604896
4.7,0,1,0,0,0.25,1,0,0,0,0,0,Storage & Memory Cards,7.601402334583733,3.0440461338325417,0,1,0,10.790905446841167
4.6,0,1,0,0,0.12,0,0,0,0,1,0,PC Components,6.90875477931522,4.795707897553386,0,0,1,7.436027816351848
4.7,0,0,0,0,0.0,0,0,0,0,1,0,Laptops,5.303304908059076,7.264730177929867,0,0,1,2.772588722239781
4.6,0,0,0,0,0.24,0,0,0,0,1,0,"Chargers, Adapters & Cables",8.006700845440367,2.8898160479624417,0,0,1,5.855071922202427
4.5,0,1,0,0,0.13,0,0,0,0,1,0,Small Gadget Accessories (Cases & Protectors),8.006700845440367,2.8326249356838407,0,1,0,10.696095378697706
4.5,0,0,0,0,0.0,0,0,0,0,1,0,"Chargers, Adapters & Cables",6.2166061010848646,4.937275759741795,1,0,0,8.263590432617319
4.6,0,0,0,0,0.0,0,0,0,0,1,0,TV & Video Displays,6.2166061010848646,4.698751599609622,0,0,1,9.893235176071776
4.7,0,0,0,0,0.0,0,0,0,0,1,0,Laptops,6.90875477931522,4.188896879163323,0,1,0,8.686260632531775
4.4,0,0,0,0,0.0,0,0,0,0,1,0,"Chargers, Adapters & Cables",7.601402334583733,3.232384174892993,0,0,1,7.284820912568604
4.6,0,0,0,0,0.0,0,0,0,0,1,0,PC Components,6.2166061010848646,6.794575382605512,1,0,0,5.111987788356544
4.4,0,1,0,0,0.29,0,0,0,0,1,0,PC Components,6.90875477931522,4.9486889658772695,0,0,1,8.157943507105037
5.0,0,0,0,0,0.0,0,0,0,0,1,0,Computer Peripherals,5.993961427306569,5.111927545578128,0,0,1,0.6931471805599453
4.8,0,0,0,0,0.0,0,0,0,0,1,0,Small Gadget Accessories (Cases & Protectors),6.90875477931522,3.783507583192719,0,0,1,10.422430144404066
4.7,0,1,0,0,0.0,0,0,0,0,1,0,"Audio, Sound & Recording Gear",6.90875477931522,4.787491742782046,0,0,1,9.566965314664872
4.5,0,1,0,0,0.17,0,0,0,0,1,0,Tablets & E-readers (DEVICES ONLY),8.006700845440367,2.5641798306825083,0,1,0,10.853387126584051
4.5,0,0,0,0,0.0,0,0,0,0,1,0,Cameras & Photography,5.303304908059076,7.691177255781865,1,0,0,5.030437921392435
4.2,0,0,0,0,0.0,0,0,0,0,1,0,Mobile Cell Phones & Smartphones,6.90875477931522,4.267877612982976,0,0,1,7.491087593534876
4.5,0,0,0,0,0.0,0,0,0,0,1,0,Computer Peripherals,6.2166061010848646,4.500476114873425,0,0,1,7.125283091510712
4.4,0,1,0,0,0.22,0,0,0,0,1,0,"Office Supplies, Ink & Toner",6.68586094706836,5.564482092412441,0,0,1,6.100318952020064
4.7,0,0,0,0,0.0,0,0,0,0,1,0,PC Components,6.2166061010848646,5.398117451625214,0,0,1,6.450470422144176
4.1,0,1,0,0,0.0,0,0,0,0,1,0,PC Components,5.993961427306569,6.042466549074014,0,0,1,6.023447592961033
4.7,0,1,0,0,0.0,0,0,0,0,1,0,"Office Supplies, Ink & Toner",6.90875477931522,4.18950321539533,0,0,1,9.1719113453564
4.7,0,1,0,0,0.0,0,0,0,0,1,0,"Office Supplies, Ink & Toner",6.90875477931522,4.521679875489066,0,0,1,5.351858133476067
4.5,0,0,0,0,0.0,0,0,0,0,1,0,Wearables,6.2166061010848646,4.393831680123644,0,0,1,7.9854843567338225
4.8,0,0,0,0,0.0,0,0,0,0,1,0,Networking,6.90875477931522,3.931629535067065,0,1,0,5.384495062789089
4.4,0,1,0,0,0.12,0,0,0,0,1,0,Smart Home & Security,6.2166061010848646,5.525413097700675,0,0,1,4.912654885736052
4.2,0,0,0,0,0.1,0,0,0,0,1,0,Computer Peripherals,7.601402334583733,3.433664571799657,0,1,0,9.197052477649247
4.5,0,1,0,0,0.0,0,0,0,0,1,0,"Office Supplies, Ink & Toner",6.803505257608338,4.709440107163888,0,0,1,7.56734567601324
4.2,0,0,0,0,0.3,0,0,0,0,1,0,Wearables,7.601402334583733,3.7133281345162463,0,1,0,6.100318952020064
4.4,0,1,0,0,0.0,0,0,0,0,1,0,Laptops,6.2166061010848646,5.393627546352362,0,0,1,7.8826922062890254
4.4,0,1,0,0,0.13,0,0,0,0,1,0,Computer Peripherals,7.601402334583733,3.177637076851603,0,1,0,7.928045600874777
4.6,0,1,0,0,0.0,0,0,0,0,1,0,Small Gadget Accessories (Cases & Protectors),8.294299608857235,2.196112848483529,0,1,0,10.279386525042526
4.4,0,0,0,0,0.0,0,0,0,0,1,0,PC Components,6.2166061010848646,5.357670592247549,0,0,1,5.950642552587727
4.6,0,1,0,0,0.0,0,0,0,0,1,0,Computer Peripherals,5.993961427306569,6.552493621597604,1,0,0,4.990432586778736
4.6,0,1,0,0,0.3,0,1,0,0,0,0,Cameras & Photography,7.601402334583733,3.5260663637080247,0,1,0,8.078688229229872
4.5,1,1,0,1,0.18,0,0,0,0,1,0,"Chargers, Adapters & Cables",9.210440366976515,2.8898160479624417,0,0,1,6.405228458030842
4.7,0,1,0,0,0.3,0,0,0,0,1,0,"Chargers, Adapters & Cables",8.006700845440367,3.0440461338325417,0,0,1,7.60339933974067
4.5,0,1,0,0,0.15,0,0,0,0,1,0,"Audio, Sound & Recording Gear",6.90875477931522,4.426043520090656,0,0,1,8.58260632996447
4.2,0,1,0,0,0.16,0,0,0,0,1,0,Computer Peripherals,6.2166061010848646,5.638319081511895,0,0,1,7.1592919047975645
4.7,0,1,0,0,0.0,0,0,0,0,1,0,Tablets & E-readers (DEVICES ONLY),6.2166061010848646,5.075173815233827,0,0,1,6.253828811575473
4.7,0,1,0,0,0.0,0,0,0,0,1,0,"Office Supplies, Ink & Toner",6.803505257608338,4.644294740672142,0,0,1,6.982862751468942
4.3,0,1,0,0,0.33,0,0,0,0,1,0,Small Gadget Accessories (Cases & Protectors),7.601402334583733,3.433664571799657,0,0,1,8.477620416296414
4.8,0,1,0,0,0.0,0,0,0,0,1,0,PC Components,6.2166061010848646,5.14987536118776,0,0,1,9.110188490025742
4.6,0,1,0,0,0.0,0,0,0,0,1,0,Laptops,7.601402334583733,3.117507330479912,0,1,0,10.094768850701554
4.5,0,1,0,0,0.0,0,0,0,0,1,0,"Office Supplies, Ink & Toner",6.90875477931522,4.211979438755315,0,0,1,8.517193191416238
4.8,0,1,0,0,0.0,0,0,0,0,1,0,PC Components,6.2166061010848646,4.875120984409557,0,0,1,7.240649694255466
4.6,0,0,0,0,0.0,0,0,0,0,1,0,"Audio, Sound & Recording Gear",5.993961427306569,6.7226297948554485,1,0,0,6.049733455231958
4.7,0,1,0,0,0.06,0,0,0,0,1,0,PC Components,6.90875477931522,3.988798844230196,0,1,0,7.444833273892193
4.8,0,1,0,0,0.08,0,0,0,0,1,0,"Office Supplies, Ink & Toner",6.90875477931522,3.610647605844363,0,0,1,6.520621127558696
4.5,0,1,0,0,0.1,0,0,0,0,1,0,Cameras & Photography,6.90875477931522,4.6150215020384655,0,0,1,7.751475318021456
4.4,0,1,0,0,0.39,0,0,0,0,1,0,Computer Peripherals,6.2166061010848646,5.442374419541463,0,0,1,7.987184748233473
4.4,0,1,0,0,0.49,0,0,0,0,1,0,"Office Supplies, Ink & Toner",8.294299608857235,2.4840729690394228,0,1,0,9.455245415071904
4.7,0,1,0,0,0.1,0,0,0,0,1,0,PC Components,6.2166061010848646,4.983538126211888,0,0,1,8.149312843635345
4.8,0,0,0,0,0.0,0,0,0,0,1,0,"Office Supplies, Ink & Toner",6.90875477931522,4.5107496103686,0,0,1,8.30943074214033
4.7,0,0,0,0,0.0,0,0,0,0,1,0,"Office Supplies, Ink & Toner",6.90875477931522,4.187986684925728,0,0,1,8.344505083590521
4.0,0,1,0,0,0.0,0,0,0,0,1,0,Wearables,6.90875477931522,4.709440107163888,0,0,1,6.2766434893416445
4.8,0,1,0,0,0.53,0,0,0,0,1,0,"Office Supplies, Ink & Toner",6.90875477931522,4.087991088249925,0,0,1,6.674561391814426
4.8,0,1,0,0,0.0,0,0,0,0,1,0,Cameras & Photography,6.90875477931522,3.834061463958434,0,1,0,8.146129510025405
4.2,0,0,1,0,0.0,0,0,0,0,1,0,TV & Video Displays,5.993961427306569,6.107000615779314,0,0,1,7.242797922793756
4.5,0,1,0,0,0.0,0,0,0,0,1,0,"Audio, Sound & Recording Gear",6.90875477931522,4.592084946439436,0,0,1,9.376278449519614
4.6,0,0,0,0,0.0,0,0,0,0,1,0,Laptops,7.601402334583733,3.3621099929541085,0,1,0,8.496786381638575
4.4,0,1,1,0,0.0,0,0,0,0,1,0,Wearables,7.601402334583733,3.433664571799657,0,1,0,6.754604099487962
4.3,0,1,0,0,0.13,0,0,0,0,1,0,"Office Supplies, Ink & Toner",6.55250788703459,5.337490001622509,0,0,1,4.442651256490317
4.2,0,1,0,0,0.23,0,0,0,0,1,0,Cameras & Photography,7.601402334583733,3.968214285077889,0,1,0,7.58629630715272
4.8,0,1,0,0,0.13,0,0,0,0,1,0,Small Gadget Accessories (Cases & Protectors),6.90875477931522,4.393831680123644,0,0,1,6.553933404025811
4.8,0,1,0,0,0.0,0,0,0,0,1,0,Cameras & Photography,5.303304908059076,7.575071699507561,0,0,1,6.139884552226255
4.4,0,1,0,0,0.1,0,0,0,0,1,0,Laptops,5.303304908059076,6.907755278982137,0,0,1,4.04305126783455
4.5,0,1,0,0,0.16,0,0,0,0,1,0,Small Gadget Accessories (Cases & Protectors),7.601402334583733,3.432372999130605,0,0,1,8.294549515143679
4.5,0,1,0,0,0.1,0,0,0,0,1,0,PC Components,6.2166061010848646,5.968681984210738,0,0,1,3.737669618283368
4.3,0,1,0,0,0.0,0,0,0,0,1,0,Mobile Cell Phones & Smartphones,7.601402334583733,3.133317936506554,0,1,0,7.490529402060711
4.3,0,1,0,0,0.0,0,0,0,0,1,0,Other Electronics,6.90875477931522,4.330601752681694,0,0,1,9.241839039035554
4.8,0,1,0,0,0.0,0,0,0,0,1,0,Laptops,6.90875477931522,4.110709916308365,0,1,0,9.07004328643746
4.3,0,1,0,0,0.11,0,0,0,0,1,0,Small Gadget Accessories (Cases & Protectors),6.90875477931522,3.58324112209094,0,0,1,8.740976538017787
4.7,0,1,0,0,0.0,0,0,0,0,1,0,"Office Supplies, Ink & Toner",6.90875477931522,3.479700443150099,0,0,1,5.117993812416755
4.4,0,0,0,0,0.0,0,0,0,0,1,0,"Audio, Sound & Recording Gear",6.90875477931522,2.91180703861623,0,1,0,9.299541017434484
4.7,0,1,1,0,0.0,0,0,0,0,1,0,Power & Batteries,7.601402334583733,3.27412129909418,0,0,1,9.777640842670152
4.3,0,1,0,0,0.0,0,0,0,0,1,0,"Audio, Sound & Recording Gear",6.90875477931522,3.5313480661272005,0,1,0,8.280204233279974
4.4,0,1,1,0,0.15,0,0,0,0,1,0,Power & Batteries,6.2166061010848646,6.018325538771608,1,0,0,7.7336835707759
4.2,0,0,0,0,0.0,0,0,0,0,1,0,TV & Video Displays,6.2166061010848646,5.017213609456379,0,0,1,6.913737350659685
4.6,0,1,0,0,0.0,0,0,0,0,1,0,Small Gadget Accessories (Cases & Protectors),6.90875477931522,4.709440107163888,0,0,1,6.261491684321042
4.4,0,1,0,0,0.13,0,0,0,0,1,0,Networking,6.2166061010848646,5.017213609456379,0,0,1,8.676416696964216
4.3,0,1,0,0,0.0,0,0,0,0,1,0,Wearables,6.2166061010848646,4.997212273764115,0,0,1,6.111467339502679
4.4,0,1,0,0,0.0,0,0,0,0,1,0,"Audio, Sound & Recording Gear",6.2166061010848646,4.795790545596741,0,0,1,5.945420608606575
4.2,0,1,0,0,0.0,0,0,0,0,1,0,Wearables,6.2166061010848646,5.525413097700675,0,0,1,6.543911845564792
4.2,0,1,0,0,0.15,0,0,0,0,1,0,"Office Supplies, Ink & Toner",6.68586094706836,5.802088163440325,0,0,1,4.219507705176107
4.8,0,0,0,0,0.0,0,0,0,0,1,0,Cameras & Photography,7.601402334583733,3.125443880075648,0,1,0,8.867427438524983
4.6,0,1,0,0,0.0,0,0,0,0,1,0,Computer Peripherals,6.2166061010848646,5.968681984210738,1,0,0,6.812345094177479
4.6,0,1,1,0,0.06,0,0,0,0,1,0,Cameras & Photography,6.90875477931522,4.393831680123644,0,0,1,9.224834818126634
4.6,0,0,0,0,0.0,0,0,0,0,1,0,"Office Supplies, Ink & Toner",5.707110264748875,6.650136735744741,1,0,0,4.700480365792417
4.5,0,0,0,0,0.0,0,0,0,0,1,0,Cameras & Photography,5.303304908059076,7.166883544015857,0,0,1,5.993961427306569
4.5,0,1,0,0,0.38,0,0,0,0,1,0,"Audio, Sound & Recording Gear",6.90875477931522,5.081342251254203,0,0,1,7.340835554123275
4.5,0,0,0,0,0.0,0,0,0,0,1,0,Laptops,5.303304908059076,6.9574783412001695,0,0,1,2.995732273553991
4.6,0,1,0,0,0.0,0,0,0,0,1,0,Cameras & Photography,5.707110264748875,6.551080335043404,0,0,1,6.677083461247136
4.5,0,1,0,0,0.0,0,0,0,0,1,0,Computer Peripherals,6.2166061010848646,5.19844178112078,0,0,1,8.27614021955846
4.4,0,0,0,0,0.0,0,0,0,0,1,0,Storage & Memory Cards,5.993961427306569,6.927557906278317,1,0,0,5.91350300563827
4.4,0,0,0,0,0.0,0,0,0,0,1,0,Computer Peripherals,5.993961427306569,5.42022521678137,0,0,1,6.095824562432225
4.0,0,1,0,0,0.08,0,0,0,0,1,0,TV & Video Displays,8.006700845440367,2.4840729690394228,0,1,0,8.509161019718974
4.7,0,1,0,0,0.0,0,0,0,0,1,0,Wearables,6.2166061010848646,4.875120984409557,0,0,1,9.46412951340478
4.2,0,1,0,0,0.25,0,0,0,0,1,0,"Audio, Sound & Recording Gear",6.2166061010848646,5.30325515557766,0,0,1,7.798933310041217
4.6,0,1,0,0,0.0,0,0,0,0,1,0,"Office Supplies, Ink & Toner",6.90875477931522,3.8055507609176296,0,0,1,9.005405040310642
4.8,0,1,0,0,0.0,0,0,0,0,1,0,PC Components,6.2166061010848646,5.062278527248094,0,0,1,10.277049111631284
4.4,0,1,0,0,0.34,0,0,0,0,1,0,Computer Peripherals,6.90875477931522,5.081342251254203,0,0,1,7.263329617476836
4.4,0,1,0,0,0.0,0,0,0,0,1,0,Wearables,6.2166061010848646,5.707077041605631,0,0,1,4.158883083359672
4.6,0,1,0,0,0.0,0,0,0,0,1,0,"Chargers, Adapters & Cables",8.006700845440367,2.7073833121145063,0,1,0,9.165865881874351
4.7,0,0,0,0,0.0,0,0,0,0,1,0,"Office Supplies, Ink & Toner",6.90875477931522,4.246922577489038,0,0,1,9.163563180417254
4.7,0,1,0,0,0.05,0,0,0,0,1,0,"Office Supplies, Ink & Toner",7.601402334583733,2.751109690562657,0,1,0,8.736971085254146
4.3,0,0,0,0,0.0,0,0,0,0,1,0,PC Components,6.2166061010848646,4.889897898613436,0,0,1,7.5126175446745105
4.2,0,1,0,0,0.14,0,0,0,0,1,0,Laptops,5.993961427306569,6.552493621597604,0,0,1,3.970291913552122
4.4,0,0,0,0,0.08,0,0,0,0,1,0,"Chargers, Adapters & Cables",8.006700845440367,2.63834278867739,0,1,0,6.159095388491933
4.5,0,1,0,0,0.09,0,0,0,0,1,0,Computer Peripherals,7.601402334583733,2.771963526845863,0,1,0,7.54274354536855
4.5,0,1,0,0,0.0,0,0,0,0,1,0,PC Components,5.993961427306569,5.684089841310465,0,0,1,7.707062655370473
4.6,0,0,0,0,0.07,0,0,0,0,1,0,PC Components,5.303304908059076,7.24493440855279,1,0,0,5.652489180268651
4.3,0,0,0,0,0.0,0,0,0,0,1,0,TV & Video Displays,6.90875477931522,4.934401988096667,0,0,1,7.317876198626496
4.6,0,0,0,0,0.0,0,0,0,0,1,0,Computer Peripherals,6.90875477931522,4.556924873360097,0,0,1,6.12029741895095
4.6,0,1,1,0,0.12,0,0,0,0,1,0,Computer Peripherals,7.601402334583733,3.931629535067065,0,0,1,8.766705997750515
4.3,0,1,1,0,0.23,0,0,0,0,1,0,Printers & Scanners (Hardware),6.55250788703459,4.955756632586266,0,1,0,6.875232087276577
4.6,0,1,0,0,0.08,0,0,0,0,1,0,TV & Video Displays,6.2166061010848646,4.795707897553386,0,0,1,6.511745329644728
4.5,0,1,0,0,0.0,0,0,0,0,1,0,Computer Peripherals,6.90875477931522,3.2534704696327,0,1,0,4.919980925828125
4.8,0,1,0,0,0.07,0,0,0,0,1,0,Small Gadget Accessories (Cases & Protectors),7.601402334583733,3.177637076851603,0,0,1,7.726212650507529
4.1,0,1,0,0,0.54,0,0,0,0,1,0,Computer Peripherals,6.2166061010848646,5.697059928895374,0,0,1,6.952728644624869
4.3,0,1,0,0,0.0,0,0,0,0,1,0,Mobile Cell Phones & Smartphones,6.2166061010848646,5.32227800399288,0,0,1,5.953243334287785
4.5,0,1,0,0,0.0,0,0,0,0,1,0,"Audio, Sound & Recording Gear",6.90875477931522,3.2627013044082305,0,1,0,9.786166909959585
4.7,0,1,0,0,0.16,0,0,0,0,1,0,Power & Batteries,8.294299608857235,2.2192034840549946,0,1,0,8.241966560231802
4.8,0,1,0,0,0.38,0,0,0,0,1,0,Cameras & Photography,7.601402334583733,2.818398258271076,0,1,0,9.82135516299751
4.6,0,1,0,0,0.08,0,0,0,0,1,0,"Audio, Sound & Recording Gear",6.2166061010848646,5.62021968988551,0,0,1,8.076826031298808
4.7,0,1,0,0,0.08,0,0,0,0,1,0,Wearables,6.2166061010848646,5.058790335983303,0,0,1,5.375278407684165
4.6,0,1,0,0,0.0,0,0,0,0,1,0,"Office Supplies, Ink & Toner",6.398594934535208,5.7430031878094825,0,0,1,5.293304824724492
4.0,0,1,0,0,0.29,0,0,0,0,1,0,Computer Peripherals,7.601402334583733,3.218475744846861,0,1,0,9.283590833715776
4.6,0,1,0,0,0.27,0,0,0,0,1,0,"Chargers, Adapters & Cables",7.601402334583733,2.5006159434931803,0,1,0,9.912744573798804
4.5,0,1,0,0,0.0,0,0,0,0,1,0,"Office Supplies, Ink & Toner",6.2166061010848646,5.752572638825633,0,0,1,5.645446897643238
4.7,1,1,0,0,0.18,0,0,0,0,1,0,Power & Batteries,9.105090961257083,2.8213788864092133,0,0,1,9.7195647143752
4.7,0,1,0,0,0.0,0,0,0,0,1,0,TV & Video Displays,5.303304908059076,7.24493440855279,1,0,0,4.406719247264253
5.0,1,1,0,0,0.0,0,0,0,0,1,0,"Chargers, Adapters & Cables",0.0,4.110709916308365,0,0,1,1.791759469228055
4.3,0,1,0,0,0.0,0,0,0,0,1,0,"Office Supplies, Ink & Toner",5.993961427306569,5.552533137416657,0,0,1,4.941642422609304
4.4,0,1,0,0,0.0,0,0,0,0,1,0,Laptops,5.993961427306569,5.916175108066267,0,0,1,5.393627546352362
4.5,0,1,0,1,0.0,0,0,0,0,1,0,Storage & Memory Cards,6.90875477931522,3.8701588013294472,0,0,1,9.661097469276054
4.4,0,1,0,0,0.0,0,0,0,0,1,0,Small Gadget Accessories (Cases & Protectors),6.90875477931522,3.636269503841639,0,0,1,8.400434630806041
4.7,0,1,0,0,0.35,0,0,0,0,1,0,PC Components,8.006700845440367,2.771963526845863,0,1,0,9.063694791634695
4.4,0,0,0,0,0.0,0,0,0,0,1,0,PC Components,5.707110264748875,6.571876866012754,1,0,0,3.5263605246161616
4.5,0,1,0,0,0.0,0,0,0,0,1,0,"Office Supplies, Ink & Toner",6.55250788703459,5.030372559779288,0,0,1,5.746203190540153
4.6,0,1,0,0,0.0,0,0,0,0,1,0,Small Gadget Accessories (Cases & Protectors),7.601402334583733,2.63834278867739,0,1,0,9.17926241640532
4.5,0,1,0,0,0.1,0,0,0,0,1,0,"Audio, Sound & Recording Gear",6.803505257608338,5.198220750009751,0,0,1,8.457867725331422
4.0,0,1,0,0,0.1,0,0,0,0,1,0,PC Components,6.2166061010848646,5.874902640569862,0,0,1,4.663439094112067
4.4,0,1,1,0,0.19,0,0,0,0,1,0,Computer Peripherals,6.2166061010848646,5.081342251254203,0,0,1,8.065579427282092
4.5,0,1,0,0,0.17,0,0,0,0,1,0,Computer Peripherals,6.2166061010848646,5.484755438853831,0,0,1,6.400257445308821
4.6,0,1,0,0,0.0,0,0,0,0,1,0,PC Components,6.2166061010848646,4.795707897553386,0,0,1,4.290459441148391
4.3,0,0,0,0,0.0,0,0,0,0,1,0,Networking,6.2166061010848646,5.017213609456379,0,0,1,6.368187186350492
4.5,0,0,0,0,0.0,0,0,0,0,1,0,Computer Peripherals,6.803505257608338,4.564244019375446,0,0,1,7.467371066917559
4.7,0,1,0,0,0.0,0,0,0,0,1,0,Computer Peripherals,6.803505257608338,4.867534450455582,0,0,1,9.708749225727084
4.5,0,0,0,0,0.0,0,0,0,0,1,0,"Chargers, Adapters & Cables",6.2166061010848646,4.393831680123644,0,0,1,7.830425617820331
4.3,0,1,0,0,0.09,0,0,0,0,1,0,Laptops,5.993961427306569,5.802088163440325,0,0,1,6.269096283706261
4.7,1,1,0,0,0.07,0,0,0,0,1,0,Small Gadget Accessories (Cases & Protectors),8.294299608857235,2.532902848056256,0,1,0,10.50103201050528
4.7,0,0,0,0,0.38,0,0,0,0,1,0,"Chargers, Adapters & Cables",8.006700845440367,2.63834278867739,0,1,0,10.074031693706946
4.1,0,1,1,0,0.46,0,0,0,0,1,0,Printers & Scanners (Hardware),6.2166061010848646,5.783794412625586,0,0,1,5.062595033026967
4.8,0,1,0,0,0.35,0,0,0,0,1,0,PC Components,6.2166061010848646,5.298317366548036,0,0,1,8.906393407058367
4.4,0,1,0,0,0.0,0,0,0,0,1,0,Computer Peripherals,6.2166061010848646,5.601934302012123,0,0,1,5.805134968916488
4.6,0,0,0,0,0.0,0,0,0,0,1,0,PC Components,6.2166061010848646,5.484755438853831,0,0,1,6.639875833826536
4.4,0,1,0,0,0.29,0,0,0,0,1,0,Wearables,6.2166061010848646,5.602081919829862,0,0,1,5.765191102784844
4.7,0,0,0,0,0.0,0,0,0,0,1,0,PC Components,6.90875477931522,4.795790545596741,0,0,1,6.492239835020471
4.4,0,1,0,0,0.0,0,0,0,0,1,0,Computer Peripherals,6.90875477931522,3.827553848801696,0,0,1,8.087025470667701
4.5,0,0,0,0,0.0,0,0,0,0,1,0,"Office Supplies, Ink & Toner",6.2166061010848646,5.415611393770394,0,0,1,5.476463551931511
4.6,0,1,0,0,0.0,0,0,0,0,1,0,"Office Supplies, Ink & Toner",6.90875477931522,3.417398761000164,0,0,1,8.556606193773073
4.6,0,0,0,0,0.0,0,0,0,0,1,0,"Office Supplies, Ink & Toner",6.68586094706836,4.889521718343416,0,0,1,6.840546529288687
4.6,0,1,0,0,0.0,0,0,0,0,1,0,"Audio, Sound & Recording Gear",6.2166061010848646,5.703782474656201,0,0,1,9.035986984831403
4.2,0,0,0,0,0.0,0,0,0,0,1,0,TV & Video Displays,5.303304908059076,6.08847782127798,0,0,1,5.3230099791384085
4.5,0,1,0,0,0.17,0,0,0,0,1,0,Laptops,5.303304908059076,6.803494158767612,0,0,1,4.882801922586371
4.6,0,1,0,0,0.0,0,0,0,0,1,0,"Office Supplies, Ink & Toner",6.90875477931522,3.783052624131186,0,0,1,7.953669778649798
4.8,0,1,0,0,0.11,0,0,0,0,1,0,PC Components,6.90875477931522,4.682038630244668,0,0,1,9.03145291191651
4.2,0,1,0,0,0.0,0,0,0,0,1,0,Laptops,5.993961427306569,5.777652323222656,0,0,1,5.986452005284438
3.9,0,1,0,0,0.0,0,1,0,0,0,0,"Chargers, Adapters & Cables",6.398594934535208,5.158825387729438,1,0,0,5.934894195619588
4.5,0,1,0,0,0.2,0,0,0,0,1,0,Wearables,6.2166061010848646,5.081342251254203,0,0,1,5.676753802268282
4.6,0,0,0,0,0.0,0,0,0,0,1,0,Computer Peripherals,6.90875477931522,4.560800238252151,0,0,1,9.30027247947679
4.6,0,1,0,0,0.0,0,0,0,0,1,0,"Office Supplies, Ink & Toner",6.90875477931522,4.152456225279317,0,0,1,8.822764296703758
3.9,0,1,1,0,0.0,0,0,0,0,1,0,"Office Supplies, Ink & Toner",6.68586094706836,4.912581353620868,0,0,1,6.236369590203704
4.5,0,1,0,0,0.38,0,0,0,0,1,0,Laptops,6.2166061010848646,5.484755438853831,0,0,1,4.997212273764115
4.2,0,1,0,0,0.0,0,0,0,0,1,0,Mobile Cell Phones & Smartphones,6.90875477931522,4.564348191467836,0,0,1,6.297109319933935
3.8,0,1,0,0,0.21,0,0,0,0,1,0,Smart Home & Security,6.2166061010848646,5.802088163440325,0,0,1,8.310169021981912
4.5,0,1,0,0,0.28,0,0,0,0,1,0,TV & Video Displays,6.2166061010848646,5.017081141579645,0,0,1,8.643120748014027
4.6,0,1,1,0,0.0,0,0,0,0,1,0,TV & Video Displays,5.993961427306569,4.941642422609304,0,0,1,7.673223121121708
4.7,0,1,0,0,0.0,0,0,0,0,1,0,Cameras & Photography,6.90875477931522,3.2577118486533987,0,1,0,8.110727582974489
4.7,0,1,0,0,0.0,1,0,0,0,0,0,Computer Peripherals,6.2166061010848646,4.5107496103686,0,0,1,6.773080375655535
4.7,0,1,0,0,0.0,0,0,0,0,1,0,Storage & Memory Cards,8.006700845440367,2.2752138961979136,0,1,0,10.81466523502346
4.8,0,1,0,0,0.0,0,0,0,0,1,0,Cameras & Photography,6.90875477931522,4.453765731828859,0,0,1,7.934871565945177
4.4,0,1,0,0,0.23,0,0,0,0,1,0,Computer Peripherals,7.601402334583733,3.433664571799657,0,1,0,6.98933526597456
4.8,0,1,0,0,0.11,0,0,0,0,1,0,"Office Supplies, Ink & Toner",6.803505257608338,4.836202538722539,0,0,1,4.8283137373023015
4.1,0,0,1,0,0.0,0,0,0,0,1,0,"Office Supplies, Ink & Toner",6.2166061010848646,5.598829283437918,0,0,1,7.104144092987527
4.6,0,1,0,0,0.0,0,0,0,0,1,0,Printers & Scanners (Hardware),6.2166061010848646,5.141371116085311,0,0,1,5.176149732573829
4.4,0,1,1,0,0.23,0,0,0,0,1,0,Computer Peripherals,5.707110264748875,7.090901495650648,1,0,0,6.398594934535208
4.7,1,1,0,0,0.2,0,0,0,0,1,0,"Chargers, Adapters & Cables",7.601402334583733,3.433664571799657,0,0,1,6.311734809152915
4.8,0,1,0,0,0.3,0,0,0,0,1,0,Storage & Memory Cards,6.2166061010848646,5.30325515557766,0,0,1,8.714731714015052
4.4,0,1,0,0,0.17,0,0,0,0,1,0,Smart Home & Security,7.601402334583733,2.771963526845863,0,1,0,8.819665349340653
4.7,0,0,0,0,0.0,0,0,0,0,1,0,Computer Peripherals,8.006700845440367,2.2975725511705014,0,1,0,9.515837804297965
4.4,0,1,0,0,0.06,0,0,0,0,1,0,Cameras & Photography,6.2166061010848646,4.614625344758847,0,0,1,3.295836866004329
4.5,0,0,0,0,0.0,0,0,0,0,1,0,"Audio, Sound & Recording Gear",6.90875477931522,4.446057214331018,0,0,1,9.418004736441931
4.7,1,0,0,1,0.13,0,0,0,0,1,0,Storage & Memory Cards,8.294299608857235,2.771963526845863,0,1,0,5.739792912179234
4.6,0,1,0,0,0.0,0,0,0,0,1,0,"Office Supplies, Ink & Toner",5.993961427306569,6.417614246408979,1,0,0,5.75890177387728
4.7,0,1,0,0,0.08,1,0,0,0,0,0,Small Gadget Accessories (Cases & Protectors),6.90875477931522,3.687878953780353,0,0,1,7.924072324923417
4.6,0,1,0,0,0.0,0,0,0,0,1,0,"Audio, Sound & Recording Gear",6.68586094706836,4.700480365792417,0,0,1,9.691345759329694
4.4,0,1,0,0,0.14,0,0,0,0,1,0,Small Gadget Accessories (Cases & Protectors),8.006700845440367,2.740840023925201,0,1,0,10.340160587768484
4.4,0,0,1,0,0.0,0,0,0,0,1,0,Smart Home & Security,6.2166061010848646,5.356020076676326,0,0,1,5.342334251964811
4.2,0,1,0,0,0.2,0,0,0,0,1,0,"Chargers, Adapters & Cables",7.601402334583733,3.2577118486533987,0,0,1,7.715569534520208
4.5,0,1,0,0,0.0,0,0,0,0,1,0,"Office Supplies, Ink & Toner",6.90875477931522,4.2512058507423305,0,0,1,6.555356891810665
4.4,0,0,1,0,0.0,0,0,0,0,1,0,"Audio, Sound & Recording Gear",6.90875477931522,4.875120984409557,0,0,1,7.317212408359839
4.2,0,1,0,0,0.05,0,0,0,0,1,0,Networking,6.2166061010848646,5.860757733031528,0,0,1,6.3818160174060985
4.3,0,1,0,0,0.3,0,0,0,0,1,0,Small Gadget Accessories (Cases & Protectors),6.90875477931522,3.931629535067065,0,0,1,6.530877627725885
4.5,0,0,0,0,0.0,0,0,0,0,1,0,Small Gadget Accessories (Cases & Protectors),6.90875477931522,3.745732265706719,0,0,1,10.782076417226271
4.8,0,1,0,0,0.0,0,0,0,0,1,0,"Chargers, Adapters & Cables",7.601402334583733,3.24376354037598,0,0,1,7.895436006942965
4.8,0,1,1,0,0.13,0,0,0,0,1,0,TV & Video Displays,6.2166061010848646,5.564482092412441,0,0,1,7.306531398939505
4.5,0,1,0,0,0.1,0,0,0,0,1,0,Laptops,6.803505257608338,5.017279836814924,0,0,1,8.035926369891792
4.6,0,1,0,0,0.0,0,0,0,0,1,0,"Office Supplies, Ink & Toner",7.601402334583733,3.3311325072138684,0,1,0,10.585801262389678
4.7,0,1,0,0,0.0,0,0,0,0,1,0,Laptops,7.601402334583733,2.9439125248241944,0,1,0,8.89192414015454
4.6,0,1,0,0,0.26,0,0,0,0,1,0,Storage & Memory Cards,6.90875477931522,3.177220149599368,0,1,0,7.797291273547472
4.8,0,1,0,0,0.0,0,0,0,0,1,0,"Office Supplies, Ink & Toner",7.601402334583733,2.256541154492639,0,1,0,8.61122983334262
4.5,0,1,0,0,0.18,0,0,0,0,1,0,Mobile Cell Phones & Smartphones,7.601402334583733,3.2168738221975275,0,1,0,7.029972911706386
4.4,0,0,1,0,0.0,0,0,0,0,1,0,Mobile Cell Phones & Smartphones,5.303304908059076,6.591317015443623,1,0,0,6.659293919683638
4.2,0,0,0,0,0.0,0,0,0,0,1,0,Computer Peripherals,0.0,4.795707897553386,0,0,1,1.9459101490553128
4.4,0,1,0,0,0.11,0,1,0,0,0,0,"Chargers, Adapters & Cables",6.90875477931522,3.580737295494233,0,0,1,6.021023349349527
4.7,0,0,0,0,0.0,0,0,0,0,1,0,"Office Supplies, Ink & Toner",6.398594934535208,5.374769018708368,0,0,1,7.512071245835466
4.5,0,1,0,0,0.0,0,0,0,0,1,0,Storage & Memory Cards,6.2166061010848646,4.6150215020384655,0,0,1,5.236441962829949
4.8,0,1,0,0,0.41,0,0,0,0,1,0,Power & Batteries,7.601402334583733,3.331847303527362,0,0,1,10.09608941873764
4.3,0,1,0,0,0.33,0,0,0,0,1,0,Wearables,7.601402334583733,3.366950942933564,0,1,0,8.446341450444287
4.3,0,1,0,0,0.16,0,0,0,0,1,0,"Office Supplies, Ink & Toner",5.993961427306569,6.475417308264888,1,0,0,6.734591659972948
4.3,0,1,0,0,0.0,0,0,0,0,1,0,Computer Peripherals,6.2166061010848646,4.875044639789907,0,0,1,6.895682697747868
4.4,0,0,0,0,0.0,0,0,0,0,1,0,PC Components,6.2166061010848646,5.438079308923196,0,0,1,6.432940092739179
4.8,0,1,0,0,0.0,0,0,0,0,1,0,Power & Batteries,8.006700845440367,2.0980179272527715,0,1,0,9.438590860658538
4.6,0,1,0,0,0.06,0,1,0,0,0,0,Computer Peripherals,6.2166061010848646,5.860757733031528,0,0,1,5.8805329864007
4.4,0,1,0,0,0.0,0,0,0,0,1,0,TV & Video Displays,6.2166061010848646,5.3471075307174685,0,0,1,6.900730664045173
4.6,0,1,0,0,0.13,0,0,0,0,1,0,"Office Supplies, Ink & Toner",6.803505257608338,4.736110725248687,0,0,1,4.852030263919617
4.5,0,1,1,0,0.0,0,0,0,0,1,0,Printers & Scanners (Hardware),5.993961427306569,5.484755438853831,0,0,1,5.84354441703136
4.4,0,0,0,0,0.3,0,0,0,0,1,0,"Audio, Sound & Recording Gear",7.601402334583733,3.7133281345162463,0,1,0,5.707110264748875
4.7,0,0,0,0,0.0,0,0,0,0,1,0,"Office Supplies, Ink & Toner",6.68586094706836,4.819394075127647,0,0,1,6.899723107284872
4.7,0,1,0,0,0.23,0,0,0,0,1,0,"Office Supplies, Ink & Toner",8.006700845440367,2.39698576841553,0,1,0,10.541940926673426
4.6,0,1,0,0,0.0,0,0,0,0,1,0,"Office Supplies, Ink & Toner",6.90875477931522,3.5684053006460617,0,0,1,8.46611040118692
3.8,0,1,0,0,0.0,0,0,0,0,1,0,"Office Supplies, Ink & Toner",6.2166061010848646,5.75539405171978,0,0,1,3.4339872044851463
4.5,0,0,1,0,0.0,0,0,0,0,1,0,Computer Peripherals,5.707110264748875,6.620073206530356,1,0,0,4.07753744390572
4.7,0,1,0,0,0.0,0,0,0,0,1,0,"Office Supplies, Ink & Toner",6.90875477931522,4.262398147218351,0,0,1,6.492239835020471
4.3,0,0,1,0,0.0,0,0,0,0,1,0,"Office Supplies, Ink & Toner",6.55250788703459,4.891401206172557,0,0,1,6.734591659972948
4.6,0,0,0,0,0.0,0,0,0,0,1,0,PC Components,6.2166061010848646,5.398117451625214,0,0,1,5.58724865840025
4.8,0,1,0,0,0.0,0,0,0,0,1,0,"Office Supplies, Ink & Toner",6.55250788703459,5.028409722195421,0,0,1,5.225746673713202
4.7,0,1,0,0,0.0,0,0,0,0,1,0,"Chargers, Adapters & Cables",7.601402334583733,2.5641798306825083,0,1,0,8.503094267036737
4.7,0,1,0,0,0.0,0,0,0,0,1,0,Storage & Memory Cards,6.2166061010848646,4.9550521095192215,0,0,1,7.916807490937603
4.4,0,1,0,0,0.1,0,0,0,0,1,0,"Audio, Sound & Recording Gear",5.993961427306569,6.21658614080582,1,0,0,5.5093883366279774
3.8,0,0,1,0,0.0,0,0,0,0,1,0,Computer Peripherals,6.68586094706836,5.30325515557766,0,0,1,6.645090969505644
4.3,0,1,0,0,0.0,0,0,0,0,1,0,"Office Supplies, Ink & Toner",6.68586094706836,4.795707897553386,0,0,1,7.6251071482389
4.5,0,1,0,0,0.23,0,0,0,0,1,0,Wearables,6.2166061010848646,5.3518107389880365,0,0,1,9.02437217426203
4.8,0,1,0,0,0.05,0,0,0,0,1,0,"Office Supplies, Ink & Toner",6.90875477931522,4.424726864205909,0,0,1,6.366470447731438
4.3,0,1,0,0,0.0,0,0,0,0,1,0,"Audio, Sound & Recording Gear",6.803505257608338,5.210305489224823,0,0,1,8.39660622842712
4.4,0,0,0,0,0.0,0,0,0,0,1,0,PC Components,6.2166061010848646,5.574015416597136,0,0,1,7.763446388727362
3.8,0,1,0,0,0.0,0,0,0,0,1,0,Wearables,6.2166061010848646,5.017213609456379,0,0,1,6.602587892189336
4.2,0,1,0,0,0.0,0,0,0,0,1,0,Computer Peripherals,5.303304908059076,6.907755278982137,1,0,0,4.7535901911063645
4.2,0,1,0,0,0.0,0,0,0,0,1,0,PC Components,5.993961427306569,5.398117451625214,0,0,1,6.588926477533519
4.8,0,1,0,0,0.0,1,0,0,0,0,0,Printers & Scanners (Hardware),6.90875477931522,3.618725194190729,0,1,0,7.234177179749849
4.8,0,0,0,0,0.0,0,0,0,0,1,0,Other Electronics,6.2166061010848646,5.30325515557766,0,0,1,7.886081401775745
4.4,0,1,0,0,0.0,0,0,0,0,1,0,"Audio, Sound & Recording Gear",6.2166061010848646,5.010635294096256,0,0,1,5.5093883366279774
4.2,0,1,0,0,0.0,0,0,0,0,1,0,Computer Peripherals,6.2166061010848646,4.795707897553386,0,0,1,4.736198448394496
4.3,0,1,0,0,0.0,0,0,0,0,1,0,TV & Video Displays,5.707110264748875,6.036366208459181,0,0,1,3.688879454113936
4.7,0,0,0,0,0.0,0,0,0,0,1,0,"Office Supplies, Ink & Toner",6.90875477931522,3.969348072047416,0,0,1,9.487365864239434
4.7,0,1,0,0,0.12,0,0,0,0,1,0,Power & Batteries,8.006700845440367,2.020222182019865,0,1,0,9.079092085366227
4.6,0,1,0,0,0.19,0,0,0,0,1,0,"Office Supplies, Ink & Toner",7.601402334583733,3.542696943935855,0,0,1,6.944087208229528
4.7,0,1,0,0,0.0,0,0,0,0,1,0,Other Electronics,6.2166061010848646,4.510309904964132,0,0,1,7.037027614686276
4.7,0,1,0,0,0.1,0,0,0,0,1,0,"Chargers, Adapters & Cables",6.90875477931522,3.3304171996011083,0,0,1,4.709530201312334
4.3,0,0,0,0,0.0,0,0,0,0,1,0,"Audio, Sound & Recording Gear",4.61512051684126,7.782807262839695,1,0,0,3.4657359027997265
4.2,0,0,0,0,0.0,0,0,0,0,1,0,TV & Video Displays,4.61512051684126,6.988228663132014,1,0,0,6.818924065275521
3.8,0,1,0,0,0.0,0,0,0,0,1,0,"Chargers, Adapters & Cables",6.2166061010848646,4.787408405976297,1,0,0,7.255591274253665
4.8,0,1,0,0,0.18,0,0,0,0,1,0,Storage & Memory Cards,6.2166061010848646,5.356539103748161,0,0,1,7.2640301428995295
4.5,0,1,0,0,0.05,0,0,0,0,1,0,TV & Video Displays,6.2166061010848646,5.634789603169249,0,0,1,8.700181192753353
4.6,0,1,1,0,0.22,0,0,0,0,1,0,TV & Video Displays,6.2166061010848646,5.393627546352362,0,0,1,9.441452092939569
4.2,0,1,0,0,0.0,0,0,0,0,1,0,PC Components,5.303304908059076,4.653960350157523,0,0,1,5.111987788356544
4.7,0,1,0,0,0.06,0,0,0,0,1,0,Other Electronics,6.90875477931522,3.0996417369445024,0,1,0,7.317876198626496
3.4,0,0,0,0,0.0,0,0,0,0,1,0,TV & Video Displays,5.707110264748875,6.779921907472252,0,0,1,1.791759469228055
4.4,0,1,0,0,0.0,1,0,0,0,0,0,Storage & Memory Cards,6.2166061010848646,5.278063637520769,0,0,1,7.151485463904735
4.2,0,1,0,0,0.0,0,0,0,0,1,0,Cameras & Photography,5.707110264748875,6.476972362889683,0,0,1,7.372746366404328
4.6,0,0,0,0,0.0,0,1,0,0,0,0,"Chargers, Adapters & Cables",0.0,2.8898160479624417,0,0,1,10.350574335335113
4.7,0,1,0,0,0.15,0,0,0,0,1,0,"Chargers, Adapters & Cables",6.90875477931522,3.295466427029913,0,0,1,5.598421958998375
4.7,0,1,0,0,0.0,0,0,0,0,1,0,"Chargers, Adapters & Cables",6.90875477931522,4.105284502260435,0,0,1,8.532081803909987
4.8,0,0,0,0,0.0,0,0,0,0,1,0,"Office Supplies, Ink & Toner",6.90875477931522,4.3292849234158215,0,0,1,6.720220155135295
4.6,0,1,0,0,0.15,0,0,0,0,1,0,PC Components,6.90875477931522,4.6150215020384655,0,0,1,8.166784289056151
4.2,0,0,0,0,0.0,0,0,0,0,1,0,Smart Home & Security,6.90875477931522,3.521938999358284,0,1,0,9.420520256898534
4.5,1,1,0,0,0.12,0,0,0,0,1,0,Computer Peripherals,0.0,5.99393648933976,1,0,0,8.403352374992478
4.7,0,1,0,0,0.0,0,0,0,0,1,0,"Office Supplies, Ink & Toner",6.55250788703459,4.708448535441593,0,0,1,8.565602330623925
4.2,0,0,0,0,0.0,0,0,0,0,1,0,TV & Video Displays,4.61512051684126,7.415145006812227,1,0,0,4.343805421853684
4.3,0,0,1,0,0.27,0,0,0,0,1,0,Computer Peripherals,6.90875477931522,3.6373229671995344,0,0,1,7.094234845924755
4.7,0,0,0,0,0.0,0,0,0,0,1,0,"Office Supplies, Ink & Toner",6.68586094706836,4.803118998667745,0,0,1,7.694392802629421
4.6,0,1,0,0,0.0,0,0,0,0,1,0,Printers & Scanners (Hardware),6.90875477931522,4.604269780744927,0,1,0,8.130647968160584
3.9,0,1,0,0,0.17,0,0,0,0,1,0,Computer Peripherals,5.707110264748875,6.342103812932368,1,0,0,5.703782474656201
4.4,0,1,0,0,0.0,0,0,0,0,1,0,Wearables,7.601402334583733,2.995732273553991,0,1,0,8.01862546504575
4.2,0,1,0,0,0.0,0,0,0,0,1,0,TV & Video Displays,5.707110264748875,6.90874478925533,1,0,0,5.783825182329737
4.7,0,0,0,0,0.2,0,0,0,0,1,0,TV & Video Displays,6.90875477931522,3.58324112209094,0,1,0,11.084693139508092
4.1,0,0,0,0,0.0,0,0,0,0,1,0,Computer Peripherals,6.90875477931522,3.7133281345162463,0,0,1,4.330733340286331
4.5,0,1,0,0,0.0,0,0,0,0,1,0,Power & Batteries,7.601402334583733,2.8414149131696336,0,0,1,6.902742737158593
4.5,0,1,0,0,0.0,0,0,0,0,1,0,"Audio, Sound & Recording Gear",6.90875477931522,3.0440461338325417,0,1,0,9.833011438731804
4.7,0,1,0,0,0.0,0,0,0,0,1,0,TV & Video Displays,8.006700845440367,3.433664571799657,0,1,0,10.266184328793354
4.7,0,0,0,0,0.0,0,0,0,0,1,0,"Office Supplies, Ink & Toner",6.90875477931522,3.9314333989479695,0,0,1,8.053251153549096
4.5,0,1,0,0,0.0,0,0,0,0,1,0,Cameras & Photography,6.68586094706836,4.911919321157098,0,0,1,5.438079308923196
4.4,0,1,0,0,0.0,0,0,0,0,1,0,"Office Supplies, Ink & Toner",6.90875477931522,3.3495531485098167,0,1,0,8.876544550558378
4.7,0,1,0,0,0.08,0,0,0,0,1,0,Small Gadget Accessories (Cases & Protectors),6.803505257608338,4.875120984409557,0,0,1,6.746412128573375
4.8,0,0,0,0,0.0,0,0,0,0,1,0,"Office Supplies, Ink & Toner",6.803505257608338,4.633660456387719,0,0,1,7.757478766584179
4.6,0,0,0,0,0.06,0,0,0,0,1,0,Tablets & E-readers (DEVICES ONLY),6.2166061010848646,5.298317366548036,0,0,1,7.321188556739478
4.7,0,1,0,0,0.0,0,0,0,0,1,0,Wearables,6.2166061010848646,5.19844178112078,0,0,1,5.940171252720432
4.8,0,0,0,0,0.0,0,0,0,0,1,0,Power & Batteries,6.90875477931522,3.7035217308508064,0,0,1,5.631211781821365
4.6,0,1,0,0,0.25,0,0,0,0,1,0,Computer Peripherals,6.90875477931522,4.262539022051294,0,0,1,6.295266001439646
4.6,0,1,0,0,0.0,0,0,0,0,1,0,"Office Supplies, Ink & Toner",6.90875477931522,3.5720646995221013,0,0,1,8.693999567522082
4.7,0,1,0,0,0.0,0,0,0,0,1,0,"Office Supplies, Ink & Toner",6.803505257608338,4.81210305125432,0,0,1,4.770684624465665
4.8,0,0,0,0,0.21,0,0,0,0,1,0,TV & Video Displays,6.90875477931522,3.663305202994506,0,1,0,10.742508395585617
4.3,0,1,0,0,0.0,0,0,0,0,1,0,"Audio, Sound & Recording Gear",7.601402334583733,3.433664571799657,0,1,0,10.16558254998528
4.7,0,1,0,0,0.05,0,1,0,0,0,0,PC Components,6.90875477931522,3.4011973816621555,0,1,0,9.198267790741914
4.8,0,1,0,0,0.0,0,0,0,0,1,0,Storage & Memory Cards,6.2166061010848646,5.017213609456379,0,0,1,9.066239028001926
4.7,0,1,0,0,0.19,0,0,0,0,1,0,Other Electronics,6.90875477931522,3.456316680883235,0,1,0,7.519149957669823
4.6,0,0,1,0,0.0,0,0,0,0,1,0,"Office Supplies, Ink & Toner",6.90875477931522,3.8262472284067424,0,0,1,8.409830673087738
4.6,0,1,0,0,0.28,0,0,0,0,1,0,TV & Video Displays,6.2166061010848646,5.19844178112078,0,0,1,5.513428746164983
4.6,0,1,0,0,0.18,0,0,0,0,1,0,"Office Supplies, Ink & Toner",6.90875477931522,3.780774718818192,0,0,1,8.74209519574531
4.6,0,1,0,0,0.0,0,0,0,0,1,0,"Office Supplies, Ink & Toner",6.55250788703459,5.341807797622565,0,0,1,6.461468176353717
4.6,0,1,0,0,0.0,0,0,0,0,1,0,"Office Supplies, Ink & Toner",6.90875477931522,4.236278058110767,0,0,1,8.527539483470381
4.8,0,0,0,0,0.0,0,0,0,0,1,0,Laptops,6.2166061010848646,5.484755438853831,0,0,1,6.966024187106113
4.0,1,1,0,0,0.15,0,0,0,0,1,0,Cameras & Photography,0.0,5.141605075260502,0,0,1,0.6931471805599453
0.0,1,1,0,0,0.17,0,0,0,0,1,0,Cameras & Photography,0.0,5.298317366548036,0,0,1,0.0
4.8,0,1,0,0,0.08,0,0,0,0,1,0,Cameras & Photography,5.303304908059076,7.090076835776092,0,0,1,4.356708826689592
0.0,1,1,0,0,0.0,0,0,0,0,1,0,Cameras & Photography,0.0,5.111987788356544,0,0,1,0.0
4.6,0,0,0,0,0.0,0,0,0,0,1,0,"Audio, Sound & Recording Gear",6.2166061010848646,5.081342251254203,0,0,1,10.270281129996023
4.8,0,0,0,0,0.0,0,0,0,0,1,0,"Office Supplies, Ink & Toner",6.90875477931522,4.330601752681694,0,0,1,6.661854740545311
4.5,0,1,1,0,0.2,0,0,0,0,1,0,Cameras & Photography,7.601402334583733,3.2577118486533987,0,1,0,10.50608072475522
4.6,0,0,0,0,0.0,0,0,0,0,1,0,Storage & Memory Cards,6.90875477931522,4.141705133581938,0,0,1,6.082218910376446
4.7,0,1,0,0,0.18,0,0,0,0,1,0,"Chargers, Adapters & Cables",6.90875477931522,4.941642422609304,1,0,0,9.213036733523923
4.5,0,1,0,0,0.12,0,0,0,0,1,0,Smart Home & Security,6.2166061010848646,4.795707897553386,0,0,1,10.331398849474123
4.0,0,1,0,0,0.0,0,0,0,0,1,0,Mobile Cell Phones & Smartphones,6.2166061010848646,4.6150215020384655,0,0,1,5.288267030694535
4.5,0,0,0,0,0.0,0,0,0,0,1,0,Laptops,5.303304908059076,6.391933863671076,0,0,1,4.127134385045092
4.8,0,1,0,0,0.0,0,0,0,0,1,0,Computer Peripherals,6.90875477931522,4.077367938014984,0,0,1,8.87640491500694
4.2,0,1,0,0,0.0,1,0,0,0,0,0,Laptops,6.2166061010848646,5.135798437050262,0,0,1,6.670766320845874
4.7,0,1,0,0,0.17,0,0,0,0,1,0,"Chargers, Adapters & Cables",6.90875477931522,3.76096753050819,0,0,1,8.613593685702552
4.8,0,1,0,0,0.0,0,0,0,0,1,0,"Office Supplies, Ink & Toner",6.90875477931522,3.0878555624297968,0,1,0,6.674561391814426
4.5,0,1,0,0,0.0,0,0,0,0,1,0,Smart Home & Security,7.601402334583733,3.228826155721369,0,1,0,9.33485624667375
4.6,0,1,0,0,0.0,0,0,0,0,1,0,"Audio, Sound & Recording Gear",6.2166061010848646,5.111927545578128,0,0,1,5.8805329864007
3.5,0,0,0,0,0.0,0,0,0,0,1,0,Laptops,6.2166061010848646,5.493061443340548,0,0,1,7.404887575616125
4.7,0,1,0,0,0.0,0,0,0,0,1,0,Storage & Memory Cards,6.90875477931522,4.5107496103686,0,0,1,8.41027590907016
4.6,0,1,0,0,0.0,0,0,0,0,1,0,"Audio, Sound & Recording Gear",6.90875477931522,4.382026634673881,0,0,1,9.395408154438163
4.7,0,1,1,0,0.0,0,0,0,0,1,0,Power & Batteries,8.006700845440367,2.483238592687304,0,0,1,9.511333458487636
4.7,0,1,0,0,0.06,0,0,0,0,1,0,"Chargers, Adapters & Cables",7.601402334583733,2.771963526845863,0,0,1,5.484796933490655
4.6,0,0,0,0,0.0,0,0,0,0,1,0,PC Components,4.61512051684126,8.006697513212222,1,0,0,2.079441541679836
4.0,0,1,0,0,0.0,0,0,0,0,1,0,Networking,6.2166061010848646,5.517452896464707,0,0,1,6.2766434893416445
3.9,1,1,0,0,0.06,0,0,0,0,1,0,Smart Home & Security,0.0,4.61512051684126,0,0,1,3.610917912644224
4.6,0,0,0,0,0.0,0,0,0,0,1,0,Power & Batteries,6.90875477931522,4.108904713553431,0,0,1,8.728749873478527
4.7,1,1,0,0,0.0,0,0,0,0,1,0,"Chargers, Adapters & Cables",3.9318256327243257,3.58324112209094,0,0,1,3.218875824868201
4.6,0,1,0,0,0.0,0,0,0,0,1,0,"Office Supplies, Ink & Toner",6.90875477931522,3.366260811781259,0,1,0,4.727387818712341
4.3,0,0,0,0,0.0,0,0,0,0,1,0,Computer Peripherals,6.90875477931522,3.52459425980608,0,1,0,7.6004023345004
4.6,0,1,0,0,0.38,0,0,0,0,1,0,Storage & Memory Cards,6.2166061010848646,4.983538126211888,0,0,1,8.622273667866745
4.7,0,1,0,0,0.0,0,0,0,0,1,0,Small Gadget Accessories (Cases & Protectors),6.2166061010848646,4.700480365792417,0,0,1,4.624972813284271
4.6,0,1,0,0,0.0,0,0,0,0,1,0,Computer Peripherals,7.601402334583733,2.3711778844596574,0,1,0,10.425134414933702
4.3,0,1,0,0,0.23,0,0,0,0,1,0,Mobile Cell Phones & Smartphones,6.90875477931522,4.859734881977045,0,0,1,7.679251425953058
4.5,0,1,1,0,0.0,0,0,0,0,1,0,"Office Supplies, Ink & Toner",6.68586094706836,4.9486889658772695,0,0,1,9.52558897214577
4.2,0,1,0,0,0.0,0,0,0,0,1,0,"Office Supplies, Ink & Toner",0.0,4.857950206430608,0,0,1,8.990316947998217
4.7,0,1,0,0,0.05,0,0,0,0,1,0,"Office Supplies, Ink & Toner",6.90875477931522,3.737431494696102,0,0,1,7.992268643270745
4.8,0,0,0,0,0.0,0,0,0,0,1,0,Tablets & E-readers (DEVICES ONLY),6.90875477931522,3.5533460588187404,0,1,0,5.62040086571715
4.7,0,1,0,0,0.0,0,0,0,0,1,0,Computer Peripherals,6.90875477931522,3.433664571799657,0,1,0,9.220389707829185
4.3,0,1,0,0,0.45,0,0,0,0,1,0,Computer Peripherals,6.2166061010848646,5.564482092412441,0,0,1,7.981733286691885
4.8,0,1,0,0,0.53,0,0,0,0,1,0,"Office Supplies, Ink & Toner",6.90875477931522,4.087991088249925,0,0,1,7.2115567333138015
4.2,0,1,0,0,0.0,0,0,0,0,1,0,Wearables,6.2166061010848646,4.76208846105951,0,0,1,7.700295203420117
4.1,0,0,0,0,0.0,0,0,0,0,1,0,Storage & Memory Cards,5.993961427306569,5.638319081511895,0,0,1,3.970291913552122
4.7,0,1,0,0,0.0,0,0,0,0,1,0,"Office Supplies, Ink & Toner",6.90875477931522,3.8475911452687575,0,0,1,9.773321917959333
4.0,0,1,0,0,0.12,0,0,0,0,1,0,Wearables,6.2166061010848646,5.198220750009751,0,0,1,6.597145701886651
4.4,0,0,0,0,0.0,0,0,0,0,1,0,"Office Supplies, Ink & Toner",5.993961427306569,5.758554710503181,0,0,1,5.010635294096256
4.6,0,1,0,0,0.0,0,0,0,0,1,0,"Office Supplies, Ink & Toner",7.601402334583733,2.0781907597781832,0,1,0,6.621405651764134
4.6,1,1,0,0,0.23,0,0,0,0,1,0,PC Components,0.0,5.966146739123692,0,0,1,5.209486152841421
4.3,0,1,0,0,0.0,0,0,0,0,1,0,Cameras & Photography,5.303304908059076,7.4377951216719325,0,0,1,6.436150368369428
4.5,0,1,0,0,0.0,0,0,0,0,1,0,Storage & Memory Cards,6.2166061010848646,4.454231010422805,0,0,1,11.061468773011072
4.8,0,1,0,0,0.0,0,0,0,0,1,0,Computer Peripherals,5.993961427306569,5.624197995313359,0,0,1,7.578145472419466
4.8,0,1,0,0,0.0,0,0,0,0,1,0,Laptops,4.61512051684126,7.427138184550945,1,0,0,3.58351893845611
4.4,0,0,0,0,0.0,0,0,0,0,1,0,Cameras & Photography,5.303304908059076,6.234410725718371,0,0,1,7.665284718471351
4.7,0,0,0,0,0.17,1,0,0,0,0,0,TV & Video Displays,6.90875477931522,4.110709916308365,0,1,0,7.804659297056102
4.6,0,0,0,0,0.16,0,0,0,0,1,0,Tablets & E-readers (DEVICES ONLY),5.993961427306569,5.62040086571715,0,0,1,5.58724865840025
4.1,0,1,0,0,0.45,0,0,0,0,1,0,Printers & Scanners (Hardware),5.707110264748875,6.762717946171413,1,0,0,6.013715156042802
4.2,0,1,0,0,0.0,0,0,0,0,1,0,Printers & Scanners (Hardware),5.993961427306569,5.5909869805108565,0,0,1,6.0112671744041615
4.6,0,0,0,0,0.0,0,0,0,0,1,0,Storage & Memory Cards,6.2166061010848646,5.799062350971077,0,0,1,5.459585514144159
4.5,0,0,0,0,0.0,0,0,0,0,1,0,Tablets & E-readers (DEVICES ONLY),5.993961427306569,6.131226489483141,0,0,1,4.007333185232471
4.6,0,0,0,0,0.0,0,0,0,0,1,0,"Office Supplies, Ink & Toner",5.993961427306569,5.786559901113769,0,0,1,5.278114659230517
4.7,0,1,0,0,0.0,0,0,0,0,1,0,Tablets & E-readers (DEVICES ONLY),6.2166061010848646,4.778282803696737,0,0,1,6.765038976780541
4.6,0,1,0,0,0.22,0,0,0,0,1,0,Computer Peripherals,6.2166061010848646,5.081342251254203,0,0,1,8.32263709695394
4.6,0,1,0,0,0.0,0,1,0,0,0,0,"Audio, Sound & Recording Gear",6.803505257608338,4.912581353620868,0,0,1,6.212606095751519
4.5,0,1,0,0,0.0,0,0,0,0,1,0,Power & Batteries,7.601402334583733,2.846071498999585,0,0,1,9.216521231051264
4.6,0,1,0,0,0.0,0,0,0,0,1,0,Small Gadget Accessories (Cases & Protectors),6.90875477931522,3.8088822465086327,0,0,1,9.450459027496354
4.5,0,0,0,0,0.0,0,0,0,0,1,0,Power & Batteries,6.90875477931522,2.563409711275944,0,0,1,6.616065185132817
4.6,0,1,0,0,0.0,0,0,0,0,1,0,TV & Video Displays,8.006700845440367,2.771963526845863,0,1,0,8.629449873761905
4.1,0,0,0,0,0.0,1,0,0,0,0,0,TV & Video Displays,5.303304908059076,6.447290014555096,0,0,1,5.087596335232384
4.5,0,0,0,0,0.0,0,0,0,0,1,0,Cameras & Photography,5.303304908059076,6.63462021717088,0,0,1,6.83087423464618
4.4,0,1,0,0,0.0,0,0,0,0,1,0,Laptops,5.993961427306569,5.435685140840842,0,0,1,8.284756593190435
4.5,0,0,0,0,0.0,0,0,0,0,1,0,Other Electronics,6.90875477931522,3.4041928906419536,0,1,0,10.393293809078044
4.1,0,1,0,0,0.34,0,0,0,0,1,0,PC Components,6.90875477931522,4.6150215020384655,0,0,1,7.353081920515432
4.7,0,1,0,0,0.1,0,0,0,0,1,0,"Office Supplies, Ink & Toner",6.90875477931522,3.433664571799657,0,0,1,8.644002038279933
4.6,0,1,0,0,0.23,0,0,0,0,1,0,"Chargers, Adapters & Cables",7.601402334583733,2.63834278867739,0,1,0,9.571644584298577
4.8,0,1,0,0,0.42,0,0,0,0,1,0,"Office Supplies, Ink & Toner",6.90875477931522,3.6858749450936377,0,0,1,9.803998654035386
4.2,0,1,0,0,0.19,0,0,0,0,1,0,Small Gadget Accessories (Cases & Protectors),5.707110264748875,4.6150215020384655,0,0,1,8.337827262447915
4.4,0,1,0,0,0.17,0,0,0,0,1,0,Cameras & Photography,6.2166061010848646,5.707077041605631,0,0,1,6.493753839851686
4.7,0,0,0,0,0.0,0,0,0,0,1,0,Power & Batteries,6.2166061010848646,4.5107496103686,1,0,0,8.593598522618644
4.6,0,0,0,0,0.0,0,0,0,0,1,0,Computer Peripherals,6.90875477931522,2.8892600290434745,0,1,0,9.262363400043334
4.6,0,1,1,0,0.0,0,0,0,0,1,0,Small Gadget Accessories (Cases & Protectors),6.90875477931522,3.58324112209094,0,0,1,9.565283817736766
4.4,0,0,0,0,0.0,0,0,0,0,1,0,Wearables,6.90875477931522,3.9308447596687337,0,0,1,8.88599431515281
4.6,0,0,0,0,0.0,0,0,0,0,1,0,TV & Video Displays,5.303304908059076,6.478494281107485,0,0,1,4.8283137373023015
4.2,0,0,0,0,0.22,0,0,0,0,1,0,Computer Peripherals,6.90875477931522,3.849934813114724,0,0,1,7.596392304064196
4.2,0,0,0,0,0.0,0,1,0,0,0,0,PC Components,6.2166061010848646,5.638176717558207,0,0,1,8.459775920546287
4.8,0,1,0,0,0.0,0,0,0,0,1,0,Cameras & Photography,6.2166061010848646,5.362230692291689,0,0,1,6.677083461247136
4.6,0,1,0,0,0.0,0,0,0,0,1,0,Storage & Memory Cards,5.707110264748875,5.30325515557766,0,0,1,8.871926251117628
4.2,0,1,0,0,0.0,0,0,0,0,1,0,Small Gadget Accessories (Cases & Protectors),7.601402334583733,2.63834278867739,0,1,0,10.641512491874158
4.6,1,1,1,0,0.08,0,0,0,0,1,0,Power & Batteries,7.601402334583733,3.125443880075648,0,0,1,10.161418929336
4.4,0,0,0,0,0.0,0,0,0,0,1,0,"Office Supplies, Ink & Toner",5.993961427306569,6.023181213659551,1,0,0,7.527255919373784
4.5,0,0,0,0,0.0,0,0,0,0,1,0,Computer Peripherals,6.90875477931522,4.382026634673881,0,0,1,8.900276348631271
4.8,1,1,0,0,0.0,0,0,0,0,1,0,Power & Batteries,9.210440366976515,2.775708849576025,0,0,1,8.101071503119543
4.2,0,1,0,1,0.0,0,0,0,0,1,0,Mobile Cell Phones & Smartphones,6.68586094706836,5.209212891465215,0,0,1,7.850882664809852
4.3,0,1,0,0,0.05,0,0,0,0,1,0,Computer Peripherals,6.90875477931522,3.7133281345162463,0,0,1,7.802618063442671
4.6,0,1,0,0,0.0,0,0,0,0,1,0,TV & Video Displays,7.601402334583733,3.49620448524049,0,1,0,7.769800996003896
4.7,0,1,0,0,0.13,0,0,0,0,1,0,PC Components,6.90875477931522,4.330601752681694,0,1,0,8.156797046675651
4.7,0,1,0,0,0.13,0,0,0,0,1,0,PC Components,6.2166061010848646,4.753503980493785,0,0,1,9.852036350945047
4.6,0,0,0,0,0.28,0,0,0,0,1,0,"Chargers, Adapters & Cables",0.0,3.177637076851603,0,0,1,9.649627028559856
4.7,0,1,0,0,0.0,0,0,0,0,1,0,"Office Supplies, Ink & Toner",6.2166061010848646,5.327779076697656,0,0,1,5.739792912179234
4.7,0,1,0,0,0.0,0,0,0,0,1,0,"Audio, Sound & Recording Gear",6.2166061010848646,5.003610679159292,0,0,1,9.179778066393542
4.7,0,1,0,0,0.0,0,0,0,0,1,0,"Office Supplies, Ink & Toner",6.90875477931522,3.8533340090794654,0,0,1,7.944846711001996
4.6,0,1,0,0,0.28,0,0,0,0,1,0,PC Components,5.993961427306569,6.077619307306189,0,0,1,6.093569770045136
4.8,0,1,0,0,0.4,0,0,0,0,1,0,Storage & Memory Cards,6.90875477931522,3.830379016387636,0,0,1,6.835184586147301
4.7,0,0,0,0,0.0,0,0,0,0,1,0,Laptops,6.90875477931522,3.9308447596687337,0,1,0,6.858565034791365
4.5,0,1,0,0,0.0,0,0,0,0,1,0,"Audio, Sound & Recording Gear",6.2166061010848646,4.769667157869494,0,0,1,9.081256218564643
4.3,0,1,0,0,0.1,0,0,0,0,1,0,PC Components,6.2166061010848646,5.545138381216603,0,0,1,8.10349427838097
4.7,0,1,1,0,0.13,0,0,0,0,1,0,TV & Video Displays,7.601402334583733,3.7133281345162463,0,1,0,11.49599291505882
4.7,0,1,0,0,0.29,0,0,0,0,1,0,Power & Batteries,8.294299608857235,2.0781907597781832,0,1,0,9.268703615273097
4.4,0,1,0,0,0.18,0,0,0,0,1,0,Mobile Cell Phones & Smartphones,6.90875477931522,3.9110225050945626,0,0,1,9.554284623436097
4.6,0,1,0,0,0.1,0,0,0,0,1,0,Small Gadget Accessories (Cases & Protectors),8.006700845440367,2.39698576841553,0,1,0,10.471864846140123
4.4,0,1,0,0,0.0,0,0,0,0,1,0,PC Components,6.90875477931522,3.7133281345162463,0,1,0,9.518339645190858
4.8,0,0,0,0,0.0,0,0,0,0,1,0,Small Gadget Accessories (Cases & Protectors),6.90875477931522,4.343025897324149,0,0,1,9.234935418831563
4.4,0,1,0,0,0.0,0,0,0,0,1,0,Networking,6.2166061010848646,4.795707897553386,0,0,1,8.820108644508608
4.4,0,1,0,0,0.29,0,0,0,0,1,0,TV & Video Displays,6.2166061010848646,5.638319081511895,0,0,1,6.091309882077698
4.3,0,1,1,0,0.0,0,0,0,0,1,0,Computer Peripherals,6.90875477931522,4.3943256902608985,0,0,1,9.715047314733996
4.5,0,1,0,0,0.09,0,0,0,0,1,0,Power & Batteries,6.90875477931522,3.030133700271324,0,0,1,9.913883328718248
4.6,0,1,0,0,0.0,0,0,0,0,1,0,Video Game Consoles & Virtual Reality,7.601402334583733,3.2577118486533987,0,1,0,9.826012379256715
4.1,0,0,0,0,0.0,0,0,0,0,1,0,"Audio, Sound & Recording Gear",5.707110264748875,6.152732694704104,1,0,0,6.021023349349527
4.0,0,1,0,0,0.0,0,0,0,0,1,0,Networking,5.707110264748875,6.212606095751519,1,0,0,8.153061946801051
4.7,0,0,0,0,0.0,0,0,0,0,1,0,Laptops,6.803505257608338,4.270536258640519,0,1,0,6.666956792429207
4.4,0,1,0,0,0.0,0,0,0,0,1,0,Storage & Memory Cards,6.90875477931522,4.412192049005608,0,0,1,10.466981524869205
4.6,0,0,0,0,0.0,0,0,0,0,1,0,Wearables,6.2166061010848646,4.465563231601674,0,0,1,8.536211197252
4.4,0,1,0,0,0.08,0,0,0,0,1,0,Smart Home & Security,6.90875477931522,2.9647574692545606,0,1,0,7.478169694159785
4.8,0,0,0,0,0.0,0,0,0,0,1,0,PC Components,6.2166061010848646,5.03030719389372,0,0,1,5.717027701406222
4.4,0,1,0,0,0.2,0,0,0,0,1,0,Computer Peripherals,7.601402334583733,3.0440461338325417,0,1,0,9.828494573494698
4.6,0,0,0,0,0.0,0,0,0,0,1,0,"Chargers, Adapters & Cables",7.601402334583733,2.9439125248241944,0,0,1,10.008613040577128
4.4,0,1,0,0,0.0,0,0,0,0,1,0,Laptops,5.993961427306569,5.164500218813697,0,0,1,4.189654742026425
4.4,0,1,0,0,0.25,0,0,0,0,1,0,"Audio, Sound & Recording Gear",6.90875477931522,3.218475744846861,0,1,0,9.014933575633572
4.4,0,1,0,0,0.12,0,0,0,0,1,0,Computer Peripherals,6.90875477931522,3.2577118486533987,0,1,0,7.436027816351848
4.7,0,1,0,0,0.0,0,0,0,0,1,0,"Office Supplies, Ink & Toner",6.90875477931522,3.3874364664121184,0,1,0,8.589885876809678
4.6,0,0,0,0,0.0,0,0,0,0,1,0,"Office Supplies, Ink & Toner",5.707110264748875,6.1112234073146166,1,0,0,7.046647277848756
4.4,0,0,0,0,0.0,0,0,0,0,1,0,Computer Peripherals,6.2166061010848646,4.02535169073515,0,0,1,8.499029220788566
4.6,0,1,0,0,0.57,0,0,0,0,1,0,Other Electronics,6.90875477931522,3.1350593387750902,0,1,0,6.907755278982137
4.7,0,1,0,0,0.06,0,0,0,0,1,0,PC Components,6.2166061010848646,5.521420917062225,0,0,1,7.685703061234547
4.3,0,1,0,0,0.0,0,0,0,0,1,0,"Office Supplies, Ink & Toner",6.55250788703459,4.110709916308365,0,0,1,6.259581464064923
3.9,0,1,1,0,0.25,0,0,0,0,1,0,Networking,6.2166061010848646,6.398578295461671,1,0,0,5.7745515455444085
4.6,0,1,0,0,0.62,0,0,0,0,1,0,Small Gadget Accessories (Cases & Protectors),7.601402334583733,3.9308447596687337,0,0,1,8.62155320674048
4.7,0,1,0,0,0.0,0,0,0,0,1,0,Storage & Memory Cards,0.0,3.520756616719795,0,0,1,8.90598676523643
4.4,0,1,0,0,0.0,0,0,0,0,1,0,PC Components,5.993961427306569,5.867968347365164,0,0,1,4.997212273764115
4.7,0,0,0,0,0.0,0,0,0,0,1,0,Power & Batteries,6.90875477931522,3.5967641652061304,0,0,1,8.435332164935916
4.0,0,1,0,0,0.0,0,0,0,0,1,0,Laptops,6.2166061010848646,5.074298432197873,0,0,1,6.980075940561763
4.3,0,1,0,0,0.44,0,0,0,0,1,0,Small Gadget Accessories (Cases & Protectors),6.90875477931522,4.2903224454635405,0,0,1,6.349138991379798
3.7,0,1,0,0,0.33,0,0,0,0,1,0,Small Gadget Accessories (Cases & Protectors),7.601402334583733,2.771963526845863,0,1,0,9.887612203377838
4.5,1,1,0,0,0.2,0,0,0,0,1,0,"Audio, Sound & Recording Gear",0.0,4.025173103360802,0,0,1,3.4339872044851463
4.5,0,0,1,0,0.0,0,0,0,0,1,0,TV & Video Displays,6.2166061010848646,4.688591794127164,0,0,1,3.688879454113936
4.7,0,0,0,0,0.0,0,0,0,0,1,0,"Chargers, Adapters & Cables",0.0,3.433664571799657,0,0,1,9.53625709465788
4.6,0,1,0,0,0.0,0,0,0,0,1,0,"Chargers, Adapters & Cables",7.601402334583733,2.7356653681351832,0,0,1,9.079776001955066
4.8,0,1,0,0,0.14,0,0,0,0,1,0,Cameras & Photography,6.90875477931522,3.7133281345162463,0,1,0,7.6511201757027
4.7,0,1,0,0,0.65,0,0,0,0,1,0,"Office Supplies, Ink & Toner",6.90875477931522,4.6210435351443815,0,0,1,6.490723534502507
4.0,0,1,0,0,0.0,0,0,0,0,1,0,Computer Peripherals,5.993961427306569,6.086501962442734,1,0,0,6.270988431858299
4.6,0,1,0,0,0.0,0,0,0,0,1,0,"Office Supplies, Ink & Toner",6.90875477931522,3.9318256327243257,0,0,1,5.945420608606575
4.7,0,1,0,0,0.0,0,0,0,0,1,0,"Office Supplies, Ink & Toner",6.55250788703459,5.028409722195421,0,0,1,5.736572297479192
4.3,0,1,0,0,0.0,0,0,0,0,1,0,"Audio, Sound & Recording Gear",6.2166061010848646,5.278063637520769,0,0,1,6.054439346269371
4.0,0,0,0,0,0.0,0,0,0,0,1,0,Computer Peripherals,6.2166061010848646,5.288570015093157,0,0,1,7.895808377083183
4.4,0,0,0,0,0.0,0,0,0,0,1,0,"Chargers, Adapters & Cables",6.90875477931522,4.09016919081162,0,0,1,7.22983877815125
4.1,0,1,0,0,0.15,0,0,0,0,1,0,Small Gadget Accessories (Cases & Protectors),6.90875477931522,3.7133281345162463,0,0,1,8.16735198705607
4.4,0,1,0,0,0.0,0,0,0,0,1,0,Small Gadget Accessories (Cases & Protectors),5.993961427306569,5.99393648933976,1,0,0,5.068904202220232
4.8,0,1,0,0,0.13,0,0,0,0,1,0,PC Components,6.90875477931522,4.248352374701448,0,1,0,7.884199933676039
4.4,0,1,1,0,0.0,0,0,0,0,1,0,"Office Supplies, Ink & Toner",6.55250788703459,5.075173815233827,0,0,1,6.359573868672378
4.2,0,1,0,0,0.0,0,1,0,0,0,0,"Audio, Sound & Recording Gear",6.90875477931522,3.931629535067065,0,1,0,8.141189793457691
3.8,0,1,1,0,0.0,0,0,0,0,1,0,Printers & Scanners (Hardware),6.55250788703459,5.141605075260502,0,0,1,7.990576881743923
4.6,0,1,0,0,0.29,0,0,0,0,1,0,Wearables,5.993961427306569,6.478494281107485,1,0,0,6.584791392385716
4.3,0,0,0,0,0.0,0,0,0,0,1,0,Smart Home & Security,6.90875477931522,3.928486731458811,0,0,1,6.643789733147672
4.5,0,1,1,0,0.26,0,0,0,0,1,0,Small Gadget Accessories (Cases & Protectors),6.90875477931522,3.58324112209094,0,0,1,8.249575150000199
4.8,0,0,0,0,0.0,0,0,0,0,1,0,Laptops,6.90875477931522,4.110709916308365,0,1,0,5.288267030694535
4.6,0,1,0,0,0.0,0,0,0,0,1,0,Computer Peripherals,6.90875477931522,4.303929948937459,0,0,1,5.529429087511423
4.3,0,1,1,0,0.21,0,0,0,0,1,0,Computer Peripherals,6.90875477931522,4.262539022051294,0,0,1,7.194436851100335
4.2,0,1,0,0,0.07,0,0,0,0,1,0,TV & Video Displays,5.993961427306569,5.017213609456379,0,0,1,6.855408798609928
4.4,0,1,1,0,0.13,0,0,0,0,1,0,"Office Supplies, Ink & Toner",6.90875477931522,3.983226764434478,0,0,1,9.296151028389293
4.5,0,1,0,0,0.15,0,0,0,0,1,0,TV & Video Displays,5.993961427306569,5.598421958998375,0,0,1,9.080914824535723
4.8,0,1,0,0,0.18,0,0,0,0,1,0,Cameras & Photography,5.303304908059076,7.937374696163295,1,0,0,5.030437921392435
4.5,0,0,0,0,0.0,0,0,0,0,1,0,Computer Peripherals,5.993961427306569,4.682038630244668,0,0,1,8.000349495324684
4.0,0,0,0,0,0.0,0,0,0,0,1,0,"Office Supplies, Ink & Toner",7.601402334583733,2.518502599216516,0,1,0,10.506600610392091
4.7,0,0,0,0,0.0,0,0,0,0,1,0,Power & Batteries,8.294299608857235,1.7749523509116738,0,1,0,9.100190628475197
4.6,0,1,0,0,0.07,0,0,0,0,1,0,"Audio, Sound & Recording Gear",6.2166061010848646,5.771409969996787,0,0,1,5.730099782973574
4.7,0,0,0,0,0.0,0,0,0,0,1,0,Small Gadget Accessories (Cases & Protectors),6.90875477931522,2.7744619666214616,0,1,0,10.679872331666129
4.4,0,1,0,0,0.0,0,0,0,0,1,0,Small Gadget Accessories (Cases & Protectors),6.90875477931522,4.025173103360802,0,0,1,8.909370405197466
4.9,0,1,0,0,0.32,0,0,0,0,1,0,TV & Video Displays,5.993961427306569,5.252221070655064,0,0,1,2.4849066497880004
4.4,0,0,0,0,0.0,0,0,0,0,1,0,"Audio, Sound & Recording Gear",6.2166061010848646,4.986547498567166,0,0,1,8.553525120663627
4.3,0,1,0,0,0.0,0,0,0,0,1,0,Laptops,5.993961427306569,5.582443122797041,0,0,1,6.028278520230698
4.7,0,1,0,0,0.0,0,0,0,0,1,0,Small Gadget Accessories (Cases & Protectors),6.90875477931522,3.08876713952118,0,0,1,9.179778066393542
4.3,0,1,0,0,0.07,0,0,0,0,1,0,Wearables,4.61512051684126,8.366370301681654,1,0,0,4.5217885770490405
4.3,0,1,0,0,0.24,0,0,0,0,1,0,Small Gadget Accessories (Cases & Protectors),7.601402334583733,2.63834278867739,0,1,0,7.370860166536716
4.0,0,0,1,0,0.0,0,0,0,0,1,0,"Office Supplies, Ink & Toner",5.993961427306569,5.802088163440325,0,0,1,5.75890177387728
4.4,0,0,1,0,0.0,0,0,0,0,1,0,"Audio, Sound & Recording Gear",6.2166061010848646,6.037321843192776,0,0,1,6.327936783729195
4.0,0,1,0,0,0.0,0,0,0,0,1,0,Computer Peripherals,5.993961427306569,4.844108343200942,0,0,1,6.447305862541213
4.2,0,1,0,1,0.0,0,0,0,0,1,0,Smart Home & Security,6.2166061010848646,5.484755438853831,0,0,1,5.135798437050262
4.8,0,1,0,0,0.33,0,0,0,0,1,0,"Office Supplies, Ink & Toner",7.601402334583733,2.922623801733353,0,1,0,8.231376045573969
4.4,0,1,0,0,0.0,0,0,0,0,1,0,Laptops,6.2166061010848646,5.28776185260852,0,0,1,9.281450999434137
4.6,0,0,0,0,0.2,0,0,0,0,1,0,PC Components,6.68586094706836,4.6150215020384655,0,0,1,4.770684624465665
4.1,0,0,0,0,0.0,0,0,0,0,1,0,TV & Video Displays,5.303304908059076,7.131690516829846,1,0,0,3.610917912644224
4.5,0,1,0,0,0.17,0,0,0,0,1,0,Cameras & Photography,5.993961427306569,5.707077041605631,0,0,1,8.311889558230359
4.7,0,1,0,0,0.0,0,0,0,0,1,0,Networking,6.2166061010848646,4.827513417131532,0,0,1,8.609772372709331
4.6,0,1,0,0,0.0,0,0,0,0,1,0,TV & Video Displays,6.90875477931522,3.931629535067065,0,1,0,7.621195162809845
4.4,0,1,0,0,0.0,0,0,0,0,1,0,Computer Peripherals,5.707110264748875,6.284115504180345,1,0,0,6.289715570908998
4.6,0,1,0,0,0.0,0,0,0,0,1,0,Smart Home & Security,6.2166061010848646,4.990364557253896,0,0,1,4.007333185232471
4.7,0,1,0,0,0.36,0,0,0,0,1,0,PC Components,5.707110264748875,6.551080335043404,0,0,1,7.303843225277705
4.5,0,0,0,0,0.0,0,0,0,0,1,0,"Audio, Sound & Recording Gear",5.993961427306569,5.91382727738083,0,0,1,5.796057750765372
4.2,0,0,0,0,0.2,0,0,0,0,1,0,Computer Peripherals,6.2166061010848646,4.6150215020384655,0,0,1,4.04305126783455
4.7,0,1,0,0,0.0,0,0,0,0,1,0,"Audio, Sound & Recording Gear",6.398594934535208,5.521460917862246,0,0,1,6.823286122355687
4.7,0,1,0,0,0.14,0,1,0,0,0,0,Storage & Memory Cards,6.90875477931522,3.58324112209094,0,0,1,9.127719343287843
4.6,0,0,0,0,0.0,0,0,0,0,1,0,PC Components,6.2166061010848646,5.247760642930884,0,0,1,5.945420608606575
4.1,0,0,0,0,0.37,0,0,0,0,1,0,Networking,6.2166061010848646,5.135798437050262,0,0,1,7.68937110752969
4.5,0,0,0,0,0.0,0,0,0,0,1,0,"Audio, Sound & Recording Gear",6.90875477931522,2.39698576841553,0,1,0,8.049427057110695
4.8,0,0,0,0,0.0,0,0,0,0,1,0,PC Components,6.2166061010848646,4.69125613490122,0,0,1,11.154320087514549
4.9,0,1,0,0,0.0,0,0,0,0,1,0,Cameras & Photography,6.2166061010848646,4.91228717107848,0,0,1,5.37989735354046
4.7,0,1,1,0,0.0,0,0,0,0,1,0,Power & Batteries,7.601402334583733,2.8320361808832013,0,0,1,8.213652703029998
4.4,0,1,0,0,0.2,0,0,0,0,1,0,Small Gadget Accessories (Cases & Protectors),6.90875477931522,3.2577118486533987,0,0,1,4.941642422609304
4.4,0,1,0,0,0.29,0,0,0,0,1,0,TV & Video Displays,5.707110264748875,5.860757733031528,0,0,1,5.891644211825772
4.7,0,1,0,0,0.27,0,0,0,0,1,0,Storage & Memory Cards,7.601402334583733,3.177637076851603,0,1,0,10.61771105869799
4.7,0,0,0,0,0.0,0,0,0,0,1,0,TV & Video Displays,4.61512051684126,7.303836495779961,1,0,0,3.295836866004329
4.8,0,1,0,0,0.18,0,0,0,0,1,0,Storage & Memory Cards,6.90875477931522,3.366950942933564,0,0,1,8.59932602095476
4.5,0,1,0,0,0.0,0,0,0,0,1,0,TV & Video Displays,6.2166061010848646,5.19844178112078,0,0,1,7.374629015218945
4.6,0,0,1,0,0.22,0,0,0,0,1,0,Computer Peripherals,7.601402334583733,3.177637076851603,0,1,0,8.77909581088053
4.5,0,1,0,0,0.09,0,0,0,0,1,0,Wearables,5.707110264748875,6.309918278226516,1,0,0,9.006999447958153
4.7,0,1,0,0,0.0,0,0,0,0,1,0,Small Gadget Accessories (Cases & Protectors),6.90875477931522,3.7123518102990793,0,0,1,6.42648845745769
4.6,0,1,0,0,0.13,0,0,0,0,1,0,Printers & Scanners (Hardware),5.707110264748875,6.131226489483141,0,0,1,5.081404364984463
4.0,0,1,1,0,0.0,0,0,0,0,1,0,Wearables,6.2166061010848646,5.147436335588401,0,0,1,6.941190055068375
4.6,0,1,0,0,0.29,0,0,0,0,1,0,PC Components,6.2166061010848646,5.283152966028264,0,0,1,6.883462586413092
4.7,0,0,0,0,0.0,0,0,0,0,1,0,"Audio, Sound & Recording Gear",6.2166061010848646,5.598421958998375,0,0,1,5.572154032177765
4.0,0,0,0,0,0.0,0,0,0,0,1,0,Networking,5.993961427306569,5.327876168789581,0,0,1,6.866933284461882
4.4,0,1,0,0,0.0,0,0,0,0,1,0,Laptops,5.707110264748875,6.042585326615696,0,0,1,5.135798437050262
4.5,0,1,0,0,0.2,0,0,0,0,1,0,Smart Home & Security,6.2166061010848646,4.6150215020384655,0,0,1,7.508238774678663
4.7,0,1,0,0,0.0,0,0,0,0,1,0,Storage & Memory Cards,6.2166061010848646,4.18950321539533,0,0,1,8.714731714015052
4.6,0,0,0,0,0.0,0,0,0,0,1,0,"Office Supplies, Ink & Toner",6.68586094706836,4.583844399273339,0,0,1,6.48768401848461
4.3,0,1,0,0,0.0,0,0,0,0,1,0,"Office Supplies, Ink & Toner",6.90875477931522,3.99434004791736,0,0,1,6.586171654854675
4.4,0,1,0,0,0.0,0,0,0,0,1,0,Networking,0.0,6.552493621597604,1,0,0,2.4849066497880004
4.6,0,1,0,0,0.37,0,0,0,0,1,0,"Audio, Sound & Recording Gear",6.2166061010848646,5.075173815233827,0,0,1,6.269096283706261
4.7,0,1,0,0,0.26,1,0,0,0,0,0,"Office Supplies, Ink & Toner",5.707110264748875,6.394459941315219,1,0,0,6.597145701886651
4.8,0,0,0,0,0.0,0,0,0,0,1,0,Laptops,6.2166061010848646,5.017213609456379,0,1,0,6.51471269087253
4.8,0,1,0,0,0.0,0,0,0,0,1,0,"Office Supplies, Ink & Toner",7.601402334583733,2.995232148512309,0,1,0,8.331827004436057
4.0,0,0,0,0,0.05,0,0,0,0,1,0,Computer Peripherals,5.707110264748875,5.857933154483459,0,0,1,6.26530121273771
4.7,0,1,0,0,0.0,0,0,0,0,1,0,Laptops,6.68586094706836,4.6150215020384655,0,1,0,4.912654885736052
4.7,0,0,0,0,0.0,0,0,0,0,1,0,Power & Batteries,6.90875477931522,3.099190981922221,0,0,1,9.782054112252595
4.6,0,1,0,0,0.19,0,0,0,0,1,0,Wearables,6.2166061010848646,4.605170185988092,0,0,1,9.69412362463029
4.1,0,0,0,0,0.0,0,0,0,0,1,0,Printers & Scanners (Hardware),5.993961427306569,5.67805432608347,0,0,1,7.428333194190806
4.8,0,1,0,0,0.44,0,0,0,0,1,0,PC Components,7.601402334583733,2.9439125248241944,0,1,0,8.501876487304344
4.3,0,0,0,0,0.0,0,0,0,0,1,0,Wearables,6.2166061010848646,5.19295685089021,0,0,1,7.934155233536322
4.6,0,1,0,0,0.15,0,0,0,0,1,0,PC Components,6.90875477931522,3.8709926558701535,0,1,0,7.906915488678587
4.8,0,1,0,0,0.0,0,0,0,0,1,0,"Office Supplies, Ink & Toner",6.90875477931522,3.331847303527362,0,1,0,10.298565567757803
4.5,0,1,0,0,0.0,0,0,0,0,1,0,"Office Supplies, Ink & Toner",6.2166061010848646,4.6150215020384655,0,0,1,6.727431724850855
4.7,0,0,0,0,0.0,0,0,0,0,1,0,Power & Batteries,7.601402334583733,2.137710449803812,0,1,0,6.836259277277067
4.0,0,0,0,0,0.0,0,0,0,0,1,0,Computer Peripherals,6.68586094706836,4.709440107163888,0,0,1,5.58724865840025
4.5,0,1,0,0,0.0,0,0,0,0,1,0,PC Components,5.993961427306569,5.58604943774986,0,0,1,6.900730664045173
4.2,0,1,0,0,0.18,0,0,0,0,1,0,"Audio, Sound & Recording Gear",6.2166061010848646,5.707077041605631,0,0,1,6.775366090936392
4.2,0,0,0,0,0.0,0,0,0,0,1,0,"Chargers, Adapters & Cables",6.2166061010848646,4.349890764643811,0,0,1,8.247220052745229
4.3,0,0,1,0,0.0,0,0,0,0,1,0,"Office Supplies, Ink & Toner",6.398594934535208,4.849918661054685,0,0,1,6.903747257584598
4.0,0,1,0,0,0.06,0,0,0,0,1,0,"Office Supplies, Ink & Toner",6.803505257608338,4.007151350519723,0,0,1,8.794370279222871
4.6,0,0,0,0,0.0,1,0,0,0,0,0,Mobile Cell Phones & Smartphones,6.90875477931522,3.58351893845611,0,1,0,8.868131713503033
4.6,0,1,0,0,0.0,0,0,0,0,1,0,Computer Peripherals,6.90875477931522,4.262539022051294,0,0,1,7.4205789054108
4.6,0,1,0,0,0.17,0,0,0,0,1,0,"Office Supplies, Ink & Toner",6.68586094706836,4.65386510752685,0,0,1,7.170119543449628
4.6,0,1,0,0,0.0,0,1,0,0,0,0,Computer Peripherals,6.55250788703459,5.068778408144967,0,0,1,6.063785208687608
4.5,0,1,0,0,0.17,0,0,0,0,1,0,Smart Home & Security,6.90875477931522,3.4008639927609177,0,1,0,8.521185212685776
4.5,0,0,0,0,0.25,0,0,0,0,1,0,Wearables,6.90875477931522,3.7133281345162463,0,1,0,7.880048200971577
4.7,0,1,0,0,0.24,0,0,0,0,1,0,"Office Supplies, Ink & Toner",6.90875477931522,3.737431494696102,0,0,1,7.662467815200237
4.5,0,1,0,0,0.0,0,0,0,0,1,0,Small Gadget Accessories (Cases & Protectors),6.90875477931522,3.931629535067065,0,0,1,10.136423006312809
3.8,0,0,0,0,0.0,0,0,0,0,1,0,"Office Supplies, Ink & Toner",6.2166061010848646,5.785638921126033,0,0,1,7.438383530044307
4.5,0,0,1,0,0.0,0,0,0,0,1,0,PC Components,5.303304908059076,6.601230118728877,1,0,0,3.58351893845611
4.6,0,1,0,1,0.2,0,0,0,0,1,0,Tablets & E-readers (DEVICES ONLY),7.601402334583733,2.39698576841553,0,1,0,9.80835235742109
4.5,0,1,0,0,0.32,0,0,0,0,1,0,Storage & Memory Cards,6.2166061010848646,5.525413097700675,0,0,1,7.344072850573066
4.6,0,1,1,0,0.25,0,0,0,0,1,0,Small Gadget Accessories (Cases & Protectors),7.601402334583733,2.39698576841553,0,1,0,10.161921024628786
5.0,0,0,0,0,0.0,0,0,0,0,1,0,Cameras & Photography,4.61512051684126,7.882314918980268,1,0,0,0.6931471805599453
4.5,0,1,0,1,0.1,0,0,0,0,1,0,PC Components,6.2166061010848646,4.6150215020384655,0,0,1,8.607033895416027
4.5,0,1,0,0,0.0,0,0,0,0,1,0,"Chargers, Adapters & Cables",6.90875477931522,3.6373229671995344,0,0,1,8.441607204459642
4.7,0,1,0,0,0.29,0,0,0,0,1,0,Storage & Memory Cards,6.2166061010848646,4.9486889658772695,0,0,1,6.371611847231857
4.4,0,1,1,0,0.0,0,0,0,0,1,0,TV & Video Displays,6.2166061010848646,4.3943256902608985,0,0,1,8.596743470174246
4.5,0,1,0,0,0.0,0,0,0,0,1,0,Computer Peripherals,7.601402334583733,2.5930133911138515,0,1,0,8.99528899055931
4.0,0,1,1,0,0.42,0,0,0,0,1,0,Printers & Scanners (Hardware),6.2166061010848646,5.703782474656201,0,0,1,5.117993812416755
4.5,0,0,0,0,0.0,0,0,0,0,1,0,Video Game Consoles & Virtual Reality,5.303304908059076,6.175846479868856,0,0,1,6.023447592961033
5.0,0,0,0,0,0.0,0,0,0,0,1,0,PC Components,4.61512051684126,7.891327017939114,1,0,0,2.19722457733622
4.4,0,1,1,0,0.13,0,0,0,0,1,0,Cameras & Photography,6.90875477931522,3.663305202994506,0,1,0,8.85893722196655
4.5,0,0,0,0,0.0,0,0,0,0,1,0,Wearables,4.61512051684126,7.438383530044307,1,0,0,1.0986122886681098
4.7,0,1,0,0,0.19,0,0,0,0,1,0,Cameras & Photography,5.303304908059076,7.650163941195406,1,0,0,7.724446645633537
4.4,0,0,1,0,0.0,0,0,0,0,1,0,"Audio, Sound & Recording Gear",6.2166061010848646,5.017213609456379,0,0,1,6.838405200847344
4.5,0,1,0,0,0.0,0,0,0,0,1,0,Small Gadget Accessories (Cases & Protectors),7.601402334583733,3.0440461338325417,0,1,0,7.0967213784947605
4.7,0,1,0,0,0.0,0,0,0,0,1,0,PC Components,6.2166061010848646,4.8218126509599415,0,0,1,9.79059877045751
4.7,0,1,0,0,0.57,0,0,0,0,1,0,"Chargers, Adapters & Cables",6.90875477931522,4.262539022051294,0,0,1,4.948759890378168
4.6,0,1,0,0,0.0,0,0,0,0,1,0,"Office Supplies, Ink & Toner",5.707110264748875,5.655607121451769,0,0,1,3.784189633918261
3.7,0,1,1,0,0.23,0,0,0,0,1,0,Wearables,6.2166061010848646,5.442374419541463,0,0,1,5.442417710521793
4.6,0,0,0,0,0.0,0,0,0,0,1,0,"Office Supplies, Ink & Toner",5.993961427306569,5.540832079541503,0,0,1,5.560681631015528
4.8,0,0,0,0,0.0,0,0,0,0,1,0,"Office Supplies, Ink & Toner",6.55250788703459,4.573576314396913,0,0,1,8.317766166719343
4.0,0,0,1,0,0.0,0,0,0,0,1,0,"Office Supplies, Ink & Toner",6.2166061010848646,5.017213609456379,0,0,1,9.323133199451306
4.7,0,1,0,0,0.21,0,0,0,0,1,0,TV & Video Displays,5.993961427306569,5.638319081511895,0,0,1,6.669498089857879
4.4,0,1,1,0,0.24,0,0,0,0,1,0,Computer Peripherals,6.90875477931522,3.177637076851603,0,1,0,7.836764783264067
4.6,0,0,0,0,0.0,0,0,0,0,1,0,Cameras & Photography,6.90875477931522,3.391483689474516,0,1,0,9.223651386035854
4.5,0,1,0,0,0.11,0,0,0,0,1,0,Computer Peripherals,6.2166061010848646,4.5107496103686,0,0,1,7.68017564043659
4.8,0,1,0,0,0.05,0,0,0,0,1,0,Storage & Memory Cards,6.2166061010848646,4.836202538722539,0,0,1,10.08334774933398
4.7,0,1,0,0,0.38,0,0,0,0,1,0,Wearables,5.303304908059076,7.003965054029298,1,0,0,5.981414211254481
4.6,0,1,0,0,0.46,0,1,0,0,0,0,"Audio, Sound & Recording Gear",7.601402334583733,3.2577118486533987,0,1,0,9.803059297701637
4.7,0,0,0,0,0.0,0,0,0,0,1,0,"Office Supplies, Ink & Toner",5.993961427306569,5.556403261059811,0,0,1,6.415096959171596
4.6,0,1,0,1,0.29,0,0,0,0,1,0,Small Gadget Accessories (Cases & Protectors),6.90875477931522,4.0428758138469085,0,0,1,4.3694478524670215
4.6,0,0,1,0,0.0,0,0,0,0,1,0,Computer Peripherals,6.90875477931522,2.995232148512309,0,1,0,7.925157512224703
4.2,0,0,1,0,0.0,0,0,0,0,1,0,"Office Supplies, Ink & Toner",5.707110264748875,5.996651073795282,1,0,0,7.689828668736484
4.6,0,1,0,0,0.0,0,0,0,0,1,0,Power & Batteries,7.601402334583733,2.699345760472064,0,0,1,8.032035314398824
4.6,0,0,0,0,0.27,0,0,0,0,1,0,Laptops,6.90875477931522,3.295466427029913,0,1,0,8.6020856584342
4.8,0,0,1,0,0.0,1,0,0,0,0,0,PC Components,4.61512051684126,7.425137362117374,1,0,0,5.84354441703136
4.6,0,1,0,0,0.21,0,0,0,0,1,0,Computer Peripherals,6.2166061010848646,5.252221070655064,0,0,1,8.157943507105037
4.7,0,0,0,0,0.2,0,0,0,0,1,0,TV & Video Displays,6.90875477931522,3.806440242853081,0,1,0,8.339739766019143
4.8,0,1,0,0,0.0,0,1,0,0,0,0,"Chargers, Adapters & Cables",7.601402334583733,2.392425796993835,0,1,0,10.96750839643462
4.2,0,1,0,0,0.0,0,0,0,0,1,0,Small Gadget Accessories (Cases & Protectors),6.2166061010848646,4.795377237056036,0,0,1,8.592857095337227
4.5,0,0,0,0,0.0,0,0,0,0,1,0,"Office Supplies, Ink & Toner",6.90875477931522,4.023385473281607,0,0,1,9.092119740588751
4.8,0,1,0,0,0.24,0,0,0,0,1,0,"Chargers, Adapters & Cables",6.2166061010848646,4.705920089088234,1,0,0,7.32052696227274
4.7,0,1,0,0,0.0,0,0,0,0,1,0,"Chargers, Adapters & Cables",7.601402334583733,2.0781907597781832,0,1,0,10.409310684679328
4.7,0,1,0,0,0.07,0,0,0,0,1,0,Cameras & Photography,5.303304908059076,7.313220387090301,0,0,1,6.338594078203183
4.7,0,1,0,0,0.0,0,0,0,0,1,0,"Chargers, Adapters & Cables",6.90875477931522,3.662278772316757,0,0,1,8.921190556249368
4.6,0,1,0,0,0.0,0,0,0,0,1,0,Cameras & Photography,4.61512051684126,7.803435056952168,1,0,0,5.707110264748875
4.2,0,1,1,0,0.63,0,0,0,0,1,0,Cameras & Photography,6.2166061010848646,5.081342251254203,0,0,1,7.035268599281097
4.0,0,1,0,0,0.26,0,0,0,0,1,0,Laptops,6.2166061010848646,5.442374419541463,0,0,1,7.352441100243583
4.8,0,1,0,0,0.0,0,0,0,0,1,0,Power & Batteries,8.006700845440367,2.523325759691945,0,0,1,8.75573753930647
4.4,0,1,0,0,0.0,0,0,0,0,1,0,Networking,6.2166061010848646,5.697932060978025,0,0,1,5.501258210544727
4.6,0,1,0,0,0.0,0,0,0,0,1,0,"Office Supplies, Ink & Toner",5.993961427306569,6.065783211350281,1,0,0,5.501258210544727
4.4,0,1,0,0,0.4,0,0,0,0,1,0,Wearables,6.2166061010848646,4.6150215020384655,0,0,1,5.351858133476067
4.2,0,1,0,0,0.05,0,0,0,0,1,0,PC Components,6.2166061010848646,5.30325515557766,0,0,1,4.48863636973214
4.6,0,1,0,0,0.0,0,0,0,0,1,0,"Chargers, Adapters & Cables",7.601402334583733,2.295560478057081,0,1,0,5.247024072160486
4.6,0,0,0,0,0.0,0,0,0,0,1,0,TV & Video Displays,5.707110264748875,5.43197375136071,0,0,1,5.0369526024136295
4.7,0,1,0,0,0.4,0,0,0,0,1,0,Small Gadget Accessories (Cases & Protectors),6.90875477931522,4.110053855927281,0,0,1,10.074326772221047
4.0,0,0,0,0,0.0,0,0,0,0,1,0,Computer Peripherals,6.90875477931522,3.433664571799657,0,1,0,9.695848187757884
4.6,0,1,0,1,0.23,0,0,0,0,1,0,Storage & Memory Cards,7.601402334583733,2.63834278867739,0,1,0,10.086683726740745
4.2,0,0,0,0,0.0,0,0,0,0,1,0,"Office Supplies, Ink & Toner",5.707110264748875,5.655607121451769,0,0,1,3.713572066704308
4.6,0,1,0,0,0.11,0,0,0,0,1,0,"Office Supplies, Ink & Toner",7.601402334583733,2.2965670206684825,0,1,0,8.393442383980062
4.8,0,1,0,0,0.0,0,0,0,0,1,0,Storage & Memory Cards,6.2166061010848646,4.503691017038237,0,0,1,12.775092646340882
4.5,0,1,1,0,0.0,0,0,0,0,1,0,"Audio, Sound & Recording Gear",6.2166061010848646,4.188896879163323,0,0,1,6.584791392385716
4.4,0,1,0,0,0.0,0,0,0,0,1,0,"Audio, Sound & Recording Gear",6.90875477931522,3.1350593387750902,0,1,0,9.257510176452572
4.0,0,1,0,0,0.0,0,0,0,0,1,0,Laptops,5.303304908059076,6.54534966033442,0,0,1,3.80666248977032
4.6,0,1,0,0,0.1,0,0,0,0,1,0,Wearables,6.398594934535208,4.948405217560121,0,0,1,6.198478716492308
4.6,0,1,0,0,0.11,0,0,0,0,1,0,Video Game Consoles & Virtual Reality,6.2166061010848646,5.19844178112078,0,0,1,4.61512051684126
4.8,0,0,0,0,0.0,0,0,0,0,1,0,Wearables,6.68586094706836,3.4657359027997265,0,1,0,9.202509792860994
4.4,0,0,0,0,0.08,0,0,0,0,1,0,Wearables,6.2166061010848646,4.110709916308365,0,0,1,7.824046010856292
4.6,0,1,0,0,0.0,0,0,0,0,1,0,"Office Supplies, Ink & Toner",6.90875477931522,3.76096753050819,0,0,1,9.543879740512756
4.2,0,0,0,0,0.0,0,0,0,0,1,0,Tablets & E-readers (DEVICES ONLY),6.2166061010848646,4.912654885736052,0,0,1,8.116417072794205
4.6,0,0,0,0,0.0,0,0,0,0,1,0,"Office Supplies, Ink & Toner",6.90875477931522,4.157945143631696,0,0,1,8.204671828950811
4.6,0,1,0,0,0.25,0,1,0,0,0,0,"Audio, Sound & Recording Gear",6.90875477931522,3.0440461338325417,0,1,0,8.016647877057803
4.5,0,1,0,0,0.1,0,0,0,0,1,0,Mobile Cell Phones & Smartphones,6.90875477931522,3.5357282746197614,0,1,0,11.398199003228743
4.3,0,1,0,0,0.06,0,0,0,0,1,0,"Office Supplies, Ink & Toner",7.601402334583733,2.63834278867739,0,1,0,6.902742737158593
4.6,0,1,0,0,0.0,0,0,0,0,1,0,TV & Video Displays,7.601402334583733,2.390595970316759,0,1,0,10.778310247916512
4.4,0,1,0,0,0.12,0,0,0,0,1,0,"Chargers, Adapters & Cables",6.90875477931522,3.7133281345162463,0,0,1,9.3048320350689
4.7,0,1,0,0,0.0,0,0,0,0,1,0,Cameras & Photography,4.61512051684126,7.900636613018005,1,0,0,6.92461239604856
4.0,0,1,0,0,0.0,0,0,0,0,1,0,Computer Peripherals,6.90875477931522,3.7133281345162463,0,0,1,9.176576741823371
4.8,0,1,0,0,0.0,0,0,0,0,1,0,Other Electronics,5.993961427306569,5.991439546795477,0,0,1,3.737669618283368
4.7,0,0,0,0,0.23,0,0,0,0,1,0,TV & Video Displays,7.601402334583733,2.63834278867739,0,1,0,8.764365720529808
4.5,0,1,0,0,0.0,0,0,0,0,1,0,"Office Supplies, Ink & Toner",6.90875477931522,3.876395827784995,0,0,1,9.036819971135296
4.2,0,1,0,0,0.0,0,0,0,0,1,0,Mobile Cell Phones & Smartphones,6.90875477931522,4.006423680849631,0,0,1,9.574358290170174
4.5,0,0,0,0,0.0,0,0,0,0,1,0,Other Electronics,6.2166061010848646,4.250778348063927,0,0,1,8.258163361537619
4.7,0,0,0,0,0.0,0,0,0,0,1,0,PC Components,6.2166061010848646,4.6150215020384655,0,0,1,8.56197533418813
4.4,0,0,0,0,0.0,0,0,0,0,1,0,Cameras & Photography,5.993961427306569,5.545177444479562,0,0,1,6.911747300251674
4.3,1,1,0,1,0.0,0,0,0,0,1,0,"Chargers, Adapters & Cables",6.2166061010848646,4.262539022051294,0,0,1,6.597145701886651
4.5,0,0,0,0,0.0,0,0,0,0,1,0,Computer Peripherals,6.2166061010848646,4.509760001183433,0,0,1,5.575949103146316
4.6,0,1,0,0,0.08,0,0,0,0,1,0,Computer Peripherals,6.2166061010848646,4.795707897553386,0,0,1,8.433159195806228
4.7,0,1,0,0,0.0,0,0,0,0,1,0,Smart Home & Security,6.2166061010848646,4.30406509320417,0,0,1,7.145984467714388
4.1,1,1,0,0,0.09,0,0,0,0,1,0,Computer Peripherals,0.0,5.857933154483459,0,0,1,4.248495242049359
4.7,0,1,0,0,0.0,0,0,0,0,1,0,Cameras & Photography,6.2166061010848646,4.948405217560121,0,0,1,6.0330862217988015
4.7,0,1,0,0,0.0,0,0,0,0,1,0,Cameras & Photography,6.90875477931522,3.5550623063795967,0,1,0,5.198497031265826
4.6,0,1,0,0,0.08,0,0,0,0,1,0,Networking,6.2166061010848646,5.017213609456379,0,0,1,5.480638923341991
4.5,0,1,0,0,0.29,0,0,0,0,1,0,TV & Video Displays,5.707110264748875,6.552493621597604,0,0,1,4.718498871295094
4.6,0,1,0,0,0.0,0,0,0,0,1,0,Small Gadget Accessories (Cases & Protectors),8.006700845440367,2.63834278867739,0,1,0,7.174724309836376
4.4,0,1,0,1,0.0,0,0,0,0,1,0,"Chargers, Adapters & Cables",7.601402334583733,2.39698576841553,0,1,0,10.002608643403937
4.0,0,1,0,0,0.0,0,0,0,0,1,0,"Office Supplies, Ink & Toner",6.90875477931522,3.931629535067065,0,0,1,8.165932137321585
4.2,0,1,0,0,0.1,0,0,0,0,1,0,Small Gadget Accessories (Cases & Protectors),6.2166061010848646,4.6150215020384655,0,0,1,3.5263605246161616
5.0,0,1,0,0,0.67,0,0,0,0,1,0,"Audio, Sound & Recording Gear",6.2166061010848646,5.017213609456379,0,0,1,1.791759469228055
4.7,0,1,0,0,0.0,0,0,0,0,1,0,Networking,6.90875477931522,3.2577118486533987,0,1,0,7.10002716662926
4.1,0,0,0,0,0.0,0,0,0,0,1,0,Smart Home & Security,4.61512051684126,7.339518214698447,1,0,0,5.834810737062605
4.5,0,1,0,0,0.0,0,0,0,0,1,0,"Audio, Sound & Recording Gear",6.2166061010848646,5.016948656152848,0,0,1,7.973155433444133
4.2,0,1,0,0,0.25,0,0,0,0,1,0,"Audio, Sound & Recording Gear",6.2166061010848646,5.19844178112078,0,0,1,8.226840890408578
4.7,0,1,0,0,0.05,0,0,0,0,1,0,"Office Supplies, Ink & Toner",6.90875477931522,2.995232148512309,0,1,0,8.015987811027237
4.6,0,1,0,0,0.14,0,0,0,0,1,0,Power & Batteries,8.006700845440367,2.038619547159581,0,1,0,8.39795910349254
4.2,0,0,1,0,0.0,0,0,0,0,1,0,Smart Home & Security,6.2166061010848646,3.806440242853081,0,1,0,6.822197390620491
4.4,0,0,1,0,0.0,0,0,0,0,1,0,"Audio, Sound & Recording Gear",5.707110264748875,6.173786103901937,1,0,0,7.579167967396076
4.5,0,1,0,0,0.15,0,0,0,0,1,0,TV & Video Displays,6.2166061010848646,5.30325515557766,0,0,1,7.175489713624222
4.0,0,1,0,0,0.0,0,0,0,0,1,0,Computer Peripherals,6.2166061010848646,3.156574798670821,0,1,0,8.54188580400661
4.6,0,0,0,0,0.0,0,0,0,0,1,0,TV & Video Displays,6.90875477931522,3.8284239815518326,0,1,0,4.912654885736052
4.3,0,1,0,0,0.1,0,0,0,0,1,0,Networking,6.2166061010848646,4.709440107163888,0,0,1,10.287967334235155
4.7,0,1,0,0,0.13,0,0,0,0,1,0,PC Components,5.993961427306569,5.442374419541463,0,0,1,8.285513309079741
4.6,0,0,0,0,0.12,0,0,0,0,1,0,Small Gadget Accessories (Cases & Protectors),6.2166061010848646,4.3943256902608985,0,0,1,5.87493073085203
4.3,0,1,0,0,0.0,0,0,0,0,1,0,TV & Video Displays,6.2166061010848646,4.709440107163888,0,0,1,7.5688956634069955
4.6,0,0,0,0,0.15,0,0,0,0,1,0,PC Components,5.303304908059076,6.594399779765647,1,0,0,4.143134726391533
4.7,0,0,0,0,0.0,0,0,0,0,1,0,"Audio, Sound & Recording Gear",6.2166061010848646,4.912654885736052,0,0,1,8.619027497297505
4.6,0,1,0,0,0.0,0,0,0,0,1,0,"Chargers, Adapters & Cables",7.601402334583733,2.659559991941776,0,1,0,9.719324300862802
3.9,0,0,0,0,0.0,0,0,0,0,1,0,Networking,6.90875477931522,4.151826997635463,0,1,0,7.037027614686276
4.6,0,1,0,0,0.23,0,0,0,0,1,0,Small Gadget Accessories (Cases & Protectors),5.707110264748875,6.21658614080582,1,0,0,6.222576268071369
4.7,0,0,0,0,0.17,1,0,0,0,0,0,TV & Video Displays,6.90875477931522,3.8916161956504833,0,1,0,7.523481312573497
4.3,0,1,1,0,0.0,0,0,0,0,1,0,"Audio, Sound & Recording Gear",5.303304908059076,6.685798523147493,1,0,0,6.46302945692067
4.6,0,1,0,0,0.12,0,0,0,0,1,0,Computer Peripherals,6.2166061010848646,5.141605075260502,0,0,1,8.791790024319363
4.1,0,1,0,0,0.0,0,0,0,0,1,0,TV & Video Displays,5.707110264748875,5.087534604932047,0,0,1,7.356279876550748
4.3,0,0,0,0,0.0,0,0,0,0,1,0,TV & Video Displays,5.303304908059076,5.96406765625103,0,0,1,8.38548870041881
4.6,0,0,0,0,0.0,0,0,0,0,1,0,PC Components,6.2166061010848646,4.795707897553386,0,0,1,8.120291313968561
4.5,0,1,0,0,0.0,0,0,0,0,1,0,Printers & Scanners (Hardware),6.2166061010848646,5.480638923341991,0,0,1,4.61512051684126
4.3,0,1,0,0,0.0,0,0,0,0,1,0,Computer Peripherals,6.2166061010848646,4.3819016268607305,0,0,1,5.318119993844216
4.4,0,1,0,0,0.0,0,0,0,0,1,0,TV & Video Displays,5.707110264748875,5.247024072160486,0,0,1,7.855544677915663
4.7,0,1,0,0,0.0,0,0,0,0,1,0,Cameras & Photography,5.993961427306569,5.697361906853279,0,0,1,5.717027701406222
4.8,0,1,0,0,0.39,0,0,0,0,1,0,PC Components,6.2166061010848646,5.111927545578128,0,0,1,7.57095858316901
4.8,0,0,0,0,0.0,0,0,0,0,1,0,"Office Supplies, Ink & Toner",8.294299608857235,1.5953389880545987,0,1,0,9.328656598794224
4.5,0,1,0,0,0.0,0,0,0,0,1,0,"Office Supplies, Ink & Toner",6.398594934535208,5.033635418325317,0,0,1,6.212606095751519
4.6,0,1,0,0,0.0,0,0,0,0,1,0,Other Electronics,5.707110264748875,5.99393648933976,0,0,1,6.278521424165844
4.4,1,1,0,0,0.0,0,0,0,0,1,0,Small Gadget Accessories (Cases & Protectors),6.90875477931522,3.931629535067065,0,0,1,7.589841512182657
4.2,0,0,0,0,0.0,0,0,0,0,1,0,Wearables,0.0,2.196112848483529,0,1,0,4.709530201312334
4.7,0,0,0,0,0.0,1,0,0,0,0,0,"Office Supplies, Ink & Toner",6.55250788703459,4.769751986304036,0,0,1,7.738923757439457
4.1,0,0,0,0,0.0,0,0,0,0,1,0,Printers & Scanners (Hardware),5.993961427306569,4.976733742420574,0,1,0,5.666426688112432
4.7,0,1,0,0,0.29,0,0,0,0,1,0,Storage & Memory Cards,6.90875477931522,3.177637076851603,0,1,0,11.40844234206856
4.1,0,1,0,0,0.06,0,0,0,0,1,0,TV & Video Displays,5.707110264748875,6.803494158767612,1,0,0,6.322565239927284
4.3,0,1,1,0,0.0,0,0,0,0,1,0,Laptops,6.2166061010848646,5.231055139488869,0,0,1,5.3706380281276624
3.7,0,1,0,0,0.0,0,0,0,0,1,0,Printers & Scanners (Hardware),5.303304908059076,6.255730847711197,0,0,1,4.343805421853684
4.4,0,0,0,0,0.0,0,0,0,0,1,0,Laptops,6.90875477931522,2.8898160479624417,0,1,0,7.638198244285779
4.4,0,0,1,0,0.0,0,0,0,0,1,0,Computer Peripherals,6.90875477931522,3.3495531485098167,0,1,0,7.485491608030754
4.5,0,1,0,0,0.0,0,0,0,0,1,0,TV & Video Displays,5.993961427306569,5.3471075307174685,0,0,1,9.115040192121858
4.7,0,1,0,0,0.17,0,0,0,0,1,0,Other Electronics,6.90875477931522,3.433664571799657,0,1,0,9.45053767785622
3.8,0,0,0,0,0.0,0,0,0,0,1,0,Wearables,0.0,3.610647605844363,0,1,0,3.218875824868201
4.1,0,0,0,0,0.0,0,0,0,0,1,0,"Office Supplies, Ink & Toner",5.707110264748875,5.081342251254203,0,0,1,6.705639094860003
4.1,0,0,0,0,0.0,0,0,0,0,1,0,TV & Video Displays,4.61512051684126,6.993923800869179,1,0,0,3.871201010907891
4.5,0,1,0,0,0.0,0,0,0,0,1,0,Computer Peripherals,6.2166061010848646,4.769836807543325,0,0,1,7.331060305218632
4.4,0,1,0,1,0.0,0,1,0,0,0,0,Computer Peripherals,7.601402334583733,2.39698576841553,0,1,0,9.13583231980112
4.5,0,0,0,0,0.0,0,0,0,0,1,0,Computer Peripherals,5.707110264748875,6.0627148686361485,1,0,0,5.986452005284438
4.7,0,1,0,0,0.2,0,0,0,0,1,0,Wearables,6.90875477931522,3.43204984514492,0,1,0,8.2409125416889
4.6,0,0,0,0,0.0,0,0,0,0,1,0,"Office Supplies, Ink & Toner",5.993961427306569,5.420048155119184,0,0,1,6.008813185442595
4.0,1,1,0,0,0.0,0,0,0,0,1,0,Mobile Cell Phones & Smartphones,4.61512051684126,5.017213609456379,0,0,1,3.58351893845611
4.2,0,1,0,0,0.12,0,0,0,0,1,0,Laptops,5.707110264748875,5.99393648933976,0,0,1,5.2574953720277815
4.6,0,1,0,0,0.44,0,0,0,0,1,0,"Office Supplies, Ink & Toner",6.90875477931522,3.433664571799657,0,0,1,6.111467339502679
4.7,0,1,0,0,0.0,0,0,0,0,1,0,"Chargers, Adapters & Cables",7.601402334583733,1.986503546020567,0,1,0,11.100118471056213
4.3,0,1,0,0,0.4,0,0,0,0,1,0,Smart Home & Security,7.601402334583733,2.867330558749466,0,1,0,7.795234929002173
4.6,0,1,0,0,0.0,0,0,0,0,1,0,"Chargers, Adapters & Cables",6.90875477931522,2.642622395779755,0,1,0,7.596392304064196
4.5,0,0,0,0,0.0,0,0,0,0,1,0,TV & Video Displays,4.61512051684126,6.779910543771322,0,0,1,4.762173934797756
3.9,0,0,0,0,0.0,0,0,0,0,1,0,Wearables,0.0,3.5260663637080247,0,1,0,3.58351893845611
4.5,0,1,0,0,0.0,0,0,0,0,1,0,TV & Video Displays,5.993961427306569,4.867534450455582,0,0,1,7.553810852008231
4.4,0,1,0,0,0.14,0,0,0,0,1,0,Cameras & Photography,6.68586094706836,3.58324112209094,0,1,0,5.153291594497779
4.6,0,1,1,0,0.0,0,0,0,0,1,0,"Office Supplies, Ink & Toner",6.55250788703459,4.113983777474449,0,0,1,6.75343791859778
4.3,0,1,0,0,0.38,0,0,0,0,1,0,Small Gadget Accessories (Cases & Protectors),6.90875477931522,3.7133281345162463,0,0,1,8.31752199628717
4.6,0,1,0,0,0.0,0,0,0,0,1,0,Small Gadget Accessories (Cases & Protectors),7.601402334583733,2.138889000323256,0,1,0,11.054992688957268
4.4,0,1,0,0,0.0,0,0,0,0,1,0,Cameras & Photography,6.2166061010848646,5.189339203978292,0,0,1,4.77912349311153
4.7,0,1,0,0,0.0,0,0,0,0,1,0,"Chargers, Adapters & Cables",6.90875477931522,3.2577118486533987,0,0,1,4.356708826689592
4.6,0,1,0,0,0.0,0,0,0,0,1,0,PC Components,6.90875477931522,2.5641798306825083,0,1,0,6.429719478039138
4.4,0,0,0,0,0.0,0,0,0,0,1,0,Wearables,6.2166061010848646,4.902010196224638,0,0,1,9.308646060760308
4.5,0,0,0,0,0.0,0,0,0,0,1,0,Computer Peripherals,6.90875477931522,2.457877977400081,0,1,0,11.017201895613866
4.5,0,1,0,0,0.47,0,0,0,0,1,0,Cameras & Photography,6.2166061010848646,6.066084887978432,0,0,1,8.47595444339964
4.0,0,1,0,0,0.0,0,0,0,0,1,0,"Audio, Sound & Recording Gear",5.993961427306569,5.225692908827035,0,0,1,8.615951963439501
4.6,0,1,0,0,0.0,0,0,0,0,1,0,Power & Batteries,6.55250788703459,4.185859671057874,0,0,1,6.2766434893416445
4.5,0,0,0,0,0.4,0,0,0,0,1,0,"Chargers, Adapters & Cables",6.90875477931522,3.931629535067065,0,0,1,4.04305126783455
4.8,0,1,0,0,0.0,0,0,0,0,1,0,Cameras & Photography,6.90875477931522,3.507956918233689,0,1,0,6.601230118728877
4.8,0,1,0,0,0.0,0,0,0,0,1,0,"Office Supplies, Ink & Toner",6.803505257608338,2.9439125248241944,0,1,0,6.826545223556594
4.4,1,1,0,0,0.16,0,0,0,0,1,0,Printers & Scanners (Hardware),6.55250788703459,6.111445166307853,0,0,1,6.645090969505644
4.3,0,1,0,0,0.0,0,0,0,0,1,0,Mobile Cell Phones & Smartphones,6.90875477931522,3.783052624131186,0,0,1,7.815207062189088
4.4,0,1,0,0,0.33,1,0,0,0,0,0,Computer Peripherals,6.90875477931522,3.7133281345162463,0,0,1,7.823245690685523
4.5,0,1,0,0,0.08,0,0,0,0,1,0,Wearables,6.90875477931522,4.02535169073515,0,0,1,6.646390514847729
4.7,0,1,0,0,0.0,0,0,0,0,1,0,TV & Video Displays,6.90875477931522,3.2577118486533987,0,1,0,9.384797753713336
4.7,0,1,0,0,0.0,0,0,0,0,1,0,Cameras & Photography,6.90875477931522,3.173459961337718,0,1,0,7.627057417018934
4.3,0,1,1,0,0.0,0,0,0,0,1,0,"Audio, Sound & Recording Gear",5.993961427306569,5.252221070655064,0,0,1,7.593877844605118
4.2,0,1,0,0,0.0,0,0,0,0,1,0,Laptops,5.707110264748875,6.284115504180345,0,0,1,7.731053144007127
4.2,0,0,0,0,0.07,0,0,0,0,1,0,Mobile Cell Phones & Smartphones,5.993961427306569,5.419118066693741,0,0,1,8.583542571957771
4.1,0,1,0,0,0.18,0,0,0,0,1,0,"Audio, Sound & Recording Gear",6.2166061010848646,4.6150215020384655,0,0,1,7.274479558773871
4.7,0,1,0,0,0.1,0,0,0,0,1,0,PC Components,6.2166061010848646,5.225692908827035,0,0,1,5.726847747587197
4.3,0,1,0,0,0.17,0,0,0,0,1,0,"Audio, Sound & Recording Gear",5.993961427306569,5.525413097700675,0,0,1,7.833203948641057
3.9,0,1,0,0,0.0,0,0,0,0,1,0,"Office Supplies, Ink & Toner",6.2166061010848646,4.126973081713828,0,0,1,10.21299226949838
4.7,0,0,0,0,0.0,0,0,0,0,1,0,PC Components,6.2166061010848646,5.375232110316162,0,0,1,5.552959584921617
4.2,0,1,0,0,0.14,0,0,0,0,1,0,PC Components,5.303304908059076,5.525413097700675,0,0,1,6.1779441140506
4.1,0,1,1,1,0.1,0,0,0,0,1,0,"Audio, Sound & Recording Gear",5.993961427306569,5.30325515557766,0,0,1,9.14216859187285
4.0,0,0,0,0,0.0,0,0,0,0,1,0,Laptops,4.61512051684126,6.535241271013659,0,0,1,3.4339872044851463
3.7,0,1,0,0,0.05,0,0,0,0,1,0,Networking,5.993961427306569,5.831853151340319,0,0,1,8.633731007664188
4.7,0,0,0,0,0.4,0,0,0,0,1,0,Computer Peripherals,6.90875477931522,4.110709916308365,0,0,1,4.969813299576001
4.7,0,1,1,0,0.38,0,0,0,0,1,0,"Chargers, Adapters & Cables",6.90875477931522,3.7133281345162463,0,0,1,9.218209330354878
4.0,0,1,0,0,0.0,0,0,0,0,1,0,TV & Video Displays,5.993961427306569,5.010635294096256,0,0,1,7.311886164077165
4.5,0,1,0,0,0.06,0,0,0,0,1,0,Computer Peripherals,6.90875477931522,3.618188713491167,0,0,1,9.164610520270008
4.8,0,1,0,0,0.0,0,0,0,0,1,0,"Chargers, Adapters & Cables",6.2166061010848646,4.18950321539533,0,0,1,8.267192185932146
4.2,0,1,0,0,0.0,0,0,0,0,1,0,Printers & Scanners (Hardware),6.68586094706836,4.6150215020384655,0,1,0,7.942006808489856
4.2,0,0,1,0,0.0,0,0,0,0,1,0,"Audio, Sound & Recording Gear",6.90875477931522,3.1350593387750902,0,1,0,8.316789127071518
4.4,0,1,0,0,0.0,0,0,0,0,1,0,"Office Supplies, Ink & Toner",6.90875477931522,4.059580569785761,0,0,1,7.538494999413465
4.4,0,1,0,0,0.1,0,0,0,0,1,0,"Office Supplies, Ink & Toner",6.398594934535208,4.919907930463299,0,0,1,4.406719247264253
4.3,0,1,0,0,0.1,0,0,0,0,1,0,Small Gadget Accessories (Cases & Protectors),6.90875477931522,3.7133281345162463,0,0,1,9.37169362233394
4.8,0,1,0,0,0.27,0,0,0,0,1,0,Power & Batteries,6.90875477931522,3.582963228522387,0,0,1,10.885060279102886
4.7,0,1,0,0,0.17,1,0,0,0,0,0,"Chargers, Adapters & Cables",6.90875477931522,3.433664571799657,0,0,1,5.762051382780177
4.7,0,1,1,0,0.0,0,0,0,0,1,0,Cameras & Photography,6.90875477931522,3.9308447596687337,0,1,0,8.20685642839965
4.7,0,1,0,0,0.2,0,1,0,0,0,0,"Audio, Sound & Recording Gear",5.993961427306569,5.521460917862246,0,0,1,8.566554620953962
4.7,0,1,0,0,0.18,0,0,0,0,1,0,Power & Batteries,6.90875477931522,3.8709926558701535,0,0,1,9.216819338073892
4.3,0,1,0,0,0.19,0,0,0,0,1,0,Mobile Cell Phones & Smartphones,6.803505257608338,4.453765731828859,0,0,1,10.431111294578
4.2,0,0,0,0,0.0,0,0,0,0,1,0,TV & Video Displays,5.303304908059076,5.9107695434023055,0,0,1,5.783825182329737
4.0,0,1,0,0,0.29,0,0,0,0,1,0,TV & Video Displays,4.61512051684126,8.34283980427146,1,0,0,2.6390573296152584
4.2,0,1,1,0,0.0,0,0,0,0,1,0,Printers & Scanners (Hardware),5.707110264748875,6.094427190165807,0,0,1,7.513163545234075
4.2,0,1,0,0,0.05,0,0,0,0,1,0,Computer Peripherals,5.993961427306569,5.30325515557766,0,0,1,6.52649485957079
4.3,0,0,0,0,0.0,0,0,0,0,1,0,Networking,5.707110264748875,5.66988092298052,0,0,1,3.8501476017100575
4.7,0,0,0,0,0.0,0,0,0,0,1,0,Printers & Scanners (Hardware),6.55250788703459,3.45883716110857,0,1,0,7.170119543449628
3.9,0,1,1,0,0.3,0,0,0,0,1,0,"Office Supplies, Ink & Toner",5.707110264748875,6.066084887978432,1,0,0,7.675546002537848
4.8,0,0,0,0,0.0,0,0,0,0,1,0,Power & Batteries,8.006700845440367,1.8066480817218056,0,1,0,10.037056444457544
4.7,0,0,1,0,0.0,0,0,0,0,1,0,Laptops,6.90875477931522,3.4239368686316447,0,1,0,8.259716961021523
4.8,0,1,0,0,0.19,0,0,0,0,1,0,"Chargers, Adapters & Cables",6.90875477931522,3.4011973816621555,0,0,1,8.877800393882575
4.6,0,1,0,0,0.0,0,0,0,0,1,0,PC Components,5.993961427306569,4.6150215020384655,0,0,1,5.676753802268282
4.6,0,1,0,0,0.24,0,0,0,0,1,0,"Audio, Sound & Recording Gear",5.993961427306569,5.420534999272286,0,0,1,9.183791036742646
4.6,0,1,0,0,0.0,0,0,0,0,1,0,Other Electronics,6.2166061010848646,4.663344750039164,0,0,1,3.555348061489413
4.5,0,1,0,0,0.0,0,0,0,0,1,0,"Audio, Sound & Recording Gear",6.398594934535208,4.700480365792417,0,0,1,9.826120428959683
4.4,0,1,0,0,0.0,0,0,0,0,1,0,Wearables,6.90875477931522,3.555348061489413,0,1,0,7.362010551259734
4.3,0,1,1,0,0.0,0,0,0,0,1,0,Cameras & Photography,6.2166061010848646,5.010035114024223,0,0,1,7.30854279753919
4.6,0,1,0,0,0.08,0,0,0,0,1,0,Printers & Scanners (Hardware),6.90875477931522,4.110709916308365,0,1,0,8.752107198329362
4.6,0,1,0,1,0.0,0,0,0,0,1,0,Computer Peripherals,7.601402334583733,2.5641798306825083,0,1,0,11.224349659925092
4.6,0,0,0,0,0.31,0,0,0,0,1,0,"Chargers, Adapters & Cables",7.601402334583733,2.63834278867739,0,1,0,6.313548046277095
4.2,0,1,0,0,0.44,0,0,0,0,1,0,Networking,6.2166061010848646,4.6150215020384655,0,0,1,8.435983135990694
4.2,0,0,0,0,0.0,0,0,0,0,1,0,Cameras & Photography,6.2166061010848646,4.919177683607421,0,0,1,6.688354713946762
4.3,0,1,0,0,0.18,0,0,0,0,1,0,TV & Video Displays,5.707110264748875,5.484755438853831,0,0,1,5.43372200355424
4.5,0,1,0,0,0.09,0,0,0,0,1,0,PC Components,6.2166061010848646,4.69125613490122,0,0,1,8.398184404834035
4.4,0,1,0,0,0.05,0,0,0,0,1,0,Power & Batteries,5.993961427306569,5.003342096602114,1,0,0,7.886832998955056
4.3,0,1,0,0,0.12,0,0,0,0,1,0,Printers & Scanners (Hardware),5.993961427306569,5.141605075260502,0,0,1,7.732807530422021
4.0,0,1,0,0,0.15,0,0,0,0,1,0,Smart Home & Security,5.303304908059076,7.003965054029298,1,0,0,6.218600119691729
4.6,0,0,0,0,0.0,0,0,0,0,1,0,"Office Supplies, Ink & Toner",5.707110264748875,5.774209872273912,0,0,1,5.303304908059076
4.4,0,0,0,0,0.0,0,0,0,0,1,0,TV & Video Displays,5.993961427306569,5.442374419541463,0,0,1,3.7612001156935615
4.4,0,1,0,0,0.05,0,0,0,0,1,0,"Chargers, Adapters & Cables",6.2166061010848646,4.024815832903268,0,0,1,7.989560449333865
4.4,0,0,0,0,0.0,0,0,0,0,1,0,"Office Supplies, Ink & Toner",5.303304908059076,6.044744616550266,1,0,0,5.594711379601839
4.6,0,0,1,0,0.0,0,0,0,0,1,0,"Office Supplies, Ink & Toner",6.803505257608338,4.07567129695648,0,0,1,8.891786635857315
4.6,0,0,0,0,0.33,0,0,0,0,1,0,Computer Peripherals,7.601402334583733,2.771963526845863,0,1,0,8.481773246184977
4.8,0,1,0,0,0.0,0,0,0,0,1,0,Storage & Memory Cards,6.90875477931522,2.6871669901857858,0,1,0,8.692825760059396
4.1,0,1,0,0,0.0,0,0,0,0,1,0,Mobile Cell Phones & Smartphones,5.993961427306569,5.325397370951779,0,0,1,4.574710978503383
4.2,0,1,0,0,0.22,0,0,0,0,1,0,"Chargers, Adapters & Cables",6.90875477931522,3.7133281345162463,0,0,1,9.91773556580133
4.2,0,1,0,0,0.0,0,0,0,0,1,0,Networking,6.2166061010848646,5.25227342804663,0,0,1,8.684570300824369
4.2,0,0,0,0,0.35,0,0,0,0,1,0,"Audio, Sound & Recording Gear",6.90875477931522,3.931629535067065,0,1,0,6.744059186311348
4.6,0,1,0,0,0.53,0,0,0,0,1,0,"Office Supplies, Ink & Toner",6.803505257608338,4.954347089749467,0,0,1,6.93828448401696
4.3,0,1,0,0,0.0,0,0,0,0,1,0,Computer Peripherals,5.707110264748875,6.111445166307853,1,0,0,5.768320995793772
4.5,0,1,0,0,0.3,0,0,0,0,1,0,"Office Supplies, Ink & Toner",6.90875477931522,3.8709926558701535,0,0,1,7.016609683894219
4.6,0,1,0,0,0.49,0,0,0,0,1,0,Storage & Memory Cards,7.601402334583733,2.771963526845863,0,1,0,7.247792581767846
4.6,0,1,0,0,0.0,0,0,0,0,1,0,PC Components,6.2166061010848646,4.5107496103686,0,1,0,6.633318433280377
4.2,0,1,0,0,0.0,0,0,0,0,1,0,Mobile Cell Phones & Smartphones,6.803505257608338,4.093510881473524,0,0,1,7.577121930876679
4.5,0,0,0,0,0.0,0,0,0,0,1,0,Cameras & Photography,4.61512051684126,7.14221061019466,0,0,1,4.394449154672439
4.8,0,1,0,0,0.31,0,0,0,0,1,0,Storage & Memory Cards,6.2166061010848646,5.347059910536027,0,0,1,8.751474487140904
4.6,0,1,0,0,0.0,0,0,0,0,1,0,Small Gadget Accessories (Cases & Protectors),6.90875477931522,2.7239235502585,0,1,0,11.62618271915466
4.8,1,1,0,0,0.0,0,0,0,0,1,0,Power & Batteries,9.210440366976515,2.7713379403381286,0,0,1,8.101071503119543
4.6,1,1,1,0,0.11,0,0,0,0,1,0,Power & Batteries,8.699681400989514,3.295466427029913,0,0,1,8.965845494750937
4.6,0,1,0,0,0.0,0,0,0,0,1,0,"Chargers, Adapters & Cables",7.601402334583733,2.7073833121145063,0,1,0,9.300729371703865
4.6,0,1,0,0,0.0,0,0,0,0,1,0,Power & Batteries,8.006700845440367,1.6389967146756448,0,1,0,9.175334762777368
4.6,0,0,0,0,0.1,0,0,0,0,1,0,"Audio, Sound & Recording Gear",6.803505257608338,3.931629535067065,0,1,0,8.776630098427717
4.0,0,1,0,0,0.2,0,0,0,0,1,0,Small Gadget Accessories (Cases & Protectors),6.2166061010848646,4.875120984409557,0,0,1,5.863631175598097
4.7,0,1,0,0,0.0,0,0,0,0,1,0,Other Electronics,6.90875477931522,3.4333418349887226,0,1,0,8.347590407030058
4.4,0,1,0,0,0.25,0,0,0,0,1,0,"Chargers, Adapters & Cables",6.2166061010848646,4.110709916308365,0,0,1,4.23410650459726
4.7,0,1,0,0,0.0,0,0,0,0,1,0,"Office Supplies, Ink & Toner",6.90875477931522,3.49650756146648,0,0,1,9.806150319647172
4.6,0,1,0,0,0.0,0,0,0,0,1,0,Wearables,4.61512051684126,6.999422467507961,1,0,0,4.875197323201151
4.6,0,1,0,0,0.31,0,0,0,0,1,0,Smart Home & Security,6.2166061010848646,4.406719247264253,0,0,1,7.840312983320164
4.7,0,1,0,0,0.0,0,0,0,0,1,0,TV & Video Displays,5.993961427306569,5.068841307160618,0,0,1,6.12029741895095
4.8,0,1,0,0,0.12,0,0,0,0,1,0,"Office Supplies, Ink & Toner",6.90875477931522,3.473828072697063,0,0,1,6.683360945766275
4.7,0,1,0,0,0.0,0,0,0,0,1,0,TV & Video Displays,5.707110264748875,5.786897381366708,0,0,1,7.488852955733459
4.6,0,0,0,0,0.14,0,0,0,0,1,0,Small Gadget Accessories (Cases & Protectors),6.90875477931522,2.7073833121145063,0,1,0,7.257002707092073
4.8,0,1,0,0,0.0,0,0,0,0,1,0,Computer Peripherals,6.90875477931522,3.349904087274605,0,1,0,7.260522598089852
4.4,0,0,0,0,0.0,0,0,0,0,1,0,"Office Supplies, Ink & Toner",6.2166061010848646,4.247923650150401,0,0,1,5.613128106388071
4.7,0,0,1,0,0.0,0,0,0,0,1,0,"Office Supplies, Ink & Toner",6.90875477931522,3.929666440600741,0,0,1,8.463159302923751
4.4,0,1,1,0,0.2,0,0,0,0,1,0,Smart Home & Security,6.90875477931522,3.2577118486533987,0,1,0,9.284519770150434
4.2,0,0,0,0,0.0,0,0,0,0,1,0,Wearables,6.2166061010848646,3.720620339897999,0,1,0,8.962776046120291
4.1,0,0,0,0,0.0,0,0,0,0,1,0,"Audio, Sound & Recording Gear",5.303304908059076,6.62136570422856,1,0,0,6.386879319362645
4.2,0,1,0,0,0.17,0,0,0,0,1,0,TV & Video Displays,6.90875477931522,4.110709916308365,0,1,0,7.321188556739478
4.7,0,1,0,0,0.0,0,0,0,0,1,0,PC Components,5.303304908059076,5.993911550751034,0,0,1,3.58351893845611
4.3,0,1,0,0,0.06,0,0,0,0,1,0,"Audio, Sound & Recording Gear",5.993961427306569,5.30325515557766,0,0,1,6.505784060128229
4.9,0,1,0,0,0.41,0,0,0,0,1,0,Laptops,4.61512051684126,7.313220387090301,0,0,1,2.6390573296152584
4.8,0,1,0,0,0.15,0,0,0,0,1,0,"Chargers, Adapters & Cables",6.90875477931522,3.100092288878234,0,0,1,8.238536930171769
4.4,0,1,0,0,0.0,0,0,0,0,1,0,Computer Peripherals,5.707110264748875,5.362980879873759,0,0,1,4.356708826689592
4.4,0,1,0,0,0.0,0,0,0,0,1,0,Laptops,6.55250788703459,4.110873864173311,0,1,0,7.511524648390866
4.3,0,1,0,0,0.27,0,0,0,0,1,0,Computer Peripherals,6.2166061010848646,5.141605075260502,0,0,1,7.448333860897476
4.4,0,1,0,0,0.0,0,0,0,0,1,0,"Audio, Sound & Recording Gear",6.90875477931522,3.331847303527362,0,1,0,6.124683390894205
4.5,0,1,0,0,0.11,0,0,0,0,1,0,Storage & Memory Cards,5.993961427306569,5.420313735857289,0,0,1,6.891625897052253
4.5,0,1,1,0,0.13,0,0,0,0,1,0,TV & Video Displays,5.707110264748875,5.393627546352362,0,0,1,7.555381944240273
4.6,0,0,1,0,0.0,0,0,0,0,1,0,"Office Supplies, Ink & Toner",6.90875477931522,3.52311998561896,0,0,1,8.114025442356757
4.0,0,1,0,0,0.07,0,0,0,0,1,0,Mobile Cell Phones & Smartphones,6.55250788703459,4.778703236748966,0,0,1,8.8934354408475
4.8,0,1,0,0,0.14,0,0,0,0,1,0,"Chargers, Adapters & Cables",6.90875477931522,2.4203681286504293,0,1,0,10.554614103833462
4.5,0,1,1,0,0.0,0,0,0,0,1,0,Computer Peripherals,6.2166061010848646,5.081342251254203,0,0,1,5.717027701406222
4.7,0,0,0,0,0.0,0,0,0,0,1,0,Laptops,6.2166061010848646,4.356580613342406,0,1,0,6.663132695990803
4.4,0,1,0,0,0.0,0,0,0,0,1,0,Computer Peripherals,6.2166061010848646,3.464172180823544,0,1,0,6.888572459565364
4.4,0,1,0,0,0.0,0,0,0,0,1,0,"Office Supplies, Ink & Toner",6.90875477931522,3.433664571799657,0,0,1,9.786672797944291
4.6,0,1,0,0,0.0,0,0,0,0,1,0,"Office Supplies, Ink & Toner",6.803505257608338,4.13660552093661,0,0,1,8.165079258805068
4.8,0,0,0,0,0.0,0,0,0,0,1,0,Power & Batteries,6.90875477931522,3.2140642678709788,0,0,1,11.27975683000893
4.2,0,0,0,0,0.0,0,0,0,0,1,0,Wearables,0.0,2.0781907597781832,0,1,0,4.941642422609304
4.5,0,0,0,1,0.0,0,0,0,0,1,0,Computer Peripherals,0.0,4.5107496103686,0,0,1,2.772588722239781
4.5,0,1,0,0,0.29,0,0,0,0,1,0,"Audio, Sound & Recording Gear",5.707110264748875,6.523488882014966,1,0,0,6.293419278846481
4.3,0,1,0,0,0.0,0,0,0,0,1,0,"Audio, Sound & Recording Gear",5.993961427306569,5.594674204189652,0,0,1,6.502790045915623
4.5,0,1,0,0,0.0,0,0,0,0,1,0,Laptops,5.303304908059076,6.150602768446279,0,0,1,4.762173934797756
4.7,0,0,0,0,0.0,0,0,0,0,1,0,Other Electronics,5.707110264748875,5.628016718881821,0,0,1,10.096213132628804
4.3,0,0,1,0,0.0,0,0,0,0,1,0,TV & Video Displays,0.0,7.3544646924247905,1,0,0,5.159055299214529
4.6,0,0,0,0,0.13,0,0,0,0,1,0,Networking,6.90875477931522,3.433664571799657,0,1,0,7.538494999413465
4.7,0,1,0,0,0.0,0,0,0,0,1,0,"Office Supplies, Ink & Toner",6.90875477931522,3.022860940942244,0,1,0,9.320986892063246
4.6,0,0,0,0,0.2,0,0,0,0,1,0,Networking,6.90875477931522,2.771963526845863,0,1,0,10.182481996590344
4.2,0,1,1,0,0.27,0,0,0,0,1,0,Mobile Cell Phones & Smartphones,6.90875477931522,2.771963526845863,0,1,0,9.55831760021172
4.7,0,1,0,0,0.0,0,0,0,0,1,0,Wearables,5.303304908059076,6.801260787283108,1,0,0,5.0369526024136295
4.4,0,1,0,0,0.38,0,0,0,0,1,0,Computer Peripherals,6.2166061010848646,4.836202538722539,0,0,1,6.733401891837359
4.5,0,0,0,0,0.0,0,0,0,0,1,0,"Office Supplies, Ink & Toner",5.303304908059076,6.295063028812576,1,0,0,5.60947179518496
4.7,0,1,0,0,0.27,0,0,0,0,1,0,Tablets & E-readers (DEVICES ONLY),5.303304908059076,6.82544917843306,1,0,0,7.103322062526113
4.7,0,0,0,0,0.0,0,0,0,0,1,0,Cameras & Photography,4.61512051684126,8.232971790593437,1,0,0,5.313205979041787
4.7,0,1,0,0,0.0,0,0,0,0,1,0,Small Gadget Accessories (Cases & Protectors),6.90875477931522,2.9396908826703663,0,1,0,8.99961934066053
4.4,0,1,1,0,0.0,0,0,0,0,1,0,Printers & Scanners (Hardware),5.303304908059076,6.066084887978432,0,0,1,5.961005339623274
4.9,0,1,0,0,0.53,0,0,0,0,1,0,"Office Supplies, Ink & Toner",6.90875477931522,4.087991088249925,0,0,1,6.727431724850855
4.3,0,1,0,0,0.0,0,0,0,0,1,0,Cameras & Photography,6.2166061010848646,4.322143925072504,0,0,1,5.351858133476067
4.8,0,1,1,0,0.0,0,0,0,0,1,0,Cameras & Photography,6.2166061010848646,4.393831680123644,0,0,1,8.848222068371385
4.6,0,0,0,0,0.0,0,0,0,0,1,0,Wearables,0.0,2.4840729690394228,0,1,0,3.218875824868201
4.3,0,1,0,1,0.0,0,0,0,0,1,0,Mobile Cell Phones & Smartphones,6.2166061010848646,5.153002535383178,0,0,1,4.836281906951478
4.6,0,1,0,0,0.0,0,0,0,0,1,0,Small Gadget Accessories (Cases & Protectors),7.601402334583733,2.771963526845863,0,1,0,5.680172609017068
4.0,0,1,1,0,0.2,0,0,0,0,1,0,Small Gadget Accessories (Cases & Protectors),6.90875477931522,3.7133281345162463,0,0,1,7.1372784372603855
4.3,0,1,0,0,0.17,0,0,0,0,1,0,Small Gadget Accessories (Cases & Protectors),6.90875477931522,3.433664571799657,0,0,1,7.641084249174914
4.7,0,1,0,0,0.0,0,0,0,0,1,0,TV & Video Displays,6.90875477931522,2.995232148512309,0,1,0,9.110741006753427
4.5,0,1,0,0,0.0,0,0,0,0,1,0,Cameras & Photography,5.303304908059076,6.618057843716996,0,0,1,5.583496308781699
4.8,0,1,0,0,0.0,0,0,0,0,1,0,"Office Supplies, Ink & Toner",6.90875477931522,3.1350593387750902,0,1,0,7.334981878871814
4.8,0,1,0,0,0.0,0,0,0,0,1,0,Cameras & Photography,5.707110264748875,6.194405391104672,0,0,1,8.636397438894713
4.0,0,0,0,0,0.0,0,0,0,0,1,0,"Office Supplies, Ink & Toner",5.707110264748875,5.5718878370551685,0,0,1,6.60934924316738
4.3,0,0,0,0,0.0,0,0,0,0,1,0,Laptops,5.303304908059076,6.439318421707933,0,0,1,4.158883083359672
4.0,0,0,0,0,0.0,0,0,0,0,1,0,Wearables,6.90875477931522,3.2577118486533987,0,1,0,6.932447891572509
4.7,0,0,0,0,0.11,0,0,0,0,1,0,Video Game Consoles & Virtual Reality,0.0,4.5107496103686,0,0,1,10.372365548494354
4.5,0,0,0,0,0.0,1,0,0,0,0,0,Small Gadget Accessories (Cases & Protectors),6.90875477931522,3.827771452980555,0,0,1,10.467123818934358
4.2,0,1,0,0,0.31,0,0,0,0,1,0,Computer Peripherals,5.707110264748875,5.802088163440325,0,0,1,7.183870715062453
4.6,0,1,0,0,0.0,0,0,0,0,1,0,"Audio, Sound & Recording Gear",6.2166061010848646,4.382026634673881,0,0,1,4.59511985013459
4.8,0,1,0,0,0.0,0,0,0,0,1,0,Small Gadget Accessories (Cases & Protectors),6.90875477931522,2.3504224224082058,0,1,0,8.932212512329214
4.3,0,1,1,0,0.1,0,0,0,0,1,0,TV & Video Displays,6.2166061010848646,4.894925108600803,0,0,1,9.128587870103924
4.7,0,1,0,0,0.25,0,0,0,0,1,0,Small Gadget Accessories (Cases & Protectors),6.90875477931522,3.076851324838783,0,0,1,8.13505390861157
4.2,0,1,0,0,0.23,0,0,0,0,1,0,Mobile Cell Phones & Smartphones,6.90875477931522,3.1350593387750902,0,1,0,8.339739766019143
4.8,0,1,0,0,0.27,0,0,0,0,1,0,PC Components,5.993961427306569,5.252221070655064,0,0,1,7.415175109613295
4.3,0,1,0,0,0.25,0,0,0,0,1,0,"Office Supplies, Ink & Toner",5.993961427306569,4.860199926164623,0,0,1,5.272999558563747
4.4,0,1,0,0,0.0,0,0,0,0,1,0,"Office Supplies, Ink & Toner",6.2166061010848646,5.117933930384341,0,0,1,5.365976015021851
4.4,0,0,0,0,0.0,0,0,0,0,1,0,Video Game Consoles & Virtual Reality,6.2166061010848646,4.875120984409557,0,0,1,7.926963544862978
4.7,0,1,0,0,0.0,0,0,0,0,1,0,Storage & Memory Cards,8.006700845440367,1.5810384379124025,0,1,0,9.038602608721874
4.3,0,1,0,0,0.0,0,0,0,0,1,0,Wearables,5.303304908059076,6.685848462595922,1,0,0,3.49650756146648
4.5,0,1,0,0,0.0,0,0,0,0,1,0,Storage & Memory Cards,5.707110264748875,5.655956845173597,0,0,1,6.448889394146858
3.8,0,1,0,0,0.06,0,0,0,0,1,0,PC Components,5.303304908059076,6.29340079438729,0,0,1,3.9318256327243257
4.4,0,1,0,0,0.2,0,0,0,0,1,0,"Chargers, Adapters & Cables",7.601402334583733,2.217027204632399,0,1,0,9.855924135604518
4.4,0,1,0,0,0.2,0,0,0,0,1,0,Computer Peripherals,6.90875477931522,3.7133281345162463,0,0,1,6.99117688712121
4.7,0,0,0,0,0.0,0,0,0,0,1,0,Networking,5.993961427306569,5.6011958858811,0,0,1,7.353722330399631
4.6,0,0,0,0,0.0,0,0,0,0,1,0,PC Components,5.993961427306569,7.122786010185797,1,0,0,4.718498871295094
4.7,0,1,0,0,0.25,0,0,0,0,1,0,Cameras & Photography,6.2166061010848646,4.795707897553386,0,0,1,5.605802066295998
4.2,0,1,0,0,0.0,0,0,0,0,1,0,Cameras & Photography,4.61512051684126,7.089243155027514,0,0,1,5.187385805840755
4.1,0,1,0,0,0.0,0,0,0,0,1,0,Cameras & Photography,5.303304908059076,6.684611727667927,0,0,1,4.143134726391533
4.4,0,1,0,0,0.07,0,0,0,0,1,0,Printers & Scanners (Hardware),5.707110264748875,6.066084887978432,0,0,1,5.793013608384144
4.7,0,1,0,0,0.3,0,1,0,0,0,0,"Office Supplies, Ink & Toner",6.90875477931522,3.3830334110344844,0,1,0,8.226038429485484
4.3,0,1,0,0,0.07,0,0,0,0,1,0,Networking,6.2166061010848646,5.707077041605631,0,0,1,8.10076824307173
4.6,0,0,0,0,0.0,0,0,0,0,1,0,Computer Peripherals,6.90875477931522,2.716018370751387,0,1,0,8.094073148069352
4.3,0,1,0,0,0.22,0,0,0,0,1,0,Small Gadget Accessories (Cases & Protectors),6.2166061010848646,4.5107496103686,0,0,1,6.150602768446279
4.8,0,1,0,0,0.3,0,0,0,0,1,0,"Office Supplies, Ink & Toner",6.90875477931522,3.7133281345162463,0,0,1,7.147559271189454
4.8,0,1,0,0,0.06,0,0,0,0,1,0,PC Components,5.993961427306569,5.564482092412441,0,0,1,5.983936280687191
4.8,0,1,0,0,0.0,0,0,0,0,1,0,"Office Supplies, Ink & Toner",6.803505257608338,4.006423680849631,0,0,1,8.131824785007195
4.6,0,1,0,0,0.12,0,0,0,0,1,0,Storage & Memory Cards,6.90875477931522,3.295466427029913,0,0,1,8.867145589594143
4.8,0,1,0,0,0.0,0,0,0,0,1,0,"Office Supplies, Ink & Toner",6.90875477931522,3.704260556152239,0,0,1,6.161207321695077
4.4,0,1,0,0,0.0,0,0,0,0,1,0,Small Gadget Accessories (Cases & Protectors),6.90875477931522,3.6373229671995344,0,0,1,9.637110246578176
4.6,0,0,0,0,0.0,0,0,0,0,1,0,Power & Batteries,7.601402334583733,2.301584592660462,0,1,0,9.236397906295473
4.7,0,1,0,0,0.16,0,0,0,0,1,0,"Office Supplies, Ink & Toner",6.68586094706836,4.477223171657469,0,0,1,8.83724564389847
4.4,0,1,0,0,0.23,0,0,0,0,1,0,Mobile Cell Phones & Smartphones,6.90875477931522,3.295466427029913,0,1,0,8.03365842788615
4.7,0,1,0,0,0.0,0,0,0,0,1,0,"Office Supplies, Ink & Toner",6.90875477931522,3.5550623063795967,0,0,1,7.905072849498666
4.5,0,1,0,0,0.0,0,0,0,0,1,0,TV & Video Displays,6.2166061010848646,5.521460917862246,0,0,1,8.527539483470381
4.6,0,1,1,0,0.0,0,0,0,0,1,0,Laptops,6.398594934535208,4.614625344758847,0,1,0,5.147494476813453
4.6,0,1,0,0,0.07,0,0,0,0,1,0,Laptops,6.2166061010848646,5.017213609456379,0,1,0,8.570733958344267
4.5,0,1,0,0,0.0,0,0,0,0,1,0,"Audio, Sound & Recording Gear",6.2166061010848646,5.083203986929092,0,0,1,8.745443680098592
4.5,0,0,0,0,0.0,0,0,0,0,1,0,Power & Batteries,6.398594934535208,4.331259517620229,0,0,1,6.298949246855942
4.4,0,1,0,0,0.25,0,0,0,0,1,0,Computer Peripherals,6.2166061010848646,4.3943256902608985,0,0,1,5.313205979041787
4.6,0,1,1,0,0.38,0,0,0,0,1,0,"Office Supplies, Ink & Toner",6.90875477931522,3.8284239815518326,0,0,1,5.204006687076795
4.4,0,1,0,0,0.0,0,0,0,0,1,0,Wearables,6.2166061010848646,4.8977651703005165,0,0,1,9.038246335337664
3.3,0,0,0,0,0.33,0,0,0,0,1,0,Cameras & Photography,6.90875477931522,4.110709916308365,0,1,0,3.58351893845611
4.4,0,1,0,0,0.0,0,0,0,0,1,0,Laptops,5.993961427306569,5.192623461988973,0,0,1,5.429345628954441
4.2,0,1,0,0,0.0,0,0,0,0,1,0,Cameras & Photography,5.303304908059076,6.549636435979831,0,0,1,4.0943445622221
4.2,0,0,0,0,0.0,0,0,0,0,1,0,Wearables,0.0,1.944480556245719,0,1,0,5.204006687076795
4.7,0,0,0,0,0.0,0,0,0,0,1,0,PC Components,6.2166061010848646,4.6150215020384655,0,0,1,8.035926369891792
4.4,0,1,0,0,0.31,0,0,0,0,1,0,Small Gadget Accessories (Cases & Protectors),6.2166061010848646,4.6150215020384655,0,0,1,6.093569770045136
4.2,0,1,0,0,0.21,0,0,0,0,1,0,Computer Peripherals,6.90875477931522,3.366950942933564,0,1,0,6.016157159698354
4.1,0,0,0,0,0.0,0,0,0,0,1,0,Small Gadget Accessories (Cases & Protectors),6.90875477931522,3.740047740688336,0,0,1,8.865029186687766
4.4,0,0,0,0,0.0,0,0,0,0,1,0,PC Components,5.993961427306569,4.709440107163888,0,0,1,5.771441123130016
4.1,0,1,1,0,0.25,0,0,0,0,1,0,Cameras & Photography,5.993961427306569,4.6150215020384655,0,0,1,7.299797366758161
4.5,0,1,0,0,0.0,0,0,0,0,1,0,"Chargers, Adapters & Cables",6.90875477931522,3.58324112209094,0,0,1,4.564348191467836
4.8,0,1,0,0,0.24,0,0,0,0,1,0,Storage & Memory Cards,6.2166061010848646,5.111927545578128,0,0,1,7.583247524303362
4.3,0,1,0,0,0.63,0,0,0,0,1,0,"Chargers, Adapters & Cables",6.90875477931522,4.110709916308365,0,0,1,6.921658184151129
4.5,0,1,0,0,0.3,0,0,0,0,1,0,Smart Home & Security,5.993961427306569,4.6150215020384655,0,0,1,7.571473648851271
4.6,0,1,0,0,0.23,0,0,0,0,1,0,Other Electronics,6.2166061010848646,5.017213609456379,0,0,1,7.9157131993821155
4.7,0,1,0,0,0.08,0,0,0,0,1,0,"Office Supplies, Ink & Toner",6.2166061010848646,4.8977651703005165,0,0,1,5.66988092298052
4.2,0,0,0,0,0.0,0,0,0,0,1,0,PC Components,6.398594934535208,4.791815714262101,0,0,1,8.729073550451737
4.8,0,1,0,0,0.0,0,0,0,0,1,0,"Chargers, Adapters & Cables",6.90875477931522,2.628285232633348,0,1,0,10.226295426963285
4.6,0,0,0,0,0.0,0,0,0,0,1,0,TV & Video Displays,4.61512051684126,7.003965054029298,1,0,0,4.653960350157523
4.3,0,1,0,0,0.0,0,0,0,0,1,0,Cameras & Photography,5.303304908059076,6.682045938845196,0,0,1,6.137727054086234
4.6,0,1,0,1,0.25,0,0,0,0,1,0,Computer Peripherals,6.90875477931522,3.0440461338325417,0,1,0,12.13230230867893
4.2,0,0,0,0,0.0,0,0,0,0,1,0,"Office Supplies, Ink & Toner",5.303304908059076,6.672032945461067,1,0,0,3.9889840465642745
4.6,0,1,0,0,0.0,0,0,0,0,1,0,Networking,6.2166061010848646,5.117933930384341,0,0,1,6.756932389247553
4.8,0,1,0,0,0.07,0,0,0,0,1,0,Cameras & Photography,4.61512051684126,8.006367567650246,1,0,0,6.22455842927536
4.4,0,1,0,0,0.1,0,0,0,0,1,0,"Audio, Sound & Recording Gear",6.2166061010848646,4.330601752681694,0,0,1,7.669495251007694
4.6,0,1,0,0,0.22,0,0,0,0,1,0,Storage & Memory Cards,6.2166061010848646,4.761318868478023,0,0,1,7.242082359256962
4.4,0,0,0,0,0.0,0,0,0,0,1,0,Computer Peripherals,6.90875477931522,3.671478939433769,0,0,1,11.007153715506917
3.5,0,0,0,0,0.0,0,0,0,0,1,0,"Office Supplies, Ink & Toner",5.993961427306569,4.8629083820668,0,0,1,6.625392368007956
4.4,0,1,0,0,0.0,0,0,0,0,1,0,Cameras & Photography,6.2166061010848646,3.970103216504671,0,1,0,6.976348070447749
4.6,0,1,0,0,0.45,0,0,0,0,1,0,"Office Supplies, Ink & Toner",6.90875477931522,3.447126313550555,0,0,1,7.251344983372214
4.7,0,1,0,0,0.2,0,0,0,0,1,0,"Chargers, Adapters & Cables",4.61512051684126,5.525413097700675,1,0,0,4.219507705176107
4.2,0,1,0,0,0.0,0,0,0,0,1,0,Wearables,6.2166061010848646,5.017213609456379,0,0,1,5.2832037287379885
4.2,0,0,0,0,0.0,0,0,0,0,1,0,"Audio, Sound & Recording Gear",6.2166061010848646,3.3624565533457247,0,1,0,9.376193736062833
4.7,0,1,0,0,0.06,1,0,0,0,0,0,"Office Supplies, Ink & Toner",6.803505257608338,3.8284239815518326,0,0,1,8.104401307921613
4.5,0,1,0,0,0.0,0,0,0,0,1,0,"Chargers, Adapters & Cables",6.90875477931522,2.7073833121145063,0,1,0,8.23403420769204
4.7,0,1,0,0,0.0,0,0,0,0,1,0,Laptops,0.0,6.857503547242996,0,0,1,1.6094379124341005
4.3,0,1,0,0,0.0,0,0,0,0,1,0,Cameras & Photography,5.303304908059076,6.206575926724928,0,0,1,4.90527477843843
4.7,0,0,0,0,0.0,0,0,0,0,1,0,"Office Supplies, Ink & Toner",6.90875477931522,3.4008639927609177,0,1,0,5.950642552587727
4.3,0,0,0,0,0.07,0,0,0,0,1,0,Small Gadget Accessories (Cases & Protectors),6.90875477931522,2.771963526845863,0,1,0,8.629449873761905
4.7,0,1,0,0,0.0,0,0,0,0,1,0,Cameras & Photography,5.993961427306569,5.613128106388071,0,0,1,7.275172319452771
4.7,0,1,0,0,0.08,0,0,0,0,1,0,"Office Supplies, Ink & Toner",5.993961427306569,5.278063637520769,0,0,1,7.76004068088038
4.6,0,1,0,0,0.0,0,0,0,0,1,0,"Office Supplies, Ink & Toner",6.398594934535208,4.515245478460105,0,0,1,8.016317898503415
4.6,0,1,0,0,0.0,0,0,0,0,1,0,"Office Supplies, Ink & Toner",6.90875477931522,3.1350593387750902,0,1,0,8.479283618343016
4.7,0,1,0,0,0.0,0,0,0,0,1,0,"Office Supplies, Ink & Toner",6.90875477931522,3.582129084167056,0,0,1,5.583496308781699
4.2,0,1,0,0,0.0,0,0,0,0,1,0,"Office Supplies, Ink & Toner",5.303304908059076,5.168037823781117,0,0,1,4.430816798843313
4.8,0,0,1,0,0.0,0,0,0,0,1,0,Computer Peripherals,6.90875477931522,3.441058915087286,0,1,0,8.420462002456466
4.4,0,1,0,0,0.17,0,0,0,0,1,0,PC Components,6.2166061010848646,4.795707897553386,0,0,1,6.255750041753367
4.3,0,1,0,0,0.21,0,0,0,0,1,0,"Chargers, Adapters & Cables",6.90875477931522,2.995232148512309,0,0,1,9.04746843900354
4.8,0,1,0,0,0.0,0,0,0,0,1,0,TV & Video Displays,6.90875477931522,3.634687225030509,0,1,0,5.068904202220232
4.3,0,1,0,0,0.0,0,0,0,0,1,0,TV & Video Displays,5.303304908059076,4.962774697744756,0,0,1,6.045005314036012
4.8,0,1,0,0,0.0,0,0,0,0,1,0,Smart Home & Security,6.2166061010848646,4.54944603721573,0,0,1,6.785587645007929
4.3,0,0,0,1,0.13,0,0,0,0,1,0,"Chargers, Adapters & Cables",6.90875477931522,3.177637076851603,0,0,1,7.373374309910049
4.2,0,0,0,0,0.0,0,0,0,0,1,0,Computer Peripherals,6.803505257608338,4.110709916308365,0,0,1,7.876258882303226
4.3,0,1,0,0,0.1,0,0,0,0,1,0,Small Gadget Accessories (Cases & Protectors),6.90875477931522,3.7133281345162463,0,0,1,8.057060681965766
4.6,0,0,0,0,0.0,0,0,0,0,1,0,"Office Supplies, Ink & Toner",5.707110264748875,5.798759265559288,0,0,1,3.80666248977032
4.5,0,1,0,0,0.0,0,0,0,0,1,0,Computer Peripherals,6.90875477931522,3.7133281345162463,0,0,1,6.92461239604856
4.7,0,1,0,0,0.22,0,0,0,0,1,0,Printers & Scanners (Hardware),7.601402334583733,2.301584592660462,0,1,0,9.335297611380566
4.3,0,1,0,0,0.46,0,0,0,0,1,0,"Office Supplies, Ink & Toner",6.90875477931522,4.248495242049359,0,0,1,8.367764677924308
4.5,0,1,0,0,0.18,0,0,0,0,1,0,Storage & Memory Cards,5.303304908059076,6.259562343423234,1,0,0,4.04305126783455
4.7,0,1,0,0,0.15,0,0,0,0,1,0,Storage & Memory Cards,6.90875477931522,3.8709926558701535,0,0,1,8.461469042643875
4.4,0,1,0,0,0.0,0,0,0,0,1,0,Computer Peripherals,5.707110264748875,5.521460917862246,0,0,1,8.387995252944556
4.2,0,1,0,0,0.0,0,0,0,0,1,0,PC Components,6.2166061010848646,5.081342251254203,0,0,1,8.39479954320217
4.7,0,1,0,0,0.2,0,0,0,0,1,0,Computer Peripherals,6.2166061010848646,5.017213609456379,0,0,1,4.859812404361672
4.5,0,0,0,0,0.0,0,0,0,0,1,0,Laptops,5.993961427306569,5.484755438853831,0,0,1,4.465908118654584
4.3,0,1,0,0,0.12,0,0,0,0,1,0,Mobile Cell Phones & Smartphones,6.55250788703459,4.3943256902608985,0,0,1,8.973858256222792
4.3,0,1,0,0,0.0,0,0,0,0,1,0,Computer Peripherals,6.2166061010848646,3.931629535067065,0,0,1,5.123963979403259
4.4,0,0,0,0,0.0,0,0,0,0,1,0,Laptops,5.303304908059076,6.8034830598037,0,0,1,2.6390573296152584
4.0,0,0,0,0,0.3,0,0,0,0,1,0,Computer Peripherals,6.2166061010848646,5.638319081511895,0,0,1,8.715224041915372
4.7,0,1,0,0,0.0,0,0,0,0,1,0,"Chargers, Adapters & Cables",6.90875477931522,3.285786530150828,0,0,1,8.525558107747866
4.5,0,1,0,0,0.1,0,0,0,0,1,0,PC Components,6.2166061010848646,4.6150215020384655,0,0,1,9.582386570538905
4.5,0,1,0,0,0.27,0,0,0,0,1,0,"Audio, Sound & Recording Gear",6.2166061010848646,4.330601752681694,0,0,1,9.266437111328052
4.6,0,1,0,0,0.0,1,0,0,0,0,0,Computer Peripherals,6.2166061010848646,5.081342251254203,0,0,1,5.19295685089021
4.5,0,1,0,0,0.0,0,0,0,0,1,0,Laptops,3.9318256327243257,7.972807337028251,1,0,0,6.318968113746434
4.4,0,0,0,0,0.0,0,0,0,0,1,0,PC Components,5.303304908059076,5.135798437050262,0,0,1,4.477336814478207
4.7,0,1,0,0,0.0,0,0,0,0,1,0,Power & Batteries,6.90875477931522,2.766319109226186,0,0,1,8.928110078202646
4.8,0,1,0,0,0.0,0,0,0,0,1,0,"Office Supplies, Ink & Toner",6.803505257608338,3.588782837575651,0,0,1,6.22455842927536
4.4,0,0,0,0,0.0,0,0,0,0,1,0,"Chargers, Adapters & Cables",5.993961427306569,4.787491742782046,1,0,0,7.68937110752969
4.8,0,1,0,0,0.0,0,0,0,0,1,0,"Chargers, Adapters & Cables",6.90875477931522,2.5289235352047745,0,1,0,9.40079542866686
4.4,0,1,0,0,0.42,0,0,0,0,1,0,"Audio, Sound & Recording Gear",6.2166061010848646,4.262539022051294,0,0,1,10.84093293848268
4.4,0,1,0,0,0.0,0,0,0,0,1,0,"Audio, Sound & Recording Gear",5.707110264748875,5.241217774507464,0,0,1,5.14166355650266
4.6,0,1,0,0,0.25,0,0,0,0,1,0,"Audio, Sound & Recording Gear",5.993961427306569,5.241482429795498,0,0,1,7.993282328101591
4.5,0,1,0,0,0.25,0,0,0,0,1,0,Storage & Memory Cards,7.601402334583733,2.771963526845863,0,1,0,10.374178445562
4.4,0,1,0,0,0.17,0,1,0,0,0,0,PC Components,7.601402334583733,2.301584592660462,0,1,0,9.346530726426447
4.6,0,0,0,0,0.05,0,0,0,0,1,0,TV & Video Displays,5.707110264748875,5.66988092298052,0,0,1,7.2115567333138015
4.4,0,1,0,0,0.17,0,0,0,0,1,0,Laptops,5.993961427306569,5.398117451625214,0,0,1,5.41164605185504
4.7,0,0,0,0,0.0,0,0,0,0,1,0,Storage & Memory Cards,5.993961427306569,5.817021870262712,0,0,1,6.80128303447162
4.7,0,1,0,0,0.0,0,0,0,0,1,0,"Office Supplies, Ink & Toner",6.398594934535208,4.482889551279259,0,0,1,8.455743229100015
4.6,0,1,0,0,0.0,0,0,0,0,1,0,"Audio, Sound & Recording Gear",6.2166061010848646,5.036692828415545,0,0,1,5.598421958998375
4.7,0,1,0,0,0.0,0,0,0,0,1,0,Computer Peripherals,6.90875477931522,3.1970391302590264,0,1,0,7.4205789054108
4.7,0,1,0,0,0.0,0,0,0,0,1,0,"Chargers, Adapters & Cables",7.601402334583733,2.145931282948669,0,1,0,11.360391810386009
4.7,0,0,1,0,0.0,0,0,0,0,1,0,"Office Supplies, Ink & Toner",6.90875477931522,3.12324559385295,0,1,0,6.865891074883439
4.4,0,1,0,0,0.0,0,0,0,0,1,0,PC Components,3.9318256327243257,7.4960917926896915,1,0,0,2.9444389791664403
4.4,0,1,0,0,0.0,0,0,0,0,1,0,TV & Video Displays,6.2166061010848646,3.8471644330796497,0,1,0,7.86480400332846
4.6,0,1,0,0,0.0,0,0,0,0,1,0,Laptops,4.61512051684126,7.544332108053688,1,0,0,1.9459101490553128
4.4,0,1,1,0,0.25,0,0,0,0,1,0,Wearables,5.993961427306569,5.30325515557766,0,0,1,6.70073110954781
4.7,0,1,0,0,0.07,0,0,0,0,1,0,Cameras & Photography,6.2166061010848646,4.261975403606051,0,1,0,7.398174092970465
4.5,0,1,0,0,0.3,0,0,0,0,1,0,TV & Video Displays,6.2166061010848646,3.8284239815518326,0,1,0,7.938445551164788
4.6,0,1,0,0,0.24,0,0,0,0,1,0,Computer Peripherals,6.2166061010848646,5.3518107389880365,0,0,1,6.572282542694008
4.0,0,1,0,0,0.17,0,0,0,0,1,0,Smart Home & Security,5.707110264748875,4.795707897553386,0,0,1,5.056245805348308
4.5,0,1,0,0,0.13,0,0,0,0,1,0,Wearables,5.707110264748875,5.525413097700675,0,0,1,8.024207485778577
4.6,0,0,0,0,0.1,0,0,0,0,1,0,"Chargers, Adapters & Cables",7.601402334583733,2.39698576841553,0,1,0,8.074649075066652
4.5,0,1,1,0,0.0,0,0,0,0,1,0,TV & Video Displays,5.303304908059076,4.976664774525102,0,0,1,7.618742377670413
4.7,0,0,0,0,0.2,0,0,0,0,1,0,"Chargers, Adapters & Cables",7.601402334583733,2.39698576841553,0,1,0,6.059123195581797
4.4,0,0,0,0,0.0,0,0,0,0,1,0,Computer Peripherals,6.2166061010848646,4.110709916308365,0,0,1,6.595780513961311
3.6,0,1,0,0,0.29,0,0,0,0,1,0,Networking,6.90875477931522,3.931629535067065,0,1,0,5.934894195619588
4.7,0,0,0,0,0.0,0,0,0,0,1,0,Storage & Memory Cards,6.2166061010848646,4.668708206792079,0,0,1,11.324509374175076
4.3,0,1,0,0,0.17,0,0,0,0,1,0,Networking,5.707110264748875,6.398578295461671,1,0,0,7.074963197966044
4.5,0,1,0,0,0.1,0,0,0,0,1,0,Laptops,5.993961427306569,4.948759890378168,0,1,0,8.017966703493599
4.0,0,0,0,0,0.0,0,0,0,0,1,0,Networking,5.303304908059076,7.0576139039628565,1,0,0,6.725033642166843
4.7,0,1,0,0,0.0,0,0,0,0,1,0,"Office Supplies, Ink & Toner",6.2166061010848646,4.952229043207861,0,0,1,6.635946555686647
4.3,0,0,0,0,0.0,0,0,0,0,1,0,TV & Video Displays,6.2166061010848646,4.5107496103686,0,0,1,6.939253946041508
3.9,0,0,1,0,0.0,0,0,0,0,1,0,"Office Supplies, Ink & Toner",5.303304908059076,5.827532855425618,1,0,0,7.242797922793756
4.2,0,0,0,0,0.0,0,0,0,0,1,0,Wearables,6.2166061010848646,3.931629535067065,0,0,1,7.087573705557973
4.5,0,1,0,0,0.11,0,0,0,0,1,0,Small Gadget Accessories (Cases & Protectors),6.90875477931522,3.193763124053125,0,0,1,9.57941808263196
4.7,0,0,0,0,0.0,0,0,0,0,1,0,Cameras & Photography,5.303304908059076,6.214608098422191,0,0,1,7.146772179452637
4.6,0,1,0,0,0.0,0,0,0,0,1,0,Cameras & Photography,5.993961427306569,5.010635294096256,0,0,1,5.293304824724492
4.8,0,1,0,0,0.55,0,0,0,0,1,0,"Office Supplies, Ink & Toner",6.90875477931522,4.059062748077461,0,0,1,7.484930283289661
4.1,0,1,1,0,0.22,0,0,0,0,1,0,Printers & Scanners (Hardware),5.303304908059076,6.803494158767612,1,0,0,6.663132695990803
4.2,0,1,0,0,0.1,0,0,0,0,1,0,Computer Peripherals,5.993961427306569,5.30325515557766,0,0,1,7.549082710812286
3.8,0,0,0,0,0.0,0,0,0,0,1,0,Computer Peripherals,6.90875477931522,3.688629422858727,0,0,1,7.060476365999801
3.7,0,0,1,0,0.0,0,0,0,0,1,0,Printers & Scanners (Hardware),4.61512051684126,6.234410725718371,0,0,1,6.52795791762255
4.5,0,1,0,0,0.17,0,0,0,0,1,0,Printers & Scanners (Hardware),5.993961427306569,5.707077041605631,0,0,1,7.22983877815125
4.7,0,1,0,0,0.0,0,0,0,0,1,0,"Office Supplies, Ink & Toner",6.55250788703459,4.195395806291828,0,0,1,8.703672758358856
4.5,0,1,0,0,0.05,0,0,0,0,1,0,"Audio, Sound & Recording Gear",6.398594934535208,4.499809670330265,0,0,1,9.970538539785736
4.8,0,1,0,0,0.0,0,0,0,0,1,0,"Audio, Sound & Recording Gear",5.707110264748875,5.247024072160486,0,0,1,8.131824785007195
4.7,0,1,0,1,0.0,0,0,0,0,1,0,Cameras & Photography,4.61512051684126,7.1853870155804165,0,0,1,5.356586274672012
4.7,0,1,0,0,0.0,0,0,0,0,1,0,"Chargers, Adapters & Cables",7.601402334583733,1.9387416595767009,0,1,0,11.477598760315262
3.8,1,1,0,0,0.0,0,0,0,0,1,0,"Chargers, Adapters & Cables",3.9318256327243257,4.261975403606051,0,0,1,4.30406509320417
4.3,0,1,0,0,0.18,0,0,0,0,1,0,Laptops,5.707110264748875,5.634789603169249,0,0,1,7.976938756959434
4.8,0,1,0,0,0.05,0,0,0,0,1,0,Cameras & Photography,5.993961427306569,4.708989514627088,0,0,1,7.325807502595773
4.3,0,1,0,0,0.16,0,0,0,0,1,0,Computer Peripherals,6.2166061010848646,3.931629535067065,0,0,1,8.268475388982598
3.8,0,0,1,0,0.0,0,0,0,0,1,0,Printers & Scanners (Hardware),5.707110264748875,5.560681631015528,0,0,1,6.548219102762372
3.8,0,1,0,0,0.06,0,0,0,0,1,0,"Audio, Sound & Recording Gear",5.993961427306569,5.184140321485637,0,0,1,4.787491742782046
4.5,0,1,0,0,0.3,0,0,0,0,1,0,"Audio, Sound & Recording Gear",6.2166061010848646,4.709530201312334,0,0,1,7.377758908227872
4.6,0,1,0,0,0.08,0,0,0,0,1,0,"Office Supplies, Ink & Toner",6.398594934535208,4.521679875489066,0,0,1,6.76849321164863
4.7,0,1,0,0,0.0,0,0,0,0,1,0,"Chargers, Adapters & Cables",7.601402334583733,2.2502386126218363,0,1,0,8.446985296372741
4.3,0,1,0,0,0.17,0,0,0,0,1,0,Tablets & E-readers (DEVICES ONLY),5.303304908059076,5.564482092412441,0,0,1,6.061456918928017
4.8,0,1,1,0,0.0,0,0,0,0,1,0,"Office Supplies, Ink & Toner",6.90875477931522,2.7212954278522306,0,1,0,8.769351707798972
4.5,0,1,0,0,0.0,0,0,0,0,1,0,Laptops,6.90875477931522,3.433664571799657,0,1,0,5.8944028342648505
3.9,0,1,0,0,0.0,0,0,0,0,1,0,TV & Video Displays,6.2166061010848646,5.141605075260502,0,0,1,7.347299700743164
4.4,0,0,0,0,0.09,0,0,0,0,1,0,PC Components,0.0,4.709440107163888,0,0,1,8.717845704894916
4.7,0,0,0,0,0.0,0,0,0,0,1,0,"Chargers, Adapters & Cables",6.2166061010848646,4.144879235596148,0,0,1,4.543294782270004
4.5,0,1,0,0,0.41,0,0,0,0,1,0,"Office Supplies, Ink & Toner",6.55250788703459,3.433664571799657,0,0,1,5.476463551931511
4.2,0,0,0,0,0.0,0,0,0,0,1,0,Mobile Cell Phones & Smartphones,5.303304908059076,6.369900982828227,1,0,0,4.143134726391533
4.5,0,0,0,0,0.0,0,0,0,0,1,0,Computer Peripherals,6.90875477931522,2.7013612129514133,0,1,0,8.776321456449958
4.6,0,0,0,0,0.0,0,0,0,0,1,0,Computer Peripherals,6.90875477931522,2.8326249356838407,0,1,0,8.255568653283746
4.6,0,1,0,0,0.1,0,0,0,0,1,0,Other Electronics,6.2166061010848646,4.875120984409557,0,0,1,7.4205789054108
4.4,0,1,0,0,0.37,0,0,0,0,1,0,"Chargers, Adapters & Cables",6.90875477931522,3.433664571799657,0,0,1,4.990432586778736
4.7,0,1,0,0,0.12,0,0,0,0,1,0,"Office Supplies, Ink & Toner",6.68586094706836,3.950859029213344,0,0,1,5.455321115357702
4.1,0,1,0,0,0.22,0,0,0,0,1,0,PC Components,4.61512051684126,7.24493440855279,1,0,0,3.091042453358316
4.6,0,0,0,0,0.0,0,0,0,0,1,0,Small Gadget Accessories (Cases & Protectors),5.993961427306569,4.97576775876718,0,0,1,8.27308133366583
4.5,0,1,0,0,0.0,0,0,0,0,1,0,PC Components,5.303304908059076,6.3647335449998295,0,0,1,2.995732273553991
4.4,0,0,0,0,0.0,0,0,0,0,1,0,Networking,6.2166061010848646,4.628789051586725,0,0,1,6.150602768446279
4.6,0,1,0,0,0.0,0,0,0,0,1,0,"Office Supplies, Ink & Toner",6.90875477931522,3.4647979630717503,0,0,1,7.085064293952548
4.0,0,1,0,0,0.0,0,0,0,0,1,0,TV & Video Displays,5.993961427306569,5.30325515557766,0,0,1,7.91644286012226
4.1,0,1,0,0,0.11,0,0,0,0,1,0,Wearables,6.90875477931522,3.0440461338325417,0,1,0,9.365633256382218
4.7,0,1,1,0,0.0,0,0,0,0,1,0,"Office Supplies, Ink & Toner",6.55250788703459,3.967836070247359,0,0,1,7.863266724009573
4.7,0,1,0,0,0.0,0,0,0,0,1,0,PC Components,5.993961427306569,5.049791902630777,0,0,1,7.940583827104244
4.3,0,0,0,0,0.0,0,0,0,0,1,0,TV & Video Displays,5.303304908059076,6.270988431858299,0,0,1,6.810142450115136
4.6,0,1,0,0,0.12,0,0,0,0,1,0,Cameras & Photography,4.61512051684126,7.824425938674578,1,0,0,4.736198448394496
4.0,0,0,0,0,0.28,0,0,0,0,1,0,TV & Video Displays,6.2166061010848646,4.248352374701448,0,1,0,7.891330757661889
5.0,1,1,1,0,0.0,0,0,0,0,1,0,Small Gadget Accessories (Cases & Protectors),0.0,3.432372999130605,0,0,1,0.6931471805599453
4.3,1,1,0,1,0.0,0,0,0,0,1,0,"Audio, Sound & Recording Gear",0.0,4.262539022051294,0,0,1,3.044522437723423
4.4,0,1,0,0,0.29,0,0,0,0,1,0,TV & Video Displays,5.707110264748875,5.860757733031528,0,0,1,5.91350300563827
4.6,0,0,0,0,0.08,0,0,0,0,1,0,Small Gadget Accessories (Cases & Protectors),6.90875477931522,3.218475744846861,0,0,1,6.851184927493743
4.6,0,1,0,0,0.0,0,0,0,0,1,0,Wearables,7.601402334583733,2.301584592660462,0,1,0,8.867427438524983
4.5,0,1,0,0,0.3,0,0,0,0,1,0,"Chargers, Adapters & Cables",6.90875477931522,3.2335673736111907,0,0,1,8.91811465947453
4.7,0,0,0,0,0.0,0,0,0,0,1,0,PC Components,5.707110264748875,4.809579339246051,0,0,1,6.453624998892692
4.1,0,1,0,0,0.0,0,0,0,0,1,0,Smart Home & Security,6.2166061010848646,3.931629535067065,0,0,1,8.143226750367445
4.6,0,1,0,0,0.07,0,0,0,0,1,0,Cameras & Photography,6.2166061010848646,3.8918202981106265,0,1,0,6.697034247666484
4.3,0,0,0,0,0.0,0,0,0,0,1,0,"Audio, Sound & Recording Gear",6.2166061010848646,4.3943256902608985,0,0,1,5.0369526024136295
4.7,0,1,0,0,0.0,0,0,0,0,1,0,"Office Supplies, Ink & Toner",6.90875477931522,3.332204510175204,0,1,0,9.332026890232784
4.6,0,1,0,0,0.0,0,0,0,0,1,0,"Audio, Sound & Recording Gear",6.2166061010848646,3.8823882002984553,0,1,0,6.396929655216146
4.6,0,1,0,0,0.0,0,0,0,0,1,0,TV & Video Displays,5.303304908059076,5.288216524368608,0,0,1,3.4657359027997265
4.2,0,0,0,0,0.0,1,0,0,0,0,0,PC Components,4.61512051684126,7.808318986993934,1,0,0,3.713572066704308
4.1,0,1,0,0,0.25,0,0,0,0,1,0,TV & Video Displays,5.303304908059076,6.683348430043398,0,0,1,5.7745515455444085
4.7,0,1,0,0,0.31,0,0,0,0,1,0,Smart Home & Security,5.707110264748875,5.225746673713202,0,0,1,7.195187320178709
4.7,0,1,0,0,0.06,0,0,0,0,1,0,PC Components,5.993961427306569,5.075111313280621,0,0,1,5.802118375377063
4.5,0,0,0,0,0.0,0,0,0,0,1,0,Cameras & Photography,4.61512051684126,6.779921907472252,0,0,1,4.248495242049359
4.4,0,1,0,0,0.0,0,0,0,0,1,0,Computer Peripherals,5.707110264748875,6.042609080431154,1,0,0,5.998936561946683
4.1,0,1,0,0,0.0,0,0,0,0,1,0,Mobile Cell Phones & Smartphones,6.90875477931522,2.3978952727983707,0,1,0,6.635946555686647
4.2,0,0,0,0,0.05,0,0,0,0,1,0,Video Game Consoles & Virtual Reality,6.55250788703459,4.248495242049359,0,0,1,7.591861714889934
4.1,0,1,0,0,0.23,0,0,0,0,1,0,Storage & Memory Cards,5.993961427306569,5.564482092412441,0,0,1,7.048386408721883
4.4,0,1,0,0,0.14,0,0,0,0,1,0,Computer Peripherals,6.2166061010848646,4.3943256902608985,0,0,1,6.648984550024776
5.0,0,0,0,0,0.0,0,0,0,0,1,0,Cameras & Photography,4.61512051684126,7.4377951216719325,0,0,1,0.6931471805599453
0.0,1,1,0,0,0.19,0,0,0,0,1,0,TV & Video Displays,0.0,5.916175108066267,0,0,1,0.0
4.6,0,0,0,0,0.33,0,0,0,0,1,0,Power & Batteries,6.90875477931522,3.8284239815518326,0,0,1,7.470224135899966
2.4,0,1,0,0,0.0,0,0,0,0,1,0,Storage & Memory Cards,5.303304908059076,6.463013856174954,1,0,0,2.5649493574615367
4.2,0,1,1,0,0.0,1,0,0,0,0,0,Wearables,5.707110264748875,5.30325515557766,0,0,1,8.359603270841466
4.3,0,1,0,0,0.21,0,0,0,0,1,0,Storage & Memory Cards,5.993961427306569,5.111927545578128,0,0,1,7.292337176173877
4.7,0,1,0,0,0.2,0,0,0,0,1,0,Other Electronics,5.707110264748875,5.521460917862246,0,0,1,9.638414622945206
4.3,0,1,0,0,0.0,0,0,0,0,1,0,"Audio, Sound & Recording Gear",5.993961427306569,5.03999990272616,0,0,1,7.3031700512368
4.6,0,0,0,0,0.23,0,0,0,0,1,0,Computer Peripherals,6.90875477931522,3.295466427029913,0,1,0,8.10832229017324
4.7,0,1,0,0,0.0,0,0,0,0,1,0,Power & Batteries,6.90875477931522,3.255786178888298,0,0,1,7.821242083523558
4.2,0,1,1,0,0.12,0,0,0,0,1,0,"Office Supplies, Ink & Toner",6.90875477931522,2.8903717578961645,0,1,0,10.900823566261408
4.7,0,0,0,0,0.0,0,0,0,0,1,0,PC Components,6.2166061010848646,4.929352929476567,0,0,1,6.395261598115449
4.4,0,1,0,0,0.0,0,0,0,0,1,0,Computer Peripherals,5.993961427306569,5.420490750505713,0,0,1,7.951207156472972
4.4,0,1,0,0,0.0,0,0,0,0,1,0,Smart Home & Security,5.993961427306569,5.19844178112078,0,0,1,7.544861068658458
4.1,0,1,1,0,0.0,0,0,0,0,1,0,Computer Peripherals,6.2166061010848646,4.610555658264429,0,0,1,8.286521373681236
4.5,0,1,0,1,0.0,0,0,0,0,1,0,"Chargers, Adapters & Cables",6.2166061010848646,3.931629535067065,0,0,1,9.341982481027898
4.6,0,1,0,0,0.1,0,0,0,0,1,0,Computer Peripherals,5.993961427306569,4.6150215020384655,0,0,1,6.580639137284949
4.6,0,1,0,0,0.0,0,0,0,0,1,0,"Chargers, Adapters & Cables",6.2166061010848646,3.3250360206965914,0,0,1,6.439350371100098
4.7,0,1,0,0,0.0,0,0,0,0,1,0,"Office Supplies, Ink & Toner",6.803505257608338,3.588782837575651,0,0,1,6.349138991379798
4.7,0,0,1,0,0.0,0,0,0,0,1,0,"Office Supplies, Ink & Toner",6.803505257608338,3.929666440600741,0,0,1,8.350429973538136
4.6,0,1,0,0,0.0,0,0,0,0,1,0,Laptops,6.90875477931522,2.9439125248241944,0,1,0,6.525029657843462
4.6,0,1,0,0,0.0,0,0,0,0,1,0,PC Components,5.707110264748875,4.912581353620868,0,0,1,6.481577129276431
4.4,0,1,0,0,0.16,0,0,0,0,1,0,Cameras & Photography,6.2166061010848646,4.770260805853684,0,0,1,3.1354942159291497
4.5,0,1,0,0,0.0,0,0,0,0,1,0,Computer Peripherals,5.707110264748875,5.70694413799378,0,0,1,6.520621127558696
4.6,0,1,1,0,0.0,0,0,0,0,1,0,Small Gadget Accessories (Cases & Protectors),6.90875477931522,3.177637076851603,0,0,1,6.647688373563329
4.6,0,1,0,0,0.0,0,0,0,0,1,0,Laptops,5.303304908059076,6.887552571664617,0,0,1,3.4657359027997265
3.9,0,1,0,0,0.0,0,0,0,0,1,0,PC Components,6.2166061010848646,4.875120984409557,0,0,1,5.963579343618446
4.4,0,1,0,0,0.0,0,0,0,0,1,0,"Audio, Sound & Recording Gear",6.90875477931522,2.479894107964456,0,1,0,9.447781227991216
4.6,0,1,0,0,0.0,0,0,0,0,1,0,Computer Peripherals,6.2166061010848646,4.245490733029061,0,0,1,9.426821780416844
4.6,0,1,0,0,0.1,0,0,0,0,1,0,Small Gadget Accessories (Cases & Protectors),6.90875477931522,3.366950942933564,0,0,1,8.648747631156539
4.8,0,0,0,0,0.0,0,0,0,0,1,0,PC Components,6.2166061010848646,4.927181218763463,0,0,1,9.154087430425385
4.5,0,1,1,0,0.2,0,0,0,0,1,0,Small Gadget Accessories (Cases & Protectors),6.90875477931522,3.0440461338325417,0,1,0,8.83346272071993
4.7,0,1,0,0,0.22,0,0,0,0,1,0,Other Electronics,6.2166061010848646,3.828641396489095,0,0,1,8.814776088545281
4.2,0,1,0,0,0.0,0,0,0,0,1,0,Mobile Cell Phones & Smartphones,5.707110264748875,4.875120984409557,0,0,1,4.990432586778736
4.4,0,1,1,0,0.0,0,0,0,0,1,0,Mobile Cell Phones & Smartphones,6.90875477931522,3.417726683613366,0,1,0,8.60611940061064
3.5,0,1,0,0,0.0,0,0,0,0,1,0,"Audio, Sound & Recording Gear",6.2166061010848646,5.30325515557766,0,0,1,2.772588722239781
4.4,0,1,0,0,0.12,1,0,0,0,0,0,Storage & Memory Cards,5.707110264748875,5.252221070655064,0,0,1,5.84354441703136
4.3,0,0,1,0,0.0,0,0,0,0,1,0,Wearables,6.90875477931522,3.556204837209396,0,1,0,9.058237593766226
4.4,0,1,0,0,0.0,0,0,0,0,1,0,Smart Home & Security,6.2166061010848646,3.8284239815518326,0,0,1,7.803843303538772
4.6,0,1,0,0,0.07,0,0,0,0,1,0,"Office Supplies, Ink & Toner",6.398594934535208,4.375631227585021,0,0,1,8.304742269640771
4.2,0,1,0,0,0.0,0,0,0,0,1,0,Computer Peripherals,6.2166061010848646,4.867534450455582,0,0,1,6.498282149476434
4.7,0,0,0,1,0.18,0,0,0,0,1,0,TV & Video Displays,6.90875477931522,2.8898160479624417,0,1,0,7.776535028185241
4.2,0,1,0,0,0.17,0,0,0,0,1,0,Wearables,6.90875477931522,3.433664571799657,0,1,0,9.322865162818028
4.5,0,1,0,0,0.21,0,0,0,0,1,0,Small Gadget Accessories (Cases & Protectors),6.2166061010848646,3.783962335360629,0,0,1,7.914617709040679
4.6,0,1,0,0,0.0,0,0,0,0,1,0,TV & Video Displays,5.707110264748875,5.141605075260502,0,0,1,7.888334500738654
4.2,0,1,0,1,0.0,0,0,0,0,1,0,"Chargers, Adapters & Cables",5.707110264748875,5.302608147965193,1,0,0,8.035926369891792
4.8,0,1,0,0,0.0,0,0,0,0,1,0,PC Components,6.2166061010848646,4.9124342731675945,0,0,1,8.111928063310739
4.3,0,0,0,0,0.0,0,0,0,0,1,0,PC Components,5.707110264748875,5.081342251254203,0,0,1,6.658011045870748
4.6,0,1,0,0,0.0,0,0,0,0,1,0,Other Electronics,6.2166061010848646,4.450736132681027,0,0,1,8.241703159729818
4.0,0,1,0,0,0.0,0,0,0,0,1,0,Power & Batteries,5.707110264748875,4.795707897553386,1,0,0,6.650279048587422
4.8,0,1,0,0,0.0,0,0,0,0,1,0,Laptops,6.90875477931522,2.532902848056256,0,1,0,8.58839695042257
4.4,0,1,0,0,0.0,0,0,0,0,1,0,Wearables,6.90875477931522,2.63834278867739,0,1,0,4.290459441148391
4.6,0,1,0,0,0.14,0,0,0,0,1,0,Laptops,6.2166061010848646,4.119037174812473,0,1,0,9.374837343857584
4.2,0,1,0,0,0.33,0,0,0,0,1,0,"Audio, Sound & Recording Gear",6.90875477931522,3.970103216504671,0,0,1,8.14757773620177
4.6,0,0,0,0,0.05,0,0,0,0,1,0,Laptops,6.90875477931522,3.6373229671995344,0,1,0,4.955827057601261
4.4,0,1,0,0,0.0,0,0,0,0,1,0,TV & Video Displays,5.993961427306569,5.141605075260502,0,0,1,6.914730892718563
4.4,0,0,0,0,0.0,0,0,0,0,1,0,Computer Peripherals,6.68586094706836,4.080583646972063,0,0,1,8.47782846789396
4.7,0,1,0,0,0.17,0,0,0,0,1,0,Storage & Memory Cards,6.2166061010848646,4.262539022051294,0,0,1,12.20406563282691
4.3,0,1,0,0,0.25,0,0,0,0,1,0,Mobile Cell Phones & Smartphones,5.993961427306569,4.709440107163888,0,0,1,7.238496840894365
4.3,0,1,0,0,0.0,0,0,0,0,1,0,Cameras & Photography,4.61512051684126,6.887552571664617,0,0,1,2.772588722239781
4.6,0,0,0,0,0.0,0,0,0,0,1,0,Wearables,4.61512051684126,6.511700752128134,1,0,0,5.6937321388027
4.7,0,0,0,0,0.48,0,0,0,0,1,0,Laptops,0.0,3.713572066704308,0,1,0,8.631057447565285
4.4,0,1,0,0,0.1,0,0,0,0,1,0,Small Gadget Accessories (Cases & Protectors),6.2166061010848646,4.262539022051294,0,0,1,7.482681828154651
4.6,0,1,1,0,0.15,0,0,0,0,1,0,"Audio, Sound & Recording Gear",6.2166061010848646,4.867534450455582,0,0,1,7.150701457592526
4.4,0,1,0,0,0.0,0,0,0,0,1,0,"Office Supplies, Ink & Toner",6.90875477931522,3.1350593387750902,0,1,0,6.361302477572996
4.3,0,1,0,1,0.0,0,1,0,0,0,0,"Audio, Sound & Recording Gear",6.90875477931522,2.301584592660462,0,1,0,10.580225840562024
4.4,0,0,0,0,0.0,0,0,0,0,1,0,Laptops,5.303304908059076,6.5235476217538855,0,0,1,5.43372200355424
5.0,0,1,0,0,0.0,0,0,0,0,1,0,PC Components,4.61512051684126,6.566658365006723,1,0,0,2.19722457733622
4.5,0,0,0,0,0.0,0,0,0,0,1,0,Computer Peripherals,6.2166061010848646,3.93963817246112,0,0,1,9.266909723464076
4.6,0,0,0,0,0.0,0,0,0,0,1,0,Laptops,5.303304908059076,6.617402977974478,0,0,1,4.859812404361672
4.4,0,1,0,0,0.1,0,0,0,0,1,0,"Audio, Sound & Recording Gear",6.398594934535208,4.709079649378603,0,0,1,7.535830462798367
4.8,0,1,0,0,0.22,0,0,0,0,1,0,Small Gadget Accessories (Cases & Protectors),6.90875477931522,2.6239436918052106,0,1,0,7.768533300926033
4.7,0,0,0,0,0.0,0,0,0,0,1,0,Computer Peripherals,6.2166061010848646,5.30325515557766,0,0,1,7.655864017616056
4.8,0,1,0,0,0.34,0,0,0,0,1,0,"Office Supplies, Ink & Toner",6.90875477931522,3.7133281345162463,0,0,1,8.879193928110318
4.6,0,1,0,0,0.0,0,0,0,0,1,0,"Office Supplies, Ink & Toner",6.55250788703459,4.331391018705302,0,0,1,7.700295203420117
4.3,0,1,0,0,0.0,0,0,0,0,1,0,Storage & Memory Cards,5.993961427306569,5.19844178112078,0,0,1,7.717351272185329
4.2,0,1,0,0,0.2,0,0,0,0,1,0,Computer Peripherals,6.2166061010848646,4.610058220060867,0,0,1,7.233455418621439
4.6,0,1,0,0,0.12,0,0,0,0,1,0,Computer Peripherals,6.2166061010848646,4.054390246715068,0,0,1,8.320448113956559
3.7,0,0,0,0,0.0,0,0,0,0,1,0,Smart Home & Security,0.0,4.614823443016229,0,0,1,1.791759469228055
4.8,0,1,0,0,0.0,0,0,0,0,1,0,Cameras & Photography,7.601402334583733,2.4840729690394228,0,1,0,10.561887996766238
4.3,0,0,0,0,0.0,0,0,0,0,1,0,Cameras & Photography,5.303304908059076,6.112464624753488,0,0,1,8.226573474977114
4.7,0,0,0,0,0.0,0,0,0,0,1,0,Cameras & Photography,5.993961427306569,5.393627546352362,0,0,1,7.611842399580417
0.0,0,0,0,0,0.0,0,0,0,0,1,0,"Audio, Sound & Recording Gear",0.0,5.860757733031528,0,0,1,0.0
4.6,0,0,0,0,0.0,0,0,0,0,1,0,"Office Supplies, Ink & Toner",6.2166061010848646,4.142975983633837,0,0,1,7.899153483343097
4.4,0,0,0,0,0.0,0,0,0,0,1,0,PC Components,6.2166061010848646,4.556400021618662,0,1,0,6.739336627357174
4.0,0,1,0,0,0.12,0,0,0,0,1,0,Smart Home & Security,6.2166061010848646,4.713665782141391,0,0,1,7.059617628291383
4.4,0,0,0,0,0.0,0,1,0,0,0,0,"Audio, Sound & Recording Gear",6.398594934535208,4.500809170663349,0,0,1,6.608000625296087
4.7,0,1,0,0,0.17,0,0,0,0,1,0,"Office Supplies, Ink & Toner",6.2166061010848646,3.610917912644224,0,0,1,8.978156076009824
4.2,0,1,0,0,0.0,0,0,0,0,1,0,"Chargers, Adapters & Cables",6.398594934535208,3.931629535067065,0,0,1,7.594381242551817
4.8,0,1,0,0,0.0,0,0,0,0,1,0,Cameras & Photography,4.61512051684126,8.00603417874901,1,0,0,5.420534999272286
4.5,0,0,0,0,0.0,0,0,0,0,1,0,"Office Supplies, Ink & Toner",6.90875477931522,2.9439125248241944,0,1,0,8.15507488781144
4.4,0,0,0,0,0.0,0,0,0,0,1,0,TV & Video Displays,5.707110264748875,5.141605075260502,0,0,1,7.373374309910049
4.4,0,1,0,0,0.0,0,0,0,0,1,0,TV & Video Displays,5.303304908059076,5.846438775057725,0,0,1,3.1780538303479458
4.7,0,0,0,0,0.0,0,0,0,0,1,0,"Office Supplies, Ink & Toner",5.993961427306569,5.117334912755312,0,0,1,6.680854678790215
4.2,0,0,0,0,0.22,0,0,0,0,1,0,"Audio, Sound & Recording Gear",6.2166061010848646,4.5107496103686,0,0,1,5.181783550292085
3.9,0,1,0,0,0.06,0,0,0,0,1,0,Mobile Cell Phones & Smartphones,5.993961427306569,5.017213609456379,0,0,1,6.881411303642535
4.2,0,0,0,0,0.0,0,0,0,0,1,0,Storage & Memory Cards,5.707110264748875,4.836202538722539,0,0,1,6.812345094177479
4.8,0,1,0,0,0.0,0,0,0,0,1,0,PC Components,6.2166061010848646,3.817492521581913,0,1,0,8.700680734850161
4.6,0,1,0,0,0.0,0,0,0,0,1,0,Small Gadget Accessories (Cases & Protectors),6.2166061010848646,3.931629535067065,0,0,1,6.994849985833071
4.4,0,1,0,0,0.0,0,0,0,0,1,0,TV & Video Displays,6.2166061010848646,2.659559991941776,0,1,0,7.10002716662926
4.6,0,0,0,0,0.23,0,0,0,0,1,0,Computer Peripherals,6.2166061010848646,4.18950321539533,0,0,1,5.420534999272286
4.7,0,0,0,0,0.0,0,0,0,0,1,0,"Audio, Sound & Recording Gear",5.707110264748875,5.991464547107982,0,0,1,7.229113877793302
4.7,0,0,0,0,0.0,0,0,0,0,1,0,Small Gadget Accessories (Cases & Protectors),5.993961427306569,5.5899416582324415,1,0,0,9.73109652441908
4.4,0,0,1,0,0.0,0,0,0,0,1,0,"Office Supplies, Ink & Toner",4.61512051684126,6.014814795716197,1,0,0,4.127134385045092
4.5,0,1,0,0,0.0,0,0,0,0,1,0,Computer Peripherals,6.2166061010848646,4.5107496103686,0,0,1,7.257002707092073
4.5,0,1,0,0,0.0,0,0,0,0,1,0,"Office Supplies, Ink & Toner",6.803505257608338,3.474757584770184,0,0,1,6.180016653652572
4.3,0,1,0,0,0.12,1,0,0,0,0,0,PC Components,5.993961427306569,5.4249059636476105,0,0,1,2.8903717578961645
4.7,0,0,0,0,0.0,0,0,0,0,1,0,PC Components,5.707110264748875,5.755204094143068,0,0,1,5.225746673713202
4.7,0,1,0,0,0.0,0,0,0,0,1,0,Other Electronics,5.993961427306569,4.5107496103686,0,0,1,7.813591552952433
4.2,0,1,0,0,0.08,0,0,0,0,1,0,Networking,6.2166061010848646,4.454231010422805,0,0,1,9.651236971915612
4.8,0,1,0,0,0.0,0,0,0,0,1,0,"Office Supplies, Ink & Toner",6.68586094706836,3.49620448524049,0,0,1,7.978653729082731
4.1,0,1,0,0,0.0,0,0,0,0,1,0,"Chargers, Adapters & Cables",6.90875477931522,3.1838702156693857,0,0,1,8.439880088313567
4.4,0,1,0,0,0.0,0,0,0,0,1,0,"Office Supplies, Ink & Toner",6.90875477931522,3.043569602968151,0,1,0,8.492695559815838
4.7,0,1,0,0,0.0,0,0,0,0,1,0,Storage & Memory Cards,6.90875477931522,2.731115474033206,0,1,0,12.66297520430154
4.8,0,1,0,0,0.0,0,0,0,0,1,0,"Chargers, Adapters & Cables",6.90875477931522,3.2577118486533987,0,0,1,7.829232537543592
3.9,0,1,0,0,0.17,0,0,0,0,1,0,Laptops,4.61512051684126,5.707077041605631,0,0,1,3.912023005428146
3.9,0,0,0,0,0.0,0,0,0,0,1,0,"Office Supplies, Ink & Toner",5.303304908059076,5.372496764722288,0,0,1,3.4339872044851463
4.6,0,0,0,0,0.0,0,0,0,0,1,0,"Audio, Sound & Recording Gear",6.2166061010848646,4.564348191467836,0,0,1,9.123256265069069
4.8,0,1,0,0,0.44,0,0,0,0,1,0,Storage & Memory Cards,6.2166061010848646,4.303929948937459,0,0,1,6.282266746896006
4.7,0,1,0,0,0.0,0,0,0,0,1,0,PC Components,6.90875477931522,2.739548868161581,0,1,0,7.01211529430638
4.6,0,0,0,0,0.0,0,0,0,0,1,0,Computer Peripherals,6.2166061010848646,4.025173103360802,0,0,1,9.674765972907856
3.9,0,0,0,0,0.0,0,0,0,0,1,0,Computer Peripherals,5.993961427306569,5.442374419541463,0,0,1,7.88193748927207
4.1,0,1,0,0,0.0,0,0,0,0,1,0,"Audio, Sound & Recording Gear",5.993961427306569,4.867534450455582,0,0,1,4.007333185232471
4.8,0,0,0,0,0.0,0,0,0,0,1,0,Wearables,6.2166061010848646,4.553876891600541,0,0,1,11.854506060252977
4.7,0,1,0,0,0.52,0,0,0,0,1,0,Small Gadget Accessories (Cases & Protectors),6.90875477931522,4.110053855927281,0,0,1,9.29550838434606
4.5,0,1,0,0,0.0,0,0,0,0,1,0,Tablets & E-readers (DEVICES ONLY),6.90875477931522,2.301584592660462,0,1,0,10.505615334708905
4.4,0,1,0,0,0.18,0,0,0,0,1,0,"Chargers, Adapters & Cables",6.2166061010848646,4.663344750039164,1,0,0,5.627621113690637
4.6,0,1,0,0,0.0,0,0,0,0,1,0,Small Gadget Accessories (Cases & Protectors),6.2166061010848646,5.016948656152848,1,0,0,7.889833751394295
4.8,0,0,0,0,0.0,0,0,0,0,1,0,Laptops,6.90875477931522,3.676300671907076,0,1,0,8.5956346177228
4.3,0,1,0,0,0.0,0,0,0,0,1,0,Wearables,6.90875477931522,2.990719731730447,0,1,0,11.861326272456717
4.6,0,1,0,0,0.0,0,0,0,0,1,0,Small Gadget Accessories (Cases & Protectors),6.90875477931522,3.175968323856924,0,0,1,9.264260213965612
4.0,0,1,0,0,0.0,0,0,0,0,1,0,TV & Video Displays,6.2166061010848646,4.875120984409557,0,0,1,4.77912349311153
4.8,0,1,0,0,0.0,0,0,0,0,1,0,Storage & Memory Cards,5.993961427306569,4.904459631481588,0,0,1,11.0017164343799
4.3,0,1,0,0,0.0,0,0,0,0,1,0,TV & Video Displays,5.993961427306569,4.605170185988092,0,0,1,6.484635235635252
3.9,0,0,0,0,0.0,0,0,0,0,1,0,"Audio, Sound & Recording Gear",6.2166061010848646,3.597038250448356,0,1,0,9.245321340871428
4.5,0,1,0,0,0.55,0,0,0,0,1,0,Small Gadget Accessories (Cases & Protectors),6.2166061010848646,4.110709916308365,0,0,1,5.308267697401205
4.8,0,1,0,0,0.0,0,0,0,0,1,0,PC Components,6.2166061010848646,4.912581353620868,0,0,1,7.79934339821592
4.4,0,1,1,0,0.18,0,0,0,0,1,0,Small Gadget Accessories (Cases & Protectors),6.2166061010848646,4.709079649378603,0,0,1,5.808142489980444
4.6,0,1,0,0,0.09,0,1,0,0,0,0,Computer Peripherals,5.303304908059076,5.857933154483459,0,0,1,5.017279836814924
4.7,0,1,0,0,0.1,0,0,0,0,1,0,Other Electronics,6.68586094706836,3.305053521109253,0,1,0,9.431000842996584
4.8,0,1,0,0,0.0,0,0,0,0,1,0,"Office Supplies, Ink & Toner",6.803505257608338,3.588782837575651,0,0,1,6.289715570908998
4.6,0,1,0,0,0.0,0,0,0,0,1,0,Cameras & Photography,5.993961427306569,4.70002571700077,0,0,1,5.231108616854587
4.7,0,1,0,0,0.0,0,0,0,0,1,0,Storage & Memory Cards,6.90875477931522,3.192942442841696,0,1,0,9.789198406134
4.5,0,1,0,0,0.27,0,0,0,0,1,0,TV & Video Displays,5.707110264748875,5.017213609456379,0,0,1,6.677083461247136
4.6,0,1,0,0,0.17,0,0,0,0,1,0,PC Components,4.61512051684126,6.552493621597604,0,0,1,3.4657359027997265
4.4,0,1,0,0,0.06,0,0,0,0,1,0,"Office Supplies, Ink & Toner",5.993961427306569,5.141605075260502,0,0,1,6.115892125483034
4.8,0,0,0,0,0.0,0,0,0,0,1,0,"Chargers, Adapters & Cables",6.90875477931522,2.301584592660462,0,1,0,6.741700694652055
4.6,0,1,0,0,0.0,0,0,0,0,1,0,Cameras & Photography,6.55250788703459,4.110381939919725,0,1,0,8.730043953245016
4.4,0,1,0,0,0.0,0,0,0,0,1,0,Storage & Memory Cards,5.993961427306569,5.30325515557766,0,0,1,8.453614209773367
4.2,0,1,0,0,0.5,0,0,0,0,1,0,TV & Video Displays,5.707110264748875,5.707077041605631,0,0,1,5.3706380281276624
4.4,0,0,0,0,0.0,0,0,0,0,1,0,"Audio, Sound & Recording Gear",5.993961427306569,3.7133281345162463,0,1,0,9.66459564425378
4.8,0,1,0,0,0.1,0,0,0,0,1,0,"Office Supplies, Ink & Toner",6.90875477931522,2.9047128751668225,0,1,0,8.388450315523512
4.8,0,1,0,0,0.0,0,1,0,0,0,0,"Audio, Sound & Recording Gear",6.2166061010848646,4.795707897553386,0,0,1,7.988542982737695
4.6,0,1,1,0,0.0,0,0,0,0,1,0,Computer Peripherals,6.2166061010848646,3.931629535067065,0,0,1,9.065430200180376
4.6,0,1,0,0,0.0,0,0,0,0,1,0,"Office Supplies, Ink & Toner",6.55250788703459,2.9381031607173544,0,1,0,5.262690188904886
4.5,0,0,0,0,0.0,0,0,0,0,1,0,TV & Video Displays,4.61512051684126,6.493738711144207,0,0,1,7.8709295967551425
4.8,0,1,0,0,0.0,0,0,0,0,1,0,Storage & Memory Cards,5.993961427306569,5.209486152841421,0,0,1,10.633280017292815
4.5,0,1,0,0,0.0,0,0,0,0,1,0,Wearables,5.993961427306569,6.478494281107485,1,0,0,3.4657359027997265
4.1,0,0,0,0,0.07,0,0,0,0,1,0,Mobile Cell Phones & Smartphones,5.707110264748875,5.572154032177765,0,0,1,8.694167141883597
4.4,0,1,0,0,0.0,1,0,0,0,0,0,Laptops,5.303304908059076,6.01856888329999,0,0,1,4.919980925828125
4.2,0,0,0,0,0.0,0,0,0,0,1,0,Wearables,5.707110264748875,4.726945242914012,0,0,1,6.1779441140506
4.2,0,1,0,0,0.0,0,0,0,0,1,0,Cameras & Photography,6.2166061010848646,4.110709916308365,0,1,0,8.367532416861831
4.8,0,1,0,0,0.27,0,0,0,0,1,0,"Office Supplies, Ink & Toner",6.90875477931522,3.347093122668954,0,1,0,8.41715183723601
4.8,0,1,0,0,0.0,0,0,0,0,1,0,Cameras & Photography,6.2166061010848646,3.6858749450936377,0,1,0,6.923628628138427
4.6,0,1,0,0,0.0,0,0,0,0,1,0,Small Gadget Accessories (Cases & Protectors),6.55250788703459,2.8219739474205245,0,1,0,7.001245622069476
4.0,0,1,0,0,0.0,0,0,0,0,1,0,"Audio, Sound & Recording Gear",6.90875477931522,3.1350593387750902,0,1,0,8.572249397164315
4.4,0,0,0,0,0.0,0,0,0,0,1,0,TV & Video Displays,4.61512051684126,5.518215657697217,0,0,1,2.8903717578961645
4.7,0,1,0,0,0.0,0,0,0,0,1,0,"Chargers, Adapters & Cables",6.2166061010848646,3.727619282429867,0,0,1,6.3473892096560105
4.6,0,0,0,0,0.0,0,0,0,0,1,0,Cameras & Photography,4.61512051684126,7.003065458786462,0,0,1,7.297091005160418
4.6,0,0,0,0,0.0,0,0,0,0,1,0,TV & Video Displays,5.303304908059076,4.837313121099101,0,0,1,9.048291920021784
4.6,0,1,1,0,0.0,0,0,0,0,1,0,Small Gadget Accessories (Cases & Protectors),6.90875477931522,3.407510743718748,0,0,1,10.207952993022255
4.2,0,1,0,0,0.07,0,0,0,0,1,0,"Office Supplies, Ink & Toner",5.303304908059076,5.66988092298052,0,0,1,5.267858159063328
4.6,0,1,0,0,0.0,0,0,0,0,1,0,Cameras & Photography,5.303304908059076,6.684611727667927,0,0,1,6.532334292222349
4.8,0,1,0,0,0.23,0,0,0,0,1,0,TV & Video Displays,6.2166061010848646,4.770599875111828,0,0,1,8.899321434159964
4.6,0,1,0,0,0.36,0,0,0,0,1,0,"Office Supplies, Ink & Toner",6.90875477931522,3.056827372913802,0,1,0,9.553717287770926
4.4,0,0,0,0,0.0,0,0,0,0,1,0,Computer Peripherals,6.2166061010848646,4.330733340286331,0,0,1,7.523481312573497
4.4,0,1,0,0,0.0,0,0,0,0,1,0,Cameras & Photography,5.707110264748875,5.525413097700675,0,0,1,3.218875824868201
4.1,0,1,1,0,0.0,0,0,0,0,1,0,TV & Video Displays,4.61512051684126,6.3647335449998295,0,0,1,3.49650756146648
4.3,0,0,0,0,0.13,0,0,0,0,1,0,Computer Peripherals,5.303304908059076,6.173786103901937,1,0,0,4.343805421853684
4.5,0,0,0,0,0.0,0,0,0,0,1,0,PC Components,6.398594934535208,4.595018834931716,0,0,1,5.71042701737487
4.4,0,1,0,0,0.15,0,0,0,0,1,0,Printers & Scanners (Hardware),5.993961427306569,4.874815570953721,0,1,0,8.890685920281129
4.8,0,1,0,0,0.0,0,0,0,0,1,0,PC Components,6.2166061010848646,3.1350593387750902,0,1,0,7.199678345691172
4.3,0,0,0,0,0.0,0,0,0,0,1,0,Other Electronics,5.707110264748875,5.141605075260502,0,0,1,4.700480365792417
4.0,0,0,0,0,0.0,0,0,0,0,1,0,Laptops,4.61512051684126,7.086737934510577,0,0,1,2.833213344056216
4.5,0,0,0,0,0.0,0,0,0,0,1,0,PC Components,5.707110264748875,5.19844178112078,0,0,1,4.30406509320417
3.9,0,0,0,0,0.0,0,0,0,0,1,0,Laptops,4.61512051684126,7.807013782458775,1,0,0,5.267858159063328
4.6,0,0,0,0,0.0,0,0,0,0,1,0,Small Gadget Accessories (Cases & Protectors),5.303304908059076,5.631211781821365,1,0,0,4.6443908991413725
4.2,0,1,0,0,0.28,0,0,0,0,1,0,TV & Video Displays,4.61512051684126,7.313880169386086,1,0,0,7.01571242048723
4.4,0,0,0,0,0.0,0,0,0,0,1,0,TV & Video Displays,5.707110264748875,5.187274067754712,0,0,1,3.828641396489095
4.2,1,1,0,0,0.12,0,0,0,0,1,0,PC Components,0.0,6.902732686856832,1,0,0,2.8903717578961645
4.6,0,1,0,0,0.0,1,0,0,0,0,0,Printers & Scanners (Hardware),5.993961427306569,5.19844178112078,0,0,1,7.767263996757308
4.6,0,0,0,0,0.0,0,0,0,0,1,0,TV & Video Displays,6.2166061010848646,4.915958247154348,0,0,1,7.919719760924575
4.2,0,1,0,0,0.0,0,0,0,0,1,0,Laptops,4.61512051684126,6.135564891081739,0,0,1,3.951243718581428
4.2,0,1,0,0,0.0,0,0,0,0,1,0,"Audio, Sound & Recording Gear",6.90875477931522,3.331847303527362,0,1,0,4.382026634673881
4.3,0,1,0,0,0.1,0,0,0,0,1,0,"Office Supplies, Ink & Toner",4.61512051684126,6.880373804640899,1,0,0,5.926926025970411
4.2,0,1,0,0,0.0,0,0,0,0,1,0,Mobile Cell Phones & Smartphones,6.90875477931522,2.9418039315284354,0,1,0,10.048193773535386
4.4,0,0,0,0,0.0,0,0,0,0,1,0,Computer Peripherals,6.803505257608338,3.7133281345162463,0,0,1,9.806425839692997
4.4,0,1,0,0,0.27,0,0,0,0,1,0,Mobile Cell Phones & Smartphones,6.90875477931522,3.4333418349887226,0,1,0,8.075271546297458
3.8,0,0,0,0,0.06,0,0,0,0,1,0,Wearables,5.993961427306569,4.852030263919617,0,0,1,4.90527477843843
4.5,0,0,0,0,0.0,0,0,0,0,1,0,Small Gadget Accessories (Cases & Protectors),6.2166061010848646,4.297285406218791,0,0,1,8.552367266423891
4.7,0,1,0,0,0.11,0,0,0,0,1,0,PC Components,5.303304908059076,6.100296530244035,0,0,1,4.477336814478207
4.5,0,1,1,0,0.0,0,0,0,0,1,0,"Office Supplies, Ink & Toner",6.803505257608338,3.8284239815518326,0,0,1,6.356107660695892
4.7,0,1,0,0,0.05,0,0,0,0,1,0,"Audio, Sound & Recording Gear",5.993961427306569,5.30325515557766,0,0,1,5.762051382780177
4.6,0,1,0,0,0.09,0,0,0,0,1,0,PC Components,4.61512051684126,6.311716660167896,0,0,1,5.831882477283517
4.2,0,1,0,0,0.0,0,0,0,0,1,0,Laptops,5.303304908059076,5.736572297479192,0,0,1,5.697093486505405
4.8,0,1,0,0,0.17,0,0,0,0,1,0,PC Components,6.2166061010848646,3.988798844230196,0,1,0,7.78155595923534
4.3,0,0,0,0,0.15,0,0,0,0,1,0,Computer Peripherals,6.55250788703459,4.110709916308365,0,0,1,9.188197007290492
4.7,0,1,0,0,0.0,0,0,0,0,1,0,Small Gadget Accessories (Cases & Protectors),6.90875477931522,2.7593768282675506,0,1,0,9.781263419790754
4.6,0,1,0,0,0.0,0,0,0,0,1,0,"Audio, Sound & Recording Gear",5.303304908059076,6.066084887978432,1,0,0,3.49650756146648
4.6,0,1,0,0,0.0,0,0,0,0,1,0,Cameras & Photography,4.61512051684126,7.494986233950533,0,0,1,6.78332520060396
4.5,0,1,1,0,0.1,0,0,0,1,0,0,"Chargers, Adapters & Cables",6.90875477931522,3.2577118486533987,0,0,1,5.926926025970411
4.8,0,1,0,0,0.0,0,0,0,0,1,0,"Office Supplies, Ink & Toner",6.398594934535208,4.0930103392089645,0,0,1,4.30406509320417
5.0,0,0,0,0,0.0,0,0,0,0,1,0,Laptops,0.0,8.237479288613633,1,0,0,0.6931471805599453
4.1,0,1,0,0,0.0,0,0,0,0,1,0,Small Gadget Accessories (Cases & Protectors),6.2166061010848646,4.875120984409557,0,0,1,7.60887062919126
4.7,0,1,0,0,0.0,0,0,0,0,1,0,"Chargers, Adapters & Cables",6.90875477931522,2.5641798306825083,0,1,0,7.817222785508166
4.8,0,1,0,0,0.1,0,0,0,0,1,0,Storage & Memory Cards,5.993961427306569,4.3943256902608985,0,0,1,10.017574878573896
4.8,0,1,0,0,0.42,0,0,0,0,1,0,"Office Supplies, Ink & Toner",6.90875477931522,2.89591193827178,0,1,0,8.081475040137052
3.9,0,1,0,0,0.0,0,0,0,0,1,0,Computer Peripherals,5.993961427306569,4.912581353620868,0,0,1,4.564348191467836
4.4,0,1,0,0,0.3,0,0,0,0,1,0,Smart Home & Security,5.303304908059076,6.111445166307853,1,0,0,3.6635616461296463
4.6,0,1,0,0,0.39,1,0,0,0,0,0,"Chargers, Adapters & Cables",6.2166061010848646,4.18950321539533,0,0,1,7.179307969504034
4.2,0,0,0,0,0.0,0,0,0,0,1,0,Laptops,4.61512051684126,6.423246963533519,0,0,1,2.772588722239781
4.6,0,1,0,0,0.2,0,0,0,0,1,0,PC Components,6.90875477931522,3.2577118486533987,0,1,0,7.904703913873747
4.4,0,0,0,0,0.0,0,0,0,0,1,0,"Office Supplies, Ink & Toner",6.90875477931522,3.291754470280773,0,1,0,9.217514575724184
4.5,0,1,0,0,0.0,0,0,0,0,1,0,"Chargers, Adapters & Cables",6.2166061010848646,3.7123518102990793,0,0,1,7.323830566202317
4.6,0,1,0,0,0.0,0,0,0,0,1,0,"Audio, Sound & Recording Gear",5.993961427306569,5.081093757744817,0,0,1,7.976595409316577
4.6,0,0,0,0,0.0,0,0,0,0,1,0,"Office Supplies, Ink & Toner",5.993961427306569,5.081342251254203,0,0,1,6.53813982376767
4.4,0,1,0,1,0.0,0,0,0,0,1,0,Computer Peripherals,6.90875477931522,2.5641798306825083,0,1,0,10.978592359402198
4.0,0,1,0,0,0.13,0,0,0,0,1,0,"Audio, Sound & Recording Gear",5.303304908059076,5.627621113690637,0,0,1,4.990432586778736
4.7,0,1,0,0,0.41,0,0,0,0,1,0,Networking,6.90875477931522,2.8898160479624417,0,1,0,10.323644209387282
4.8,0,0,0,0,0.0,0,0,0,0,1,0,Laptops,6.68586094706836,3.555348061489413,0,1,0,7.396948602621014
4.8,0,1,0,0,0.0,0,0,0,0,1,0,Cameras & Photography,6.2166061010848646,3.580737295494233,0,1,0,8.012349639327795
4.2,0,1,1,0,0.0,0,0,0,0,1,0,TV & Video Displays,5.707110264748875,5.017213609456379,0,0,1,8.511778558714738
4.3,0,1,0,0,0.35,0,0,0,0,1,0,"Chargers, Adapters & Cables",6.90875477931522,3.0440461338325417,0,0,1,5.056245805348308
4.8,0,0,0,0,0.0,0,0,0,0,1,0,Cameras & Photography,5.707110264748875,4.836123164193783,0,0,1,8.747828608488742
4.1,0,1,0,0,0.0,0,0,0,0,1,0,TV & Video Displays,5.303304908059076,6.212586055470553,0,0,1,4.983606621708336
4.4,0,1,0,0,0.2,0,0,0,0,1,0,Small Gadget Accessories (Cases & Protectors),6.2166061010848646,3.256942025674657,0,0,1,6.966024187106113
4.3,0,0,0,0,0.0,0,0,0,0,1,0,Laptops,6.68586094706836,3.9223692974822906,0,1,0,8.873047798971067
4.4,0,1,0,0,0.1,0,0,0,0,1,0,Small Gadget Accessories (Cases & Protectors),6.2166061010848646,4.663344750039164,0,0,1,5.648974238161206
4.8,0,1,0,0,0.22,0,0,0,0,1,0,"Chargers, Adapters & Cables",6.90875477931522,3.2577118486533987,0,0,1,6.144185634125646
4.6,0,0,0,0,0.0,0,0,0,0,1,0,Computer Peripherals,6.90875477931522,3.4239368686316447,0,1,0,4.5217885770490405
4.8,0,0,0,0,0.0,0,0,0,0,1,0,Small Gadget Accessories (Cases & Protectors),0.0,4.614625344758847,0,0,1,10.327872545496804
4.6,0,1,0,0,0.21,0,0,0,0,1,0,"Office Supplies, Ink & Toner",6.90875477931522,2.9172300453990334,0,1,0,8.122371243406553
4.6,0,1,0,0,0.0,0,0,0,0,1,0,Cameras & Photography,6.90875477931522,3.5801800371905954,0,1,0,2.995732273553991
4.8,0,1,0,0,0.0,1,0,0,0,0,0,"Office Supplies, Ink & Toner",6.55250788703459,3.52311998561896,0,0,1,7.062191632286556
4.1,0,0,0,0,0.0,0,0,0,0,1,0,PC Components,5.707110264748875,5.19844178112078,0,0,1,5.318119993844216
4.7,0,1,1,0,0.32,0,0,0,0,1,0,"Chargers, Adapters & Cables",6.90875477931522,2.8898160479624417,0,0,1,9.320449594656212
4.5,0,1,0,0,0.23,0,0,0,0,1,0,"Audio, Sound & Recording Gear",5.303304908059076,6.111445166307853,1,0,0,8.235625719964311
5.0,1,1,0,0,0.0,0,0,0,0,1,0,TV & Video Displays,0.0,6.763873361151653,0,0,1,1.3862943611198906
4.4,1,1,0,0,0.0,0,0,0,0,1,0,Computer Peripherals,0.0,4.564348191467836,0,0,1,5.572154032177765
4.7,0,1,0,0,0.33,0,0,0,0,1,0,Small Gadget Accessories (Cases & Protectors),6.2166061010848646,4.110053855927281,0,0,1,9.12674134809987
4.5,0,1,0,0,0.0,0,1,0,0,0,0,PC Components,6.90875477931522,2.903616984646185,0,1,0,7.062191632286556
4.0,0,1,0,0,0.23,0,1,0,0,0,0,PC Components,6.90875477931522,2.6864860231863696,0,1,0,9.940397906556225
4.4,0,0,0,0,0.0,0,0,0,0,1,0,PC Components,6.398594934535208,4.32068300443283,0,1,0,8.998260393017953
4.7,0,1,0,0,0.0,0,0,0,0,1,0,"Chargers, Adapters & Cables",6.90875477931522,2.516889695641051,0,1,0,8.786914938491025
4.6,0,0,1,0,0.0,0,0,0,0,1,0,"Office Supplies, Ink & Toner",6.803505257608338,3.463232772581608,0,0,1,8.029107054619736
4.7,0,1,0,0,0.0,0,0,0,0,1,0,TV & Video Displays,6.90875477931522,2.0781907597781832,0,1,0,8.61974977974133
4.4,0,1,0,0,0.0,0,0,0,0,1,0,Computer Peripherals,4.61512051684126,5.857933154483459,0,0,1,5.187385805840755
4.6,0,0,0,0,0.0,0,0,0,0,1,0,Cameras & Photography,4.61512051684126,6.80128303447162,0,0,1,4.442651256490317
4.6,0,1,0,0,0.0,0,0,0,0,1,0,Laptops,3.9318256327243257,6.908704828017726,0,0,1,2.079441541679836
4.5,0,1,1,0,0.2,0,0,0,0,1,0,"Chargers, Adapters & Cables",6.90875477931522,2.995232148512309,0,0,1,5.468060141135132
4.7,0,1,0,0,0.0,1,0,0,0,0,0,Smart Home & Security,6.2166061010848646,3.58324112209094,0,1,0,6.059123195581797
4.3,0,1,1,0,0.0,0,0,0,0,1,0,"Audio, Sound & Recording Gear",6.2166061010848646,3.929666440600741,0,1,0,7.80016307039296
4.7,0,1,0,0,0.05,0,0,0,0,1,0,"Office Supplies, Ink & Toner",6.55250788703459,3.663305202994506,0,0,1,5.1647859739235145
4.4,0,1,1,0,0.15,0,0,0,0,1,0,Smart Home & Security,5.707110264748875,4.779039455967062,0,0,1,5.442417710521793
3.8,0,1,0,0,0.31,0,0,0,0,1,0,Printers & Scanners (Hardware),5.303304908059076,6.29340079438729,0,0,1,5.5093883366279774
4.6,0,1,0,0,0.1,0,0,0,0,1,0,"Chargers, Adapters & Cables",6.90875477931522,2.301584592660462,0,1,0,9.308283446306149
4.7,0,1,0,0,0.0,0,0,0,0,1,0,"Office Supplies, Ink & Toner",6.55250788703459,3.724005256089311,0,0,1,7.835974581721566
4.2,0,1,0,0,0.06,0,0,0,0,1,0,Computer Peripherals,6.2166061010848646,4.248495242049359,0,0,1,7.062191632286556
3.9,0,1,0,0,0.36,0,0,0,0,1,0,Wearables,5.707110264748875,5.86064376317643,0,0,1,8.704502289721232
4.4,0,0,1,0,0.0,0,0,0,0,1,0,Printers & Scanners (Hardware),5.303304908059076,5.916175108066267,0,0,1,4.74493212836325
4.6,0,0,0,0,0.0,0,0,0,0,1,0,Small Gadget Accessories (Cases & Protectors),6.2166061010848646,3.8716175907931074,0,0,1,7.141245122350491
4.4,0,0,0,0,0.0,0,0,0,0,1,0,PC Components,6.2166061010848646,3.823847314524421,0,1,0,9.099073559547596
4.2,0,1,0,0,0.12,0,0,0,0,1,0,"Audio, Sound & Recording Gear",5.993961427306569,5.525253716100942,0,0,1,5.3612921657094255
4.8,0,0,0,0,0.0,0,0,0,0,1,0,TV & Video Displays,6.90875477931522,3.2577118486533987,0,1,0,5.198497031265826
4.6,0,1,0,0,0.21,0,0,0,0,1,0,Small Gadget Accessories (Cases & Protectors),6.90875477931522,2.8898160479624417,0,1,0,7.4205789054108
4.3,0,0,0,0,0.0,0,0,0,0,1,0,Smart Home & Security,6.2166061010848646,4.025173103360802,0,0,1,7.121252453244542
4.4,0,1,0,0,0.5,0,0,0,0,1,0,"Office Supplies, Ink & Toner",6.55250788703459,4.334672938290411,0,0,1,7.413970290190444
4.6,0,0,0,0,0.0,0,0,0,0,1,0,Computer Peripherals,6.90875477931522,2.772588722239781,0,1,0,10.555343878678192
4.8,0,1,0,0,0.07,0,0,0,0,1,0,Cameras & Photography,6.2166061010848646,4.298645025734831,0,0,1,7.011213987350367
4.6,0,1,0,0,0.0,0,0,0,0,1,0,Computer Peripherals,5.993961427306569,4.867534450455582,0,0,1,7.45876269238096
4.6,0,1,0,0,0.0,0,0,0,0,1,0,"Audio, Sound & Recording Gear",6.90875477931522,3.2577118486533987,0,1,0,9.608243627877057
4.0,0,1,1,0,0.31,0,0,0,0,1,0,Cameras & Photography,5.993961427306569,4.628886712605407,0,0,1,5.429345628954441
4.2,0,1,0,0,0.23,0,0,0,0,1,0,Tablets & E-readers (DEVICES ONLY),4.61512051684126,6.21658614080582,0,0,1,4.624972813284271
4.1,0,1,0,0,0.17,0,0,0,0,1,0,TV & Video Displays,4.61512051684126,6.396929655216146,0,0,1,6.447305862541213
4.8,0,1,0,0,0.0,0,0,0,0,1,0,Networking,5.707110264748875,4.605170185988092,0,0,1,7.718240951959316
4.8,0,0,0,0,0.18,0,0,0,0,1,0,TV & Video Displays,6.2166061010848646,4.303929948937459,0,1,0,8.907883013942248
4.7,0,0,0,0,0.0,0,0,0,0,1,0,PC Components,5.707110264748875,5.438079308923196,0,0,1,8.631235907456897
4.4,0,1,0,0,0.38,0,0,0,0,1,0,Wearables,6.2166061010848646,4.3943256902608985,0,0,1,5.123963979403259
4.8,0,1,0,0,0.0,0,0,0,0,1,0,PC Components,6.2166061010848646,4.43022138352355,0,1,0,10.70530974972173
4.5,0,1,0,0,0.0,0,0,0,0,1,0,Mobile Cell Phones & Smartphones,5.303304908059076,6.398578295461671,1,0,0,5.703782474656201
4.5,0,0,0,0,0.0,0,0,0,0,1,0,Computer Peripherals,5.303304908059076,4.360164387816747,0,0,1,9.321792297270326
4.6,0,1,0,0,0.0,0,0,0,0,1,0,"Office Supplies, Ink & Toner",6.90875477931522,2.7656899805486246,0,1,0,8.801920904041582
4.4,0,0,0,0,0.06,0,0,0,0,1,0,Wearables,6.90875477931522,2.8898160479624417,0,1,0,10.764032989294652
4.1,0,0,1,0,0.0,0,0,0,0,1,0,"Audio, Sound & Recording Gear",6.2166061010848646,3.1424266527047946,0,1,0,8.393894975071744
4.3,0,1,0,0,0.3,0,1,0,0,0,0,"Audio, Sound & Recording Gear",5.707110264748875,5.442374419541463,0,0,1,7.213031659834869
4.2,0,1,0,0,0.09,0,0,0,0,1,0,Wearables,5.993961427306569,5.153233789358886,0,0,1,7.72356247227797
4.6,0,1,0,0,0.0,0,0,0,0,1,0,Tablets & E-readers (DEVICES ONLY),5.303304908059076,6.478432834343407,1,0,0,8.214194414852564
4.7,0,1,0,0,0.0,0,1,0,0,0,0,Computer Peripherals,6.2166061010848646,4.248495242049359,0,0,1,7.647308832356238
4.4,0,1,0,0,0.0,0,0,0,0,1,0,"Chargers, Adapters & Cables",6.2166061010848646,3.8709926558701535,0,0,1,4.442651256490317
4.7,0,0,0,0,0.0,0,0,0,0,1,0,Cameras & Photography,5.303304908059076,5.703782474656201,0,0,1,6.773080375655535
4.6,0,1,0,0,0.0,0,0,0,0,1,0,Power & Batteries,6.90875477931522,2.995732273553991,0,0,1,8.444622498581403
4.5,0,1,0,0,0.39,0,0,0,0,1,0,Wearables,5.303304908059076,6.478494281107485,1,0,0,5.480638923341991
4.7,0,1,0,0,0.0,0,0,0,0,1,0,Power & Batteries,6.2166061010848646,3.3995293245614584,0,0,1,6.672032945461067
4.7,0,1,1,0,0.31,0,0,0,0,1,0,Storage & Memory Cards,6.90875477931522,2.8326249356838407,0,1,0,10.094521049932103
4.3,0,1,1,0,0.0,0,0,0,0,1,0,Computer Peripherals,6.2166061010848646,3.7133281345162463,0,0,1,9.357897936333798
4.2,0,1,0,0,0.0,0,0,0,0,1,0,Smart Home & Security,6.2166061010848646,3.931629535067065,0,0,1,8.209852481301272
5.0,0,0,0,0,0.0,0,0,0,0,1,0,Laptops,4.61512051684126,7.282754306729741,0,0,1,2.079441541679836
4.6,0,1,1,0,0.0,0,0,0,0,1,0,Power & Batteries,7.601402334583733,2.2438960966453663,0,1,0,5.877735781779639
4.5,0,1,1,0,0.12,0,0,0,0,1,0,Computer Peripherals,6.2166061010848646,3.7133281345162463,0,0,1,7.243512974665482
4.2,0,1,0,0,0.0,0,0,0,0,1,0,PC Components,6.2166061010848646,4.262539022051294,0,1,0,7.607381425639791
4.7,0,1,0,0,0.14,0,0,0,0,1,0,"Office Supplies, Ink & Toner",5.303304908059076,6.084431073610243,1,0,0,3.610917912644224
4.5,0,1,0,0,0.2,0,0,0,0,1,0,TV & Video Displays,6.2166061010848646,3.931629535067065,0,1,0,7.816819965764552
4.1,0,1,0,0,0.0,0,0,0,0,1,0,"Audio, Sound & Recording Gear",5.993961427306569,4.875120984409557,0,0,1,4.77912349311153
4.0,0,0,0,0,0.0,0,0,0,0,1,0,Small Gadget Accessories (Cases & Protectors),5.707110264748875,5.1972808223702645,1,0,0,1.0986122886681098
4.4,0,0,0,0,0.0,0,0,0,0,1,0,Wearables,0.0,3.2577118486533987,0,1,0,3.9318256327243257
4.3,0,1,1,0,0.0,0,0,0,0,1,0,"Audio, Sound & Recording Gear",6.2166061010848646,3.7133281345162463,0,1,0,7.81156848934518
4.6,0,1,0,0,0.0,0,0,0,0,1,0,Computer Peripherals,6.90875477931522,2.5610957881455465,0,1,0,7.8434564043761155
4.2,0,1,0,0,0.0,1,0,0,0,0,0,"Audio, Sound & Recording Gear",5.303304908059076,5.739760757321436,0,0,1,3.688879454113936
4.8,0,1,0,0,0.0,0,1,0,0,0,0,Small Gadget Accessories (Cases & Protectors),6.2166061010848646,3.258096538021482,0,0,1,7.049254841255837
4.7,0,1,0,0,0.0,0,0,0,0,1,0,"Office Supplies, Ink & Toner",6.68586094706836,3.588782837575651,0,0,1,6.327936783729195
4.1,0,1,0,0,0.21,0,0,0,0,1,0,"Audio, Sound & Recording Gear",5.707110264748875,5.53334996225466,0,0,1,7.475905969367397
4.6,0,0,1,0,0.0,0,0,0,0,1,0,"Office Supplies, Ink & Toner",5.993961427306569,4.717516245819629,0,0,1,6.144185634125646
4.1,0,1,0,0,0.07,0,0,0,0,1,0,Computer Peripherals,5.707110264748875,4.9486889658772695,0,0,1,7.322510433997394
4.3,0,1,0,0,0.32,0,0,0,0,1,0,Storage & Memory Cards,5.707110264748875,4.787408405976297,0,0,1,10.049274784602108
4.7,0,0,0,0,0.0,0,0,0,0,1,0,Power & Batteries,6.90875477931522,1.1505720275988207,0,1,0,8.258163361537619
4.8,0,1,0,0,0.42,0,0,0,0,1,0,"Office Supplies, Ink & Toner",6.90875477931522,2.8981194446869907,0,1,0,8.910585718290132
4.2,0,1,0,0,0.3,0,0,0,0,1,0,Mobile Cell Phones & Smartphones,5.993961427306569,5.153002535383178,0,0,1,9.105090961257083
4.7,0,0,0,0,0.2,0,0,0,0,1,0,"Chargers, Adapters & Cables",6.2166061010848646,4.0428758138469085,0,0,1,6.4457198193855785
4.8,0,1,0,0,0.0,0,0,0,0,1,0,PC Components,5.303304908059076,4.973763819320351,0,0,1,7.273092595999522
4.7,0,1,0,0,0.0,0,0,0,0,1,0,"Office Supplies, Ink & Toner",6.68586094706836,3.6477970090127054,0,0,1,6.816735880594968
4.2,0,1,0,0,0.21,0,0,0,0,1,0,"Audio, Sound & Recording Gear",6.2166061010848646,3.433664571799657,0,1,0,7.101675971619444
4.8,0,1,0,0,0.0,0,0,0,0,1,0,Storage & Memory Cards,6.2166061010848646,4.23410650459726,0,0,1,7.961718815981363
4.6,0,1,1,0,0.08,0,0,0,0,1,0,Power & Batteries,6.90875477931522,2.995232148512309,0,0,1,9.247057954911346
5.0,0,1,0,0,0.12,0,0,0,0,1,0,Storage & Memory Cards,5.993961427306569,4.3943256902608985,0,0,1,2.302585092994046
4.3,0,1,0,0,0.26,1,0,0,0,0,0,Tablets & E-readers (DEVICES ONLY),4.61512051684126,6.478494281107485,1,0,0,4.90527477843843
4.6,0,1,0,0,0.32,0,0,0,0,1,0,Printers & Scanners (Hardware),5.707110264748875,5.860786223465865,0,0,1,5.966146739123692
4.2,0,1,0,0,0.0,0,0,0,0,1,0,Printers & Scanners (Hardware),5.707110264748875,5.3518107389880365,0,0,1,7.21081845347222
4.2,0,1,0,0,0.0,0,0,0,0,1,0,Other Electronics,6.2166061010848646,4.54159120434522,0,0,1,8.705662478796427
4.7,0,1,0,0,0.06,0,0,0,0,1,0,Cameras & Photography,4.61512051684126,7.377758908227872,0,0,1,6.295266001439646
4.8,0,0,0,0,0.0,0,0,0,0,1,0,"Office Supplies, Ink & Toner",6.90875477931522,2.995232148512309,0,1,0,10.703199523324104
4.7,0,1,0,0,0.0,0,0,0,0,1,0,Power & Batteries,7.601402334583733,2.3085671646715933,0,1,0,7.259116128097101
4.6,0,1,0,0,0.0,0,0,0,0,1,0,Computer Peripherals,6.2166061010848646,4.6150215020384655,0,0,1,6.498282149476434
4.4,0,0,0,0,0.0,0,0,0,0,1,0,PC Components,5.303304908059076,5.131613220649158,0,0,1,8.39615486303918
4.4,0,1,0,0,0.0,0,0,0,0,1,0,Storage & Memory Cards,4.61512051684126,6.042609080431154,0,0,1,8.200837258379849
4.1,0,1,1,0,0.0,0,0,0,0,1,0,Wearables,6.2166061010848646,4.110709916308365,0,0,1,7.61972421378267
4.5,0,0,0,0,0.0,0,0,0,0,1,0,PC Components,4.61512051684126,6.396929655216146,0,0,1,4.532599493153256
4.4,0,0,0,0,0.33,0,0,0,0,1,0,Computer Peripherals,6.2166061010848646,4.110709916308365,0,0,1,7.30854279753919
4.1,0,0,0,0,0.0,0,0,0,0,1,0,Laptops,5.303304908059076,6.001414877961151,0,0,1,5.049856007249537
4.1,0,0,1,0,0.0,0,0,0,0,1,0,Printers & Scanners (Hardware),5.707110264748875,5.195232038464711,0,0,1,6.257667587882639
4.4,0,0,0,0,0.0,0,0,0,0,1,0,Printers & Scanners (Hardware),5.303304908059076,6.552493621597604,0,0,1,7.0925737159746784
4.5,0,1,0,0,0.17,0,0,0,0,1,0,"Office Supplies, Ink & Toner",5.993961427306569,5.141605075260502,0,0,1,5.484796933490655
4.6,0,1,0,0,0.0,0,0,0,0,1,0,"Office Supplies, Ink & Toner",6.803505257608338,3.4610373820181723,0,0,1,8.83811659764782
4.8,0,1,0,0,0.0,0,0,0,0,1,0,Small Gadget Accessories (Cases & Protectors),6.2166061010848646,3.5201649007261984,0,0,1,6.16541785423142
4.7,0,1,0,0,0.0,0,0,0,0,1,0,Small Gadget Accessories (Cases & Protectors),7.601402334583733,1.8931119634883424,0,1,0,8.711772645605693
4.8,0,1,0,0,0.06,0,0,0,0,1,0,Cameras & Photography,3.9318256327243257,8.131530710604252,1,0,0,5.749392985908253
4.5,0,1,0,0,0.33,0,0,0,0,1,0,Small Gadget Accessories (Cases & Protectors),6.2166061010848646,4.109233174715851,0,0,1,5.313205979041787
4.4,0,0,0,0,0.0,0,0,0,0,1,0,"Audio, Sound & Recording Gear",6.90875477931522,2.63834278867739,0,1,0,10.92255145577777
4.6,0,0,0,0,0.0,0,0,0,0,1,0,"Chargers, Adapters & Cables",6.68586094706836,3.906407266642512,0,0,1,8.296795865770052
4.4,0,1,0,0,0.21,0,0,0,0,1,0,TV & Video Displays,6.2166061010848646,4.262539022051294,0,1,0,7.009408932708637
4.6,0,1,0,0,0.26,0,0,0,0,1,0,Wearables,6.90875477931522,2.39698576841553,0,1,0,6.785587645007929
4.0,0,1,0,0,0.06,0,0,0,0,1,0,Laptops,3.9318256327243257,7.438965713483813,1,0,0,5.659482215759621
4.4,0,0,0,0,0.0,0,0,0,0,1,0,Wearables,6.2166061010848646,4.012772908528289,0,0,1,10.456107497959096
4.4,0,1,0,0,0.32,0,0,0,0,1,0,Smart Home & Security,6.2166061010848646,3.931629535067065,0,0,1,9.302372457422676
4.6,0,1,0,0,0.43,0,0,0,0,1,0,Small Gadget Accessories (Cases & Protectors),6.2166061010848646,4.248495242049359,0,0,1,6.35088571671474
4.6,0,1,0,0,0.0,0,0,0,0,1,0,"Chargers, Adapters & Cables",6.90875477931522,2.6239436918052106,0,1,0,6.716594773520978
4.2,0,1,0,0,0.14,0,0,0,0,1,0,"Office Supplies, Ink & Toner",4.61512051684126,6.142187931892113,1,0,0,4.290459441148391
4.6,0,1,0,0,0.0,0,0,0,0,1,0,"Office Supplies, Ink & Toner",6.55250788703459,4.201553368737545,0,0,1,8.118207049405783
4.2,0,0,0,0,0.0,0,0,0,0,1,0,PC Components,5.303304908059076,5.761390787276515,0,0,1,5.983936280687191
4.7,0,0,0,0,0.0,0,0,0,0,1,0,"Office Supplies, Ink & Toner",6.803505257608338,2.8320361808832013,0,1,0,4.795790545596741
4.4,0,1,0,0,0.0,0,0,0,0,1,0,"Office Supplies, Ink & Toner",6.803505257608338,3.2756341586868096,0,1,0,8.350666240520924
4.7,0,1,0,0,0.0,0,0,0,0,1,0,Smart Home & Security,6.2166061010848646,3.7133281345162463,0,1,0,7.239932591320469
4.1,0,1,0,0,0.0,0,0,0,0,1,0,Cameras & Photography,5.707110264748875,5.247024072160486,0,0,1,7.093404625868766
4.5,0,1,0,0,0.27,0,0,0,0,1,0,Computer Peripherals,6.2166061010848646,5.017213609456379,0,0,1,5.786897381366708
4.3,0,1,0,0,0.0,0,0,0,0,1,0,Wearables,5.303304908059076,6.311716660167896,1,0,0,4.04305126783455
4.6,0,1,1,0,0.0,0,0,0,0,1,0,Computer Peripherals,6.2166061010848646,3.58324112209094,0,1,0,10.575079070130355
4.6,0,1,0,0,0.22,0,0,0,0,1,0,Laptops,6.2166061010848646,4.61512051684126,0,1,0,6.198478716492308
4.4,0,1,0,0,0.0,0,0,0,0,1,0,"Audio, Sound & Recording Gear",6.803505257608338,3.433664571799657,0,1,0,8.209852481301272
4.6,0,1,0,0,0.0,0,0,0,0,1,0,Wearables,5.707110264748875,5.30325515557766,0,0,1,2.3978952727983707
5.0,0,1,0,0,0.1,0,0,0,0,1,0,PC Components,4.61512051684126,5.924229059089152,0,0,1,1.3862943611198906
4.6,0,1,0,0,0.14,0,0,0,0,1,0,Laptops,4.61512051684126,6.684611727667927,0,0,1,1.9459101490553128
4.7,0,1,0,0,0.0,0,0,0,0,1,0,Other Electronics,6.90875477931522,2.9069010598473755,0,1,0,9.827470066112213
4.2,0,0,0,0,0.0,0,0,0,0,1,0,Laptops,4.61512051684126,7.890960457246773,1,0,0,5.135798437050262
4.3,0,0,0,0,0.0,0,0,0,0,1,0,Computer Peripherals,5.707110264748875,5.937325101007334,1,0,0,7.895063498091573
4.4,0,1,0,0,0.0,0,0,0,0,1,0,Small Gadget Accessories (Cases & Protectors),4.61512051684126,7.378377466881018,1,0,0,3.258096538021482
4.7,0,1,0,0,0.06,0,0,0,0,1,0,"Chargers, Adapters & Cables",6.90875477931522,3.177637076851603,0,0,1,4.90527477843843
4.5,0,1,0,0,0.1,0,0,0,0,1,0,Computer Peripherals,5.993961427306569,4.6150215020384655,0,0,1,6.533788837933344
4.3,0,0,0,0,0.13,0,0,0,0,1,0,Small Gadget Accessories (Cases & Protectors),5.707110264748875,5.262690188904886,1,0,0,6.93828448401696
4.2,0,1,0,0,0.0,0,0,0,0,1,0,Small Gadget Accessories (Cases & Protectors),6.90875477931522,2.39698576841553,0,1,0,8.834336974017637
4.8,0,0,0,0,0.0,0,0,0,0,1,0,Power & Batteries,5.707110264748875,4.248495242049359,0,0,1,8.677950570294351
4.2,0,1,0,0,0.09,0,0,0,0,1,0,TV & Video Displays,5.303304908059076,5.860757733031528,0,0,1,6.152732694704104
4.6,0,0,0,0,0.0,0,0,0,0,1,0,"Office Supplies, Ink & Toner",6.68586094706836,2.3960754360813845,0,1,0,6.98933526597456
4.5,0,1,0,0,0.0,0,0,0,0,1,0,TV & Video Displays,3.9318256327243257,8.160223918452681,1,0,0,3.8918202981106265
4.5,0,1,0,0,0.31,0,0,0,0,1,0,Computer Peripherals,6.90875477931522,2.63834278867739,0,1,0,5.926926025970411
4.5,0,1,0,0,0.0,0,0,0,0,1,0,TV & Video Displays,3.9318256327243257,7.823633925960974,1,0,0,4.948759890378168
4.4,0,0,0,0,0.0,0,0,0,0,1,0,Laptops,6.2166061010848646,2.8898160479624417,0,1,0,7.722234744709607
4.3,1,1,0,0,0.15,0,0,0,0,1,0,Small Gadget Accessories (Cases & Protectors),6.2166061010848646,4.6150215020384655,0,0,1,6.597145701886651
4.6,0,0,0,0,0.0,0,0,0,0,1,0,"Audio, Sound & Recording Gear",6.2166061010848646,4.262539022051294,0,0,1,4.770684624465665
4.5,0,1,0,0,0.11,0,0,0,0,1,0,PC Components,5.993961427306569,4.5107496103686,0,1,0,8.08487062913819
4.4,1,1,0,1,0.0,0,0,0,0,1,0,"Chargers, Adapters & Cables",6.90875477931522,4.795707897553386,1,0,0,8.166500319155052
4.0,0,0,0,0,0.0,0,0,0,0,1,0,Laptops,5.303304908059076,5.3518107389880365,0,0,1,6.499787040655854
4.5,0,1,0,1,0.11,0,0,0,0,1,0,TV & Video Displays,5.993961427306569,4.5107496103686,0,0,1,7.691200097522863
4.1,0,0,0,0,0.0,0,0,0,0,1,0,Video Game Consoles & Virtual Reality,5.303304908059076,5.966992535183494,0,0,1,7.684783943522785
4.2,0,0,1,0,0.0,0,0,0,0,1,0,"Audio, Sound & Recording Gear",6.2166061010848646,4.875120984409557,0,0,1,6.329720905522696
4.1,0,1,0,0,0.1,0,1,0,0,0,0,Mobile Cell Phones & Smartphones,5.707110264748875,4.709530201312334,0,0,1,5.983936280687191
4.5,0,1,0,0,0.0,0,0,0,0,1,0,"Office Supplies, Ink & Toner",6.398594934535208,3.8709926558701535,0,0,1,6.621405651764134
4.4,0,1,0,0,0.05,0,0,0,0,1,0,Wearables,6.2166061010848646,3.417726683613366,0,1,0,5.068904202220232
4.5,0,0,0,0,0.0,0,0,0,0,1,0,Wearables,6.2166061010848646,4.18950321539533,0,0,1,6.833031732786201
4.7,0,1,0,0,0.0,0,0,0,0,1,0,PC Components,5.303304908059076,5.286194176745726,0,0,1,5.583496308781699
4.3,0,1,0,0,0.0,0,0,0,0,1,0,PC Components,6.2166061010848646,3.76096753050819,0,1,0,7.356918242356021
4.5,0,0,0,0,0.0,0,1,0,0,0,0,"Audio, Sound & Recording Gear",5.707110264748875,5.049856007249537,0,0,1,7.150701457592526
4.7,0,1,0,0,0.0,0,0,0,0,1,0,Storage & Memory Cards,5.707110264748875,4.454231010422805,0,0,1,8.204398418149381
4.4,0,1,0,0,0.25,0,0,0,0,1,0,Small Gadget Accessories (Cases & Protectors),5.993961427306569,4.644294740672142,0,0,1,6.541029999189903
4.5,0,0,0,0,0.0,0,0,0,0,1,0,Laptops,5.303304908059076,5.598421958998375,0,0,1,3.737669618283368
4.6,0,1,0,0,0.0,0,0,0,0,1,0,"Office Supplies, Ink & Toner",6.398594934535208,3.970103216504671,0,0,1,7.711101251840158
4.6,0,1,0,0,0.16,0,0,0,0,1,0,"Audio, Sound & Recording Gear",6.2166061010848646,4.867534450455582,0,0,1,6.089044875446846
4.7,0,0,0,0,0.0,0,0,0,0,1,0,TV & Video Displays,6.2166061010848646,3.7133281345162463,0,1,0,13.156992797452878
4.7,0,0,0,0,0.0,0,0,0,0,1,0,"Office Supplies, Ink & Toner",5.303304908059076,5.659098867029561,0,0,1,4.820281565605037
3.9,0,1,0,0,0.0,0,0,0,0,1,0,Small Gadget Accessories (Cases & Protectors),6.90875477931522,3.2577118486533987,0,0,1,5.332718793265369
4.6,0,1,0,0,0.0,0,0,0,0,1,0,"Chargers, Adapters & Cables",6.90875477931522,2.363680192353857,0,1,0,9.840387995592812
4.6,0,1,0,0,0.0,0,0,0,0,1,0,"Office Supplies, Ink & Toner",6.68586094706836,3.7010550300440697,0,0,1,8.09346227450118
4.5,0,0,0,0,0.0,0,0,0,0,1,0,Laptops,4.61512051684126,6.386879319362645,0,0,1,4.564348191467836
4.4,0,1,0,0,0.0,0,0,0,0,1,0,"Audio, Sound & Recording Gear",6.90875477931522,3.0430928449138284,0,1,0,9.086702731518004
4.6,0,1,0,0,0.0,0,0,0,0,1,0,TV & Video Displays,4.61512051684126,6.552493621597604,0,0,1,2.8903717578961645
4.6,0,1,0,0,0.0,0,0,0,0,1,0,Small Gadget Accessories (Cases & Protectors),6.90875477931522,2.7073833121145063,0,1,0,5.342334251964811
4.6,0,1,0,0,0.0,0,0,0,0,1,0,PC Components,5.707110264748875,5.3518107389880365,0,0,1,5.802118375377063
4.5,0,1,1,0,0.18,0,0,0,0,1,0,"Office Supplies, Ink & Toner",6.90875477931522,3.0430928449138284,0,1,0,8.348774539791274
4.5,0,1,0,0,0.0,0,0,0,0,1,0,Computer Peripherals,6.90875477931522,2.8326249356838407,0,1,0,7.103322062526113
4.7,0,1,0,0,0.05,0,0,0,0,1,0,"Office Supplies, Ink & Toner",6.90875477931522,3.09058780456667,0,1,0,5.655991810819852
4.8,0,1,0,0,0.0,0,0,0,0,1,0,"Office Supplies, Ink & Toner",3.9318256327243257,7.314293144813257,1,0,0,2.8903717578961645
4.2,0,1,0,0,0.14,0,0,0,0,1,0,"Audio, Sound & Recording Gear",6.2166061010848646,4.663344750039164,0,0,1,7.699389406256737
4.7,0,1,0,0,0.0,0,0,0,0,1,0,"Office Supplies, Ink & Toner",5.707110264748875,4.195245147157833,0,0,1,6.210600077024653
4.5,0,1,0,0,0.44,0,0,0,0,1,0,Small Gadget Accessories (Cases & Protectors),6.2166061010848646,4.510309904964132,0,0,1,5.655991810819852
4.7,0,1,0,0,0.0,0,0,0,0,1,0,PC Components,5.993961427306569,4.644102395989878,0,0,1,7.370860166536716
4.1,0,1,0,0,0.13,0,0,0,1,0,0,Small Gadget Accessories (Cases & Protectors),6.2166061010848646,3.5260663637080247,0,0,1,4.997212273764115
4.8,0,0,0,0,0.0,0,0,0,0,1,0,Wearables,6.2166061010848646,4.330601752681694,0,0,1,9.91081067291591
4.5,0,1,0,0,0.0,0,0,0,0,1,0,Cameras & Photography,5.303304908059076,6.76849321164863,0,0,1,6.784457062637643
4.3,0,1,0,0,0.23,0,0,0,0,1,0,Small Gadget Accessories (Cases & Protectors),5.993961427306569,4.875120984409557,0,0,1,5.849324779946859
4.7,0,1,0,0,0.0,0,0,0,0,1,0,Storage & Memory Cards,6.2166061010848646,3.682358237123671,0,0,1,7.274479558773871
3.8,0,1,0,0,0.0,0,0,0,0,1,0,"Office Supplies, Ink & Toner",5.707110264748875,5.19844178112078,0,0,1,2.3978952727983707
4.6,0,1,0,0,0.0,0,0,0,0,1,0,"Office Supplies, Ink & Toner",5.993961427306569,4.795707897553386,0,0,1,6.0063531596017325
3.9,0,0,0,0,0.0,0,0,0,0,1,0,TV & Video Displays,5.707110264748875,5.4458317893365855,0,0,1,9.023408202624545
4.6,0,0,0,0,0.0,0,0,0,0,1,0,TV & Video Displays,5.707110264748875,4.673856343776539,0,0,1,8.174702882469461
3.9,0,1,0,0,0.27,0,0,0,0,1,0,Small Gadget Accessories (Cases & Protectors),5.993961427306569,4.6150215020384655,0,0,1,4.983606621708336
4.4,0,0,1,0,0.0,0,0,0,0,1,0,TV & Video Displays,5.303304908059076,5.94277312806309,0,0,1,7.317876198626496
4.6,0,1,0,0,0.0,0,0,0,0,1,0,Small Gadget Accessories (Cases & Protectors),6.2166061010848646,4.261975403606051,0,0,1,5.583496308781699
4.4,0,0,0,0,0.07,0,0,0,0,1,0,Wearables,6.2166061010848646,3.9889840465642745,0,0,1,4.997212273764115
4.8,0,1,0,0,0.0,0,0,0,0,1,0,Small Gadget Accessories (Cases & Protectors),5.707110264748875,4.82823373410213,0,0,1,7.677400430514807
4.2,0,1,0,0,0.0,0,0,0,0,1,0,Other Electronics,6.90875477931522,2.93651291389402,0,1,0,7.652070746116482
4.7,0,1,1,0,0.0,0,0,0,0,1,0,Small Gadget Accessories (Cases & Protectors),6.90875477931522,2.395164274287139,0,1,0,10.659398242331685
4.2,0,1,0,0,0.14,0,0,0,0,1,0,Small Gadget Accessories (Cases & Protectors),6.2166061010848646,4.6150215020384655,0,0,1,9.152287440527566
4.8,0,0,0,0,0.0,0,0,0,0,1,0,Laptops,6.2166061010848646,3.737669618283368,0,1,0,7.504942068396171
4.5,0,1,0,0,0.0,0,0,0,0,1,0,Small Gadget Accessories (Cases & Protectors),5.303304908059076,6.476972362889683,1,0,0,5.093750200806762
4.0,0,0,0,0,0.0,0,0,0,0,1,0,Smart Home & Security,6.2166061010848646,3.6375861597263857,0,1,0,7.856319571406588
4.5,0,0,0,0,0.37,0,0,0,0,1,0,Small Gadget Accessories (Cases & Protectors),6.90875477931522,2.5641798306825083,0,1,0,7.891704659330107
4.5,0,1,0,0,0.0,0,0,0,0,1,0,"Audio, Sound & Recording Gear",5.707110264748875,4.875120984409557,0,0,1,6.251903883165888
4.6,0,1,0,0,0.0,0,0,0,0,1,0,"Audio, Sound & Recording Gear",6.2166061010848646,4.453882071774309,0,0,1,7.860570785538664
4.6,0,0,0,0,0.05,0,0,0,0,1,0,Mobile Cell Phones & Smartphones,4.61512051684126,6.26530121273771,1,0,0,2.8903717578961645
4.6,0,1,0,0,0.0,0,0,0,0,1,0,"Audio, Sound & Recording Gear",6.55250788703459,3.5248888540047054,0,1,0,8.420021279663963
4.4,0,1,0,0,0.0,0,1,0,0,0,0,"Audio, Sound & Recording Gear",6.2166061010848646,3.85290974093564,0,1,0,8.370084326378025
4.5,0,0,0,0,0.0,0,0,0,0,1,0,Networking,6.2166061010848646,4.025173103360802,0,1,0,7.370860166536716
4.4,0,1,0,0,0.0,0,0,0,0,1,0,Networking,5.993961427306569,4.330601752681694,0,1,0,6.391917113392602
4.7,0,1,0,0,0.0,0,0,0,0,1,0,Laptops,6.398594934535208,3.58324112209094,0,1,0,6.47543271670409
4.7,0,1,0,0,0.0,0,0,0,0,1,0,"Office Supplies, Ink & Toner",5.993961427306569,4.142975983633837,0,0,1,9.465137617092187
4.4,0,1,0,0,0.13,0,0,0,0,1,0,Computer Peripherals,0.0,3.0440461338325417,0,1,0,8.646992628951082
4.6,0,0,0,0,0.17,0,0,0,0,1,0,TV & Video Displays,5.707110264748875,5.30325515557766,0,0,1,7.005789019253503
4.2,0,1,0,1,0.0,0,0,0,0,1,0,TV & Video Displays,6.2166061010848646,4.3943256902608985,0,0,1,5.247024072160486
4.4,0,0,0,0,0.0,0,0,0,0,1,0,Small Gadget Accessories (Cases & Protectors),5.993961427306569,4.614625344758847,0,0,1,4.941642422609304
4.6,0,0,0,0,0.0,0,0,0,0,1,0,Smart Home & Security,4.61512051684126,6.22261594982372,1,0,0,6.20455776256869
4.5,0,1,0,0,0.0,0,0,0,0,1,0,"Audio, Sound & Recording Gear",6.2166061010848646,4.614625344758847,0,0,1,10.785890525742929
4.5,0,1,0,0,0.0,0,0,0,0,1,0,Tablets & E-readers (DEVICES ONLY),5.707110264748875,5.058091235252551,0,0,1,9.641343263872184
4.0,0,1,1,0,0.33,0,0,0,0,1,0,Printers & Scanners (Hardware),5.707110264748875,5.017213609456379,0,1,0,6.22455842927536
4.3,0,0,0,0,0.1,0,0,0,0,1,0,PC Components,5.303304908059076,5.326370180990072,0,0,1,5.342334251964811
4.6,0,1,0,0,0.0,0,0,0,0,1,0,Power & Batteries,7.601402334583733,1.801709800081223,0,1,0,7.479299637782834
4.3,0,1,0,1,0.0,0,0,0,0,1,0,Laptops,5.303304908059076,5.991464547107982,0,0,1,5.2832037287379885
4.0,0,1,0,0,0.0,0,0,0,0,1,0,Wearables,6.2166061010848646,4.18950321539533,0,0,1,5.662960480135946
4.4,0,0,0,0,0.0,0,0,0,0,1,0,Storage & Memory Cards,5.707110264748875,5.081404364984463,0,0,1,9.330165765044532
4.6,0,1,1,0,0.41,0,0,0,0,1,0,Small Gadget Accessories (Cases & Protectors),6.90875477931522,2.8898160479624417,0,1,0,10.439278922319868
4.4,0,1,0,0,0.13,0,0,0,0,1,0,PC Components,6.90875477931522,2.8326249356838407,0,1,0,6.356107660695892
4.4,0,1,0,0,0.0,0,0,0,0,1,0,"Audio, Sound & Recording Gear",5.303304908059076,4.415219602029645,0,0,1,6.391917113392602
4.3,0,0,0,1,0.0,0,0,0,0,1,0,Computer Peripherals,6.68586094706836,3.0440461338325417,0,1,0,8.336150816120663
4.7,0,0,0,0,0.0,0,0,0,0,1,0,"Office Supplies, Ink & Toner",5.707110264748875,4.851170519445229,0,0,1,6.3818160174060985
4.2,0,0,0,0,0.0,0,0,0,0,1,0,Laptops,6.90875477931522,2.784393767689544,0,1,0,10.386191440985094
4.8,0,1,0,0,0.31,0,0,0,0,1,0,Storage & Memory Cards,6.2166061010848646,4.18950321539533,0,0,1,6.001414877961151
4.8,0,1,0,0,0.0,0,0,0,0,1,0,"Office Supplies, Ink & Toner",6.55250788703459,3.588782837575651,0,0,1,6.066108090103747
4.3,0,1,0,0,0.23,0,0,0,0,1,0,Mobile Cell Phones & Smartphones,6.2166061010848646,4.18950321539533,0,0,1,7.480428306074208
4.4,0,0,0,0,0.0,0,0,0,0,1,0,Computer Peripherals,6.90875477931522,2.633326654906273,0,1,0,11.660776342648958
4.7,0,1,0,0,0.0,0,0,0,0,1,0,Small Gadget Accessories (Cases & Protectors),6.90875477931522,2.39698576841553,0,1,0,8.382975849296429
4.6,0,0,0,0,0.0,0,0,0,0,1,0,"Office Supplies, Ink & Toner",5.993961427306569,4.803118998667745,0,0,1,6.461468176353717
4.6,0,1,0,0,0.0,0,0,0,0,1,0,PC Components,6.90875477931522,2.377692565480851,0,1,0,7.818027938530729
4.7,0,0,0,0,0.0,0,0,0,0,1,0,PC Components,5.707110264748875,5.560681631015528,0,0,1,9.472550778454297
4.4,0,0,0,0,0.0,0,0,0,0,1,0,Laptops,4.61512051684126,6.798977821109555,0,0,1,7.593877844605118
4.7,0,1,0,0,0.0,0,0,0,0,1,0,Small Gadget Accessories (Cases & Protectors),6.90875477931522,2.63834278867739,0,1,0,6.198478716492308
4.4,0,0,0,0,0.0,0,0,0,0,1,0,"Office Supplies, Ink & Toner",4.61512051684126,6.620073206530356,1,0,0,2.833213344056216
4.7,0,1,0,0,0.0,0,0,0,0,1,0,Power & Batteries,7.601402334583733,1.8484548129046,0,1,0,9.79138211875182
4.4,0,1,0,0,0.0,0,0,0,0,1,0,"Audio, Sound & Recording Gear",5.707110264748875,5.476463551931511,0,0,1,7.15305163493748
4.6,0,1,0,0,0.0,0,0,0,0,1,0,"Office Supplies, Ink & Toner",6.55250788703459,3.846951008684431,0,0,1,7.982757702011113
4.6,0,0,0,0,0.0,0,0,0,0,1,0,Cameras & Photography,4.61512051684126,7.242762156775046,0,0,1,4.543294782270004
4.6,0,1,0,0,0.36,0,0,0,0,1,0,Cameras & Photography,5.993961427306569,4.795707897553386,0,0,1,6.726233402358747
4.1,0,0,0,0,0.0,0,0,0,0,1,0,TV & Video Displays,4.61512051684126,6.797906930271534,1,0,0,4.5217885770490405
4.3,0,1,0,0,0.29,0,1,0,0,0,0,Laptops,6.2166061010848646,3.2577118486533987,0,1,0,6.579251212010101
4.5,0,0,0,0,0.0,0,0,0,0,1,0,Cameras & Photography,6.90875477931522,3.309447523052588,0,1,0,10.237635661893249
4.8,0,1,0,0,0.17,0,0,0,0,1,0,"Office Supplies, Ink & Toner",6.90875477931522,3.088311454847084,0,1,0,9.160834952072344
4.3,0,1,0,0,0.0,0,0,0,0,1,0,Mobile Cell Phones & Smartphones,5.993961427306569,4.824867806898001,0,0,1,7.88758403166028
4.8,0,1,0,0,0.4,0,0,0,0,1,0,"Chargers, Adapters & Cables",6.90875477931522,3.0440461338325417,0,0,1,5.087596335232384
4.2,0,0,1,0,0.0,0,0,0,0,1,0,"Office Supplies, Ink & Toner",4.61512051684126,6.463013856174954,1,0,0,6.496774990185863
4.4,0,1,0,0,0.0,0,0,0,0,1,0,Wearables,5.993961427306569,5.30325515557766,0,0,1,5.2832037287379885
4.4,0,0,0,0,0.0,0,0,0,0,1,0,Networking,5.707110264748875,4.755226782194771,0,0,1,4.343805421853684
4.7,0,0,0,0,0.0,0,0,0,0,1,0,"Office Supplies, Ink & Toner",4.61512051684126,6.154858094016418,1,0,0,6.628041376179533
4.5,0,0,0,0,0.0,0,0,0,0,1,0,Storage & Memory Cards,6.2166061010848646,3.6958550678503617,0,0,1,7.187657164114956
4.1,0,1,0,0,0.05,0,0,0,0,1,0,Wearables,6.90875477931522,3.0969341540629585,0,1,0,9.883335864325277
4.8,0,1,0,0,0.3,0,0,0,0,1,0,Power & Batteries,6.90875477931522,3.849934813114724,0,0,1,7.469083884921234
4.2,0,0,0,0,0.0,1,0,0,0,0,0,"Audio, Sound & Recording Gear",5.993961427306569,4.570992734186505,0,0,1,5.869296913133774
4.7,0,1,0,0,0.0,0,0,0,0,1,0,Power & Batteries,6.90875477931522,2.239645293220172,0,1,0,6.778784897685177
4.6,0,1,0,0,0.0,0,0,0,0,1,0,"Office Supplies, Ink & Toner",5.993961427306569,4.229021132213981,0,0,1,5.545177444479562
3.8,0,0,0,0,0.0,0,0,0,0,1,0,TV & Video Displays,5.303304908059076,5.3471075307174685,0,0,1,8.221747728346623
4.2,0,1,0,0,0.0,0,0,0,0,1,0,Cameras & Photography,5.303304908059076,6.042609080431154,0,0,1,6.498282149476434
4.6,0,0,0,0,0.0,0,0,0,0,1,0,Laptops,3.9318256327243257,7.872268394821427,1,0,0,1.3862943611198906
4.6,0,1,0,0,0.06,0,0,0,0,1,0,"Office Supplies, Ink & Toner",6.398594934535208,3.8284239815518326,0,0,1,8.089482474360754
3.5,0,1,1,0,0.12,0,0,0,0,1,0,Wearables,4.61512051684126,5.828945617610208,0,0,1,4.934473933130692
4.3,0,1,0,0,0.0,0,0,0,0,1,0,"Audio, Sound & Recording Gear",6.2166061010848646,4.312140507209715,0,0,1,7.429520842786462
4.7,0,1,0,0,0.1,0,0,0,0,1,0,TV & Video Displays,5.707110264748875,5.010635294096256,0,0,1,9.313167681775653
5.0,0,1,0,0,0.0,0,0,0,0,1,0,"Audio, Sound & Recording Gear",4.61512051684126,7.16703787691222,1,0,0,1.0986122886681098
4.6,0,1,0,0,0.0,0,0,0,0,1,0,Storage & Memory Cards,5.303304908059076,5.418940808871775,0,0,1,7.090909822079984
4.3,0,1,0,0,0.0,0,0,0,0,1,0,Cameras & Photography,5.707110264748875,5.005756746645148,0,0,1,7.961718815981363
4.7,0,1,0,0,0.0,0,0,0,0,1,0,Cameras & Photography,4.61512051684126,7.090076835776092,0,0,1,5.793013608384144
4.0,0,1,0,0,0.33,0,0,0,0,1,0,Smart Home & Security,6.2166061010848646,4.110709916308365,0,0,1,7.622663951323595
4.8,0,0,0,0,0.0,0,0,0,0,1,0,Small Gadget Accessories (Cases & Protectors),5.303304908059076,4.874815570953721,0,0,1,8.254528881939745
4.0,0,0,0,0,0.0,0,0,0,0,1,0,Networking,5.303304908059076,5.30325515557766,0,0,1,7.533158807455563
4.2,0,1,0,1,0.0,0,0,0,0,1,0,Mobile Cell Phones & Smartphones,5.993961427306569,5.087287645617338,0,0,1,8.406708458240965
4.5,0,0,0,0,0.0,0,0,0,0,1,0,Computer Peripherals,6.2166061010848646,4.436396441739405,0,0,1,9.414668009032752
4.7,0,1,0,0,0.0,0,0,0,0,1,0,Cameras & Photography,5.303304908059076,5.91350300563827,0,0,1,8.443115988019922
4.7,0,1,0,0,0.06,0,0,0,0,1,0,"Office Supplies, Ink & Toner",6.398594934535208,3.970291913552122,0,0,1,7.937731775260109
4.8,0,1,0,0,0.1,0,0,0,0,1,0,Cameras & Photography,5.303304908059076,6.216506295705272,0,0,1,5.111987788356544
4.7,0,1,0,0,0.0,0,0,0,0,1,0,"Office Supplies, Ink & Toner",6.2166061010848646,3.295466427029913,0,1,0,6.774223886357614
4.6,0,1,0,0,0.0,0,0,0,0,1,0,"Chargers, Adapters & Cables",6.90875477931522,2.209372711271867,0,1,0,10.242670397850311
4.5,0,1,0,0,0.17,0,0,0,0,1,0,TV & Video Displays,6.2166061010848646,3.89079936897652,0,1,0,8.247743887225516
4.6,0,1,0,0,0.0,0,0,0,0,1,0,PC Components,5.707110264748875,5.141605075260502,0,0,1,5.786897381366708
4.8,1,1,0,0,0.15,1,0,0,0,0,0,Power & Batteries,11.51293546492023,3.043569602968151,0,0,1,11.021232309353408
4.3,0,1,0,0,0.08,0,0,0,0,1,0,TV & Video Displays,4.61512051684126,7.170880792087884,1,0,0,4.007333185232471
4.6,0,1,0,0,0.0,0,0,0,0,1,0,TV & Video Displays,6.2166061010848646,4.5107496103686,0,0,1,8.371473537066832
4.4,0,1,0,0,0.09,0,0,0,0,1,0,Computer Peripherals,5.707110264748875,5.707077041605631,0,0,1,7.586803535162581
4.2,0,1,0,0,0.43,0,0,0,0,1,0,Computer Peripherals,5.707110264748875,5.017213609456379,0,0,1,7.540621528657152
4.8,0,1,0,0,0.0,0,0,0,0,1,0,"Office Supplies, Ink & Toner",5.303304908059076,4.90527477843843,0,0,1,7.5480289699350145
4.4,0,0,0,0,0.0,0,0,0,0,1,0,Wearables,0.0,2.39698576841553,0,1,0,3.970291913552122
4.5,0,1,0,0,0.0,0,0,0,0,1,0,Computer Peripherals,6.2166061010848646,3.688629422858727,0,0,1,7.313220387090301
4.3,0,1,0,0,0.25,0,0,0,0,1,0,Computer Peripherals,6.2166061010848646,4.3943256902608985,0,0,1,6.915723448631314
3.8,0,1,0,0,0.0,0,0,0,0,1,0,Wearables,5.993961427306569,5.081093757744817,0,0,1,6.386879319362645
4.6,0,0,0,0,0.0,0,0,0,0,1,0,"Office Supplies, Ink & Toner",0.0,4.488411625377895,0,0,1,3.688879454113936
4.4,0,0,0,0,0.0,0,0,0,0,1,0,"Audio, Sound & Recording Gear",5.993961427306569,4.255612709818223,0,0,1,5.8971538676367405
4.4,0,1,0,0,0.0,0,0,0,0,1,0,PC Components,5.707110264748875,5.484755438853831,0,0,1,4.248495242049359
4.5,0,1,0,0,0.34,0,0,0,0,1,0,Tablets & E-readers (DEVICES ONLY),6.2166061010848646,4.110709916308365,0,0,1,5.5093883366279774
4.7,0,1,0,0,0.0,0,0,0,0,1,0,Small Gadget Accessories (Cases & Protectors),6.90875477931522,2.63834278867739,0,1,0,8.043342170441608
4.2,0,1,0,0,0.36,0,0,0,0,1,0,Computer Peripherals,5.707110264748875,5.638319081511895,0,0,1,6.315358001522335
4.4,0,1,0,0,0.0,0,0,0,0,1,0,Mobile Cell Phones & Smartphones,5.993961427306569,4.663344750039164,0,0,1,7.540621528657152
4.5,0,0,0,0,0.0,0,0,0,0,1,0,Computer Peripherals,4.61512051684126,7.160838142659004,1,0,0,3.610917912644224
4.4,0,1,0,0,0.07,0,0,0,0,1,0,Printers & Scanners (Hardware),5.707110264748875,4.709440107163888,0,1,0,3.1780538303479458
4.7,0,1,0,0,0.1,0,0,0,0,1,0,PC Components,5.993961427306569,4.6150215020384655,0,0,1,8.131824785007195
4.8,0,0,0,0,0.0,0,0,0,0,1,0,"Office Supplies, Ink & Toner",6.2166061010848646,4.27513717299578,0,0,1,6.9865664594064265
4.0,0,1,0,0,0.0,0,0,0,0,1,0,"Chargers, Adapters & Cables",6.90875477931522,2.5641798306825083,0,1,0,6.882437470997847
4.1,0,0,0,0,0.0,0,0,0,0,1,0,Computer Peripherals,6.398594934535208,4.262539022051294,0,0,1,9.448569560708432
4.4,0,1,0,0,0.0,0,0,0,0,1,0,Computer Peripherals,6.2166061010848646,3.0281994636914926,0,1,0,6.063785208687608
4.8,0,1,0,0,0.0,0,0,0,0,1,0,"Audio, Sound & Recording Gear",5.303304908059076,5.802088163440325,0,0,1,3.58351893845611
4.2,0,1,0,0,0.17,0,0,0,0,1,0,Wearables,5.707110264748875,4.795707897553386,0,0,1,7.25063551189868
4.6,0,1,0,0,0.2,0,0,0,0,1,0,Computer Peripherals,0.0,3.58324112209094,0,1,0,4.356708826689592
4.3,0,1,0,0,0.43,0,0,0,0,1,0,"Audio, Sound & Recording Gear",6.2166061010848646,4.130354999745133,0,0,1,7.812782818577581
4.3,0,1,0,0,0.0,0,0,0,0,1,0,"Office Supplies, Ink & Toner",5.707110264748875,4.855851080295389,0,0,1,8.406038142050075
0.0,0,0,0,0,0.0,0,0,0,0,1,0,Tablets & E-readers (DEVICES ONLY),3.9318256327243257,7.039616527692433,1,0,0,0.0
4.4,0,0,0,0,0.0,0,0,0,0,1,0,"Office Supplies, Ink & Toner",5.303304908059076,5.673288902319859,0,0,1,7.275172319452771
4.5,0,1,0,0,0.24,0,0,0,0,1,0,Other Electronics,5.707110264748875,5.743804149005687,0,0,1,7.77485576666552
4.5,0,1,0,0,0.17,0,0,0,0,1,0,Storage & Memory Cards,6.2166061010848646,3.8916161956504833,0,0,1,7.8713112033234065
4.3,0,1,0,0,0.0,0,0,0,0,1,0,TV & Video Displays,5.993961427306569,4.6150215020384655,0,0,1,7.681099001536359
4.1,0,1,1,0,0.0,0,0,0,0,1,0,Printers & Scanners (Hardware),4.61512051684126,6.066084887978432,0,0,1,4.499809670330265
4.4,0,1,0,0,0.0,0,0,0,0,1,0,Computer Peripherals,6.2166061010848646,3.5550623063795967,0,1,0,7.876258882303226
4.5,0,0,0,0,0.0,0,0,0,0,1,0,Power & Batteries,6.90875477931522,2.301584592660462,0,1,0,5.53338948872752
3.9,0,1,0,0,0.15,0,0,0,0,1,0,TV & Video Displays,5.707110264748875,5.017213609456379,0,0,1,7.290292882446597
4.1,0,1,0,0,0.0,0,0,0,0,1,0,Wearables,6.90875477931522,1.944480556245719,0,1,0,8.408493774492896
4.5,0,1,0,1,0.07,0,0,0,0,1,0,"Chargers, Adapters & Cables",6.2166061010848646,3.433664571799657,0,0,1,4.430816798843313
4.4,0,1,0,0,0.0,0,0,0,0,1,0,"Audio, Sound & Recording Gear",5.993961427306569,4.859812404361672,0,0,1,6.826545223556594
3.8,1,1,0,0,0.15,0,0,0,0,1,0,Computer Peripherals,3.9318256327243257,5.673288902319859,0,0,1,4.465908118654584
4.3,0,1,0,0,0.1,0,0,0,0,1,0,PC Components,5.707110264748875,5.545138381216603,0,0,1,4.820281565605037
4.1,0,0,1,0,0.0,0,0,0,0,1,0,Printers & Scanners (Hardware),4.61512051684126,5.314338342602215,0,0,1,4.983606621708336
4.4,0,0,0,0,0.0,0,0,0,0,1,0,"Office Supplies, Ink & Toner",5.303304908059076,5.659098867029561,0,0,1,4.543294782270004
4.0,1,1,0,0,0.0,0,0,0,0,1,0,"Chargers, Adapters & Cables",0.0,5.638319081511895,1,0,0,3.4339872044851463
4.6,0,1,0,0,0.0,0,0,0,0,1,0,"Office Supplies, Ink & Toner",6.68586094706836,3.4239368686316447,0,0,1,7.309212365692763
4.4,0,0,0,0,0.0,0,0,0,0,1,0,"Office Supplies, Ink & Toner",5.303304908059076,5.719951055817785,0,0,1,3.912023005428146
4.7,0,0,1,0,0.0,0,0,0,0,1,0,"Office Supplies, Ink & Toner",6.803505257608338,2.8887037007954675,0,1,0,9.197052477649247
4.4,0,1,0,0,0.0,0,0,0,0,1,0,Small Gadget Accessories (Cases & Protectors),6.2166061010848646,3.467297183366679,0,0,1,5.673323267171493
4.7,0,1,0,0,0.0,0,0,0,0,1,0,Computer Peripherals,6.2166061010848646,3.783962335360629,0,0,1,8.133293861222633
4.4,0,1,0,1,0.0,0,0,0,0,1,0,Computer Peripherals,6.2166061010848646,4.5107496103686,0,0,1,4.897839799950911
4.7,0,1,0,0,0.0,1,0,0,0,0,0,"Chargers, Adapters & Cables",6.90875477931522,2.6239436918052106,0,1,0,6.07993319509559
4.4,0,0,0,0,0.0,0,0,0,0,1,0,Wearables,5.303304908059076,4.9486889658772695,0,0,1,4.624972813284271
4.6,0,0,0,0,0.21,0,0,0,0,1,0,"Chargers, Adapters & Cables",6.2166061010848646,3.663305202994506,0,0,1,6.48768401848461
4.9,0,1,0,0,0.0,0,0,0,0,1,0,Computer Peripherals,4.61512051684126,7.408530566894626,1,0,0,4.820281565605037
4.7,0,1,0,0,0.0,0,0,0,0,1,0,Storage & Memory Cards,5.993961427306569,4.030516899475935,0,0,1,6.964135612418245
4.6,0,0,0,0,0.0,0,0,0,0,1,0,"Office Supplies, Ink & Toner",6.68586094706836,3.367295829986474,0,1,0,7.829630389150193
4.7,0,1,1,0,0.16,0,0,0,0,1,0,"Office Supplies, Ink & Toner",6.90875477931522,3.2577118486533987,0,1,0,8.029432840581244
4.8,0,0,0,0,0.14,0,0,0,0,1,0,TV & Video Displays,6.2166061010848646,4.077367938014984,0,1,0,8.399984990510696
4.1,0,1,1,0,0.33,0,0,0,0,1,0,Smart Home & Security,5.707110264748875,5.525413097700675,0,0,1,8.517193191416238
4.7,0,1,0,0,0.0,0,0,0,0,1,0,"Chargers, Adapters & Cables",6.90875477931522,2.315501318260592,0,1,0,9.121290555142672
4.4,0,1,0,0,0.0,0,0,0,0,1,0,Wearables,5.993961427306569,4.441356300749876,0,0,1,10.902150584168144
4.0,0,1,0,0,0.0,0,0,0,0,1,0,PC Components,5.303304908059076,5.169005630067697,0,0,1,4.61512051684126
4.2,0,0,0,0,0.38,0,0,0,0,1,0,Printers & Scanners (Hardware),5.993961427306569,4.642562305205154,0,1,0,5.3471075307174685
4.2,0,0,0,0,0.0,0,0,0,0,1,0,Other Electronics,4.61512051684126,6.609281855452135,1,0,0,5.525452939131784
4.5,0,1,0,0,0.14,0,0,0,0,1,0,Power & Batteries,5.707110264748875,4.653960350157523,1,0,0,6.400257445308821
4.6,0,0,0,0,0.0,0,0,0,0,1,0,"Audio, Sound & Recording Gear",4.61512051684126,7.955421581365307,1,0,0,5.501258210544727
4.3,0,0,0,0,0.16,0,0,0,0,1,0,Computer Peripherals,6.398594934535208,3.8284239815518326,0,0,1,7.674617497364363
4.1,0,1,0,0,0.11,0,0,0,0,1,0,"Audio, Sound & Recording Gear",6.55250788703459,3.806440242853081,0,1,0,8.511376306094673
4.4,0,1,0,0,0.31,0,0,0,0,1,0,Tablets & E-readers (DEVICES ONLY),5.303304908059076,5.081342251254203,0,0,1,3.332204510175204
4.5,0,1,0,0,0.0,0,0,0,0,1,0,Laptops,4.61512051684126,6.90419896277936,0,0,1,4.143134726391533
4.4,0,1,0,0,0.0,0,0,0,0,1,0,"Chargers, Adapters & Cables",4.61512051684126,6.401966946733414,1,0,0,6.432940092739179
4.5,0,1,0,0,0.0,0,0,0,0,1,0,Computer Peripherals,5.303304908059076,5.707077041605631,0,0,1,6.994849985833071
4.8,0,1,0,0,0.33,0,0,0,0,1,0,Power & Batteries,6.90875477931522,2.39698576841553,0,0,1,8.47782846789396
4.5,0,1,0,0,0.0,0,0,0,0,1,0,Mobile Cell Phones & Smartphones,5.993961427306569,4.241326752570746,0,0,1,6.870053411798126
4.6,0,1,0,0,0.09,0,0,0,0,1,0,"Audio, Sound & Recording Gear",5.993961427306569,4.605170185988092,0,0,1,7.917536353943631
4.1,0,1,0,0,0.0,0,0,0,0,1,0,"Audio, Sound & Recording Gear",6.2166061010848646,4.644294740672142,0,0,1,8.020270472819238
4.4,0,0,0,0,0.0,0,0,0,0,1,0,PC Components,5.303304908059076,5.830914266783482,0,0,1,5.857933154483459
4.3,0,0,0,0,0.44,0,0,0,0,1,0,Small Gadget Accessories (Cases & Protectors),6.2166061010848646,3.931629535067065,0,0,1,6.373319789577012
4.1,0,1,0,0,0.0,0,0,0,0,1,0,Computer Peripherals,6.2166061010848646,3.725452434344777,0,0,1,8.166784289056151
4.7,0,1,0,0,0.0,0,0,0,0,1,0,Laptops,6.2166061010848646,4.330733340286331,0,1,0,8.39773375137891
4.7,0,1,0,0,0.0,0,0,0,0,1,0,"Office Supplies, Ink & Toner",6.68586094706836,3.286160571673797,0,1,0,8.452761331256848
4.6,0,1,0,0,0.3,0,0,0,0,1,0,"Audio, Sound & Recording Gear",6.2166061010848646,4.61512051684126,0,0,1,7.612336837167746
4.5,0,1,0,0,0.0,0,0,0,0,1,0,TV & Video Displays,5.993961427306569,4.709440107163888,0,0,1,6.77078942390898
4.6,0,1,0,0,0.29,0,0,0,0,1,0,Small Gadget Accessories (Cases & Protectors),6.90875477931522,3.043569602968151,0,1,0,7.392031567514591
4.6,0,1,0,0,0.1,0,0,0,0,1,0,TV & Video Displays,4.61512051684126,7.003965054029298,1,0,0,6.175867270105761
4.8,0,0,0,0,0.0,0,0,0,0,1,0,Other Electronics,5.707110264748875,5.703782474656201,0,0,1,11.29916277546177
4.7,0,1,0,0,0.0,0,0,0,0,1,0,"Office Supplies, Ink & Toner",7.601402334583733,1.8702625307159984,0,1,0,9.226508953137769
4.7,0,1,0,0,0.09,0,0,0,0,1,0,"Audio, Sound & Recording Gear",5.303304908059076,5.10594547390058,0,0,1,8.683893367307235
4.2,0,1,0,0,0.44,0,0,0,0,1,0,"Audio, Sound & Recording Gear",5.993961427306569,4.248495242049359,0,0,1,7.01301578963963
4.6,0,1,0,0,0.0,0,0,0,0,1,0,PC Components,4.61512051684126,5.6503816979290855,0,0,1,5.081404364984463
4.3,0,1,0,0,0.0,0,0,0,0,1,0,Networking,5.707110264748875,4.6150215020384655,0,0,1,4.934473933130692
4.2,0,1,0,0,0.0,0,0,0,0,1,0,Wearables,6.2166061010848646,4.330601752681694,0,0,1,8.203851372183879
4.5,0,1,0,0,0.0,0,0,0,0,1,0,"Office Supplies, Ink & Toner",6.398594934535208,4.181286492355909,0,0,1,8.535425959677298
4.4,0,1,0,0,0.13,0,0,0,0,1,0,PC Components,5.303304908059076,5.609435164477434,0,0,1,6.492239835020471
4.4,0,1,0,0,0.27,0,0,0,0,1,0,Computer Peripherals,5.303304908059076,5.19295685089021,0,0,1,7.507690077819904
4.5,0,1,0,0,0.15,0,0,0,0,1,0,TV & Video Displays,5.993961427306569,4.874968289341312,0,0,1,7.8160138391590275
4.0,0,1,1,0,0.4,0,0,0,0,1,0,Small Gadget Accessories (Cases & Protectors),6.2166061010848646,4.110053855927281,0,0,1,8.718500048121273
4.6,0,1,0,0,0.0,0,0,0,0,1,0,PC Components,5.707110264748875,5.081342251254203,0,0,1,6.148468295917647
4.6,0,1,1,0,0.0,0,0,0,0,1,0,"Office Supplies, Ink & Toner",6.90875477931522,3.342508385313476,0,1,0,8.620471540869739
4.3,0,1,0,0,0.07,0,0,0,0,1,0,Storage & Memory Cards,6.2166061010848646,3.8709926558701535,0,0,1,10.086975095970052
4.6,0,1,0,0,0.0,0,0,0,0,1,0,Computer Peripherals,5.993961427306569,5.30325515557766,0,0,1,5.4510384535657
4.6,0,1,0,0,0.35,0,0,0,0,1,0,"Chargers, Adapters & Cables",5.993961427306569,4.330601752681694,0,0,1,5.616771097666572
4.5,0,1,0,0,0.29,0,0,0,0,1,0,Power & Batteries,6.2166061010848646,3.58324112209094,0,0,1,8.80071662871916
4.6,0,0,0,0,0.0,0,0,0,0,1,0,"Chargers, Adapters & Cables",6.2166061010848646,3.0411835364579085,0,0,1,4.59511985013459
4.6,0,1,0,0,0.07,0,0,0,0,1,0,"Office Supplies, Ink & Toner",6.398594934535208,3.779633817382401,0,0,1,8.029432840581244
4.2,0,1,0,0,0.15,0,0,0,0,1,0,Tablets & E-readers (DEVICES ONLY),5.707110264748875,5.707077041605631,0,0,1,5.934894195619588
4.5,0,0,0,0,0.0,0,0,0,0,1,0,Computer Peripherals,6.90875477931522,3.366950942933564,0,1,0,7.837554360881084
4.5,0,1,0,0,0.0,0,0,0,0,1,0,Video Game Consoles & Virtual Reality,6.68586094706836,3.2577118486533987,0,1,0,9.127719343287843
4.5,0,1,1,0,0.09,0,0,0,0,1,0,Small Gadget Accessories (Cases & Protectors),6.90875477931522,3.433664571799657,0,0,1,6.248042874508429
4.6,0,0,0,0,0.0,0,0,0,0,1,0,Cameras & Photography,4.61512051684126,6.921628597914643,0,0,1,5.733341276897746
4.6,0,1,0,0,0.0,0,0,0,0,1,0,"Office Supplies, Ink & Toner",5.993961427306569,4.633660456387719,0,0,1,6.369900982828227
4.8,0,0,0,0,0.0,0,0,0,0,1,0,Small Gadget Accessories (Cases & Protectors),4.61512051684126,5.903725632799975,1,0,0,6.963189985870238
4.3,0,1,0,0,0.0,0,0,0,0,1,0,"Audio, Sound & Recording Gear",5.993961427306569,5.003274939689963,0,0,1,7.177782416195197
4.4,0,1,0,0,0.0,0,0,0,0,1,0,Wearables,6.2166061010848646,3.968403338864253,0,0,1,6.715383386334681
4.7,0,1,0,0,0.0,0,0,0,0,1,0,Cameras & Photography,3.9318256327243257,7.823645930834952,1,0,0,4.143134726391533
4.7,0,1,0,0,0.1,0,0,0,0,1,0,Cameras & Photography,6.2166061010848646,3.7133281345162463,0,1,0,5.891644211825772
4.5,0,1,0,0,0.5,0,0,0,0,1,0,Small Gadget Accessories (Cases & Protectors),6.2166061010848646,4.110709916308365,0,0,1,4.962844630259907
4.0,0,1,0,1,0.0,0,0,0,0,1,0,"Audio, Sound & Recording Gear",6.90875477931522,5.081342251254203,0,0,1,4.158883083359672
4.3,0,1,0,0,0.21,0,0,0,0,1,0,Power & Batteries,5.303304908059076,5.99393648933976,1,0,0,8.3654396361887
4.5,0,0,0,0,0.0,0,0,0,0,1,0,"Chargers, Adapters & Cables",6.2166061010848646,3.768383555226536,0,0,1,11.222546425637187
4.7,0,0,0,0,0.0,0,0,0,0,1,0,"Office Supplies, Ink & Toner",5.993961427306569,4.800901429691963,0,0,1,7.51425465281641
4.6,0,1,0,0,0.14,0,0,0,0,1,0,"Office Supplies, Ink & Toner",5.993961427306569,3.640476714885769,0,0,1,5.828945617610208
3.8,0,0,0,0,0.0,0,0,0,0,1,0,"Office Supplies, Ink & Toner",5.707110264748875,5.19844178112078,0,0,1,6.208590026096629
4.2,0,1,0,0,0.0,0,0,0,0,1,0,Laptops,4.61512051684126,6.852242569051878,0,0,1,3.4657359027997265
4.0,0,1,0,0,0.34,0,0,0,0,1,0,Other Electronics,5.303304908059076,6.552493621597604,1,0,0,4.836281906951478
4.5,0,1,0,0,0.24,0,0,0,0,1,0,"Chargers, Adapters & Cables",4.61512051684126,6.413131034554154,1,0,0,5.575949103146316
4.6,0,1,0,0,0.0,0,0,0,0,1,0,Networking,4.61512051684126,6.54526344972184,1,0,0,5.087596335232384
4.4,0,1,0,0,0.0,0,0,0,0,1,0,PC Components,6.2166061010848646,3.688879454113936,0,1,0,9.181529290122064
4.7,0,1,0,0,0.0,0,0,0,0,1,0,Cameras & Photography,6.90875477931522,3.088311454847084,0,1,0,8.636752426473876
4.3,0,0,0,0,0.0,0,0,0,0,1,0,Laptops,5.303304908059076,5.638319081511895,0,0,1,3.4657359027997265
4.3,0,1,0,0,0.0,0,0,0,0,1,0,Computer Peripherals,5.993961427306569,4.867534450455582,0,0,1,5.648974238161206
4.5,0,0,0,0,0.0,0,0,0,0,1,0,Smart Home & Security,3.9318256327243257,7.068980872481357,1,0,0,5.955837369464831
4.7,0,1,0,0,0.0,0,0,0,0,1,0,"Audio, Sound & Recording Gear",5.707110264748875,5.016948656152848,0,0,1,7.239932591320469
4.6,0,1,0,0,0.18,0,0,0,0,1,0,"Chargers, Adapters & Cables",6.2166061010848646,4.008786673860454,0,0,1,7.895808377083183
4.5,0,1,0,0,0.0,0,0,0,0,1,0,Small Gadget Accessories (Cases & Protectors),6.2166061010848646,3.5248888540047054,0,0,1,8.847359875474174
4.7,0,1,0,0,0.0,1,0,0,0,0,0,"Office Supplies, Ink & Toner",6.55250788703459,3.8709926558701535,0,0,1,8.47345026846832
4.1,0,1,0,0,0.0,0,0,0,0,1,0,TV & Video Displays,5.303304908059076,6.311734809152915,0,0,1,2.3978952727983707
3.9,1,1,0,0,0.19,0,0,0,0,1,0,"Audio, Sound & Recording Gear",0.0,2.8326249356838407,0,1,0,3.332204510175204
4.3,0,1,0,0,0.0,0,0,0,0,1,0,Computer Peripherals,5.303304908059076,6.111445166307853,1,0,0,6.51471269087253
4.3,0,1,0,0,0.0,0,0,0,0,1,0,TV & Video Displays,4.61512051684126,6.381799096789172,0,0,1,6.849066282633458
4.8,0,1,0,0,0.0,0,0,0,0,1,0,"Office Supplies, Ink & Toner",6.90875477931522,2.286455711064162,0,1,0,8.046869510959576
4.7,0,1,0,0,0.08,0,0,0,0,1,0,PC Components,5.707110264748875,5.278063637520769,0,0,1,5.963579343618446
4.5,0,1,0,0,0.33,0,0,0,0,1,0,Networking,6.2166061010848646,3.433664571799657,0,1,0,6.879355804460439
4.5,0,1,0,0,0.32,0,0,0,0,1,0,"Office Supplies, Ink & Toner",6.90875477931522,3.099190981922221,0,1,0,8.149312843635345
4.7,0,0,0,0,0.0,0,0,0,0,1,0,"Office Supplies, Ink & Toner",5.707110264748875,5.484340397758805,0,0,1,6.558197802812269
4.3,0,1,0,0,0.09,0,0,0,0,1,0,Mobile Cell Phones & Smartphones,5.303304908059076,5.792159585273614,0,0,1,7.419380582918692
4.6,0,1,0,0,0.2,0,0,0,0,1,0,PC Components,5.707110264748875,5.036887665240322,0,0,1,10.004147035635306
4.1,0,1,0,0,0.0,0,0,0,0,1,0,"Audio, Sound & Recording Gear",6.2166061010848646,3.5260663637080247,0,1,0,8.295798110636145
4.6,0,1,0,0,0.0,0,0,0,0,1,0,"Chargers, Adapters & Cables",6.90875477931522,2.8616292890305104,0,0,1,10.903163093344212
4.0,0,0,0,0,0.0,0,0,0,0,1,0,TV & Video Displays,5.707110264748875,4.883559211528279,0,0,1,5.313205979041787
4.0,0,1,0,0,0.0,0,0,0,0,1,0,Laptops,5.303304908059076,5.733341276897746,0,0,1,7.108244139731541
4.3,0,1,0,0,0.0,0,0,0,0,1,0,Wearables,6.90875477931522,2.831447079246135,0,1,0,9.405002140854744
4.5,0,0,0,0,0.0,0,0,0,0,1,0,Small Gadget Accessories (Cases & Protectors),6.2166061010848646,4.875120984409557,0,0,1,8.557759153162898
4.8,0,1,0,0,0.0,0,0,0,0,1,0,Small Gadget Accessories (Cases & Protectors),6.90875477931522,3.713572066704308,0,0,1,7.104144092987527
4.6,0,0,0,0,0.0,0,0,0,0,1,0,"Office Supplies, Ink & Toner",6.2166061010848646,3.951243718581428,0,0,1,6.950814768442584
4.7,0,1,0,0,0.0,0,0,0,0,1,0,"Office Supplies, Ink & Toner",6.2166061010848646,3.218475744846861,0,1,0,8.10076824307173
4.4,0,1,0,0,0.11,0,0,0,0,1,0,"Chargers, Adapters & Cables",6.2166061010848646,2.9433857931817817,0,0,1,3.367295829986474
4.3,0,1,1,0,0.33,0,0,0,0,1,0,"Office Supplies, Ink & Toner",6.68586094706836,3.7133281345162463,0,0,1,9.846970109700957
4.5,0,1,0,0,0.14,0,0,0,0,1,0,PC Components,5.707110264748875,4.983538126211888,0,0,1,6.884486652042782
4.5,0,0,0,0,0.0,0,0,0,0,1,0,Wearables,5.303304908059076,5.707077041605631,0,0,1,5.4510384535657
3.8,0,1,1,0,0.0,0,0,0,0,1,0,Cameras & Photography,5.303304908059076,5.272691818909064,0,0,1,5.53338948872752
4.6,0,1,0,0,0.64,0,0,0,0,1,0,Computer Peripherals,6.90875477931522,3.2577118486533987,0,1,0,9.580316462154045
4.0,1,1,0,0,0.13,0,0,0,0,1,0,"Chargers, Adapters & Cables",0.0,4.330601752681694,0,0,1,0.6931471805599453
4.7,0,1,0,0,0.0,0,0,0,0,1,0,Storage & Memory Cards,6.90875477931522,2.1400661634962708,0,1,0,8.374938143835367
4.4,0,1,0,0,0.17,0,0,0,0,1,0,Mobile Cell Phones & Smartphones,5.303304908059076,5.707077041605631,0,0,1,5.834810737062605
4.2,0,1,0,0,0.0,0,0,0,0,1,0,"Audio, Sound & Recording Gear",5.707110264748875,4.624972813284271,0,0,1,5.488937726156687
4.8,0,0,0,0,0.0,0,0,0,0,1,0,"Chargers, Adapters & Cables",6.2166061010848646,4.330601752681694,0,0,1,7.103322062526113
4.6,0,1,0,0,0.0,0,0,0,0,1,0,TV & Video Displays,5.707110264748875,4.90527477843843,0,0,1,8.344029572407049
4.4,0,1,0,0,0.0,0,0,0,0,1,0,Smart Home & Security,4.61512051684126,6.415080592425549,1,0,0,7.290292882446597
4.4,0,1,0,0,0.25,0,0,0,0,1,0,TV & Video Displays,6.90875477931522,3.0440461338325417,0,1,0,7.426549072397305
4.0,0,1,0,0,0.06,0,0,0,0,1,0,Mobile Cell Phones & Smartphones,6.2166061010848646,4.248352374701448,0,0,1,5.332718793265369
4.5,0,1,0,0,0.0,0,0,0,0,1,0,"Office Supplies, Ink & Toner",6.2166061010848646,3.931629535067065,0,0,1,6.773080375655535
4.0,0,0,0,0,0.0,0,0,0,0,1,0,PC Components,5.707110264748875,5.2626383740910185,0,0,1,5.181783550292085
4.6,0,1,0,1,0.11,0,0,0,0,1,0,"Chargers, Adapters & Cables",6.90875477931522,2.7073833121145063,0,1,0,7.311218384419629
4.4,0,0,0,0,0.0,0,0,0,0,1,0,"Office Supplies, Ink & Toner",5.303304908059076,5.170483995038151,0,0,1,9.489334816030398
4.8,0,0,0,0,0.0,1,0,0,0,0,0,Networking,4.61512051684126,5.935476036899127,0,0,1,5.723585101952381
4.8,0,1,0,0,0.0,0,0,0,0,1,0,Power & Batteries,6.90875477931522,2.225704048658088,0,1,0,6.643789733147672
4.7,0,1,0,0,0.0,0,0,0,0,1,0,Cameras & Photography,3.9318256327243257,8.215533891033598,1,0,0,5.2574953720277815
4.7,0,1,0,0,0.09,0,0,0,0,1,0,Power & Batteries,6.90875477931522,2.94706710157271,0,0,1,8.524764456912555
4.5,0,1,1,0,0.0,0,0,0,0,1,0,Small Gadget Accessories (Cases & Protectors),6.90875477931522,2.7073833121145063,0,1,0,7.606387389772652
4.6,0,1,0,0,0.0,0,0,0,0,1,0,"Chargers, Adapters & Cables",6.2166061010848646,3.6373229671995344,0,0,1,3.737669618283368
4.4,0,1,0,0,0.0,0,0,0,0,1,0,TV & Video Displays,4.61512051684126,5.831853151340319,0,0,1,4.948759890378168
4.5,0,1,0,0,0.12,0,0,0,0,1,0,Small Gadget Accessories (Cases & Protectors),6.2166061010848646,3.2577118486533987,0,0,1,9.221774749601844
4.5,0,0,0,0,0.14,0,0,0,0,1,0,Small Gadget Accessories (Cases & Protectors),6.90875477931522,3.09058780456667,0,0,1,9.920688759855905
4.3,0,1,0,0,0.0,0,0,0,0,1,0,Printers & Scanners (Hardware),5.993961427306569,4.430697744137536,0,1,0,6.669498089857879
4.2,0,1,0,0,0.06,0,0,0,0,1,0,Laptops,4.61512051684126,5.587211204515341,0,0,1,3.610917912644224
4.7,0,1,0,0,0.0,0,0,0,0,1,0,"Chargers, Adapters & Cables",6.2166061010848646,2.9947317732204075,0,0,1,8.52377150677636
4.4,0,1,0,0,0.0,0,0,0,0,1,0,Smart Home & Security,5.707110264748875,4.5107496103686,0,0,1,4.23410650459726
4.6,0,0,0,0,0.0,0,0,0,0,1,0,Cameras & Photography,5.303304908059076,4.948405217560121,0,0,1,3.1780538303479458
4.4,0,1,0,0,0.0,0,0,0,0,1,0,"Office Supplies, Ink & Toner",6.90875477931522,2.590767040487478,0,1,0,9.282568005973063
4.1,0,1,0,0,0.0,0,0,0,0,1,0,Computer Peripherals,4.61512051684126,6.061433608633024,1,0,0,5.899897353582492
4.7,0,0,0,0,0.0,0,0,0,0,1,0,Computer Peripherals,6.2166061010848646,3.1970391302590264,0,1,0,3.688879454113936
4.6,0,1,0,0,0.0,0,0,0,0,1,0,Laptops,6.90875477931522,2.7073833121145063,0,1,0,6.893656354602635
4.8,0,0,0,0,0.0,0,0,0,0,1,0,"Office Supplies, Ink & Toner",5.993961427306569,4.633660456387719,0,0,1,7.304515946460155
4.6,0,0,0,0,0.0,0,0,0,0,1,0,Cameras & Photography,6.2166061010848646,2.844327819394758,0,1,0,7.4489161025442
4.6,0,0,0,0,0.0,1,0,0,0,0,0,PC Components,5.303304908059076,5.707077041605631,0,0,1,8.058960017769417
4.8,0,0,0,0,0.0,0,0,0,0,1,0,"Office Supplies, Ink & Toner",5.707110264748875,4.48863636973214,0,0,1,5.384495062789089
4.8,0,1,0,0,0.06,0,0,0,0,1,0,Laptops,5.303304908059076,5.537334267018537,0,0,1,3.9889840465642745
4.6,0,1,0,0,0.0,0,0,0,0,1,0,"Audio, Sound & Recording Gear",5.993961427306569,4.454231010422805,0,0,1,7.976595409316577
4.1,0,1,0,0,0.0,0,0,0,0,1,0,Smart Home & Security,6.90875477931522,2.771963526845863,0,1,0,9.709417248707624
3.8,0,0,0,0,0.0,0,0,0,0,1,0,Wearables,5.707110264748875,5.298317366548036,0,0,1,6.818924065275521
4.2,0,0,0,0,0.6,0,0,0,0,1,0,Wearables,6.2166061010848646,4.8977651703005165,0,0,1,7.030857476116121
4.2,0,0,0,0,0.0,0,0,0,0,1,0,PC Components,5.303304908059076,5.532796427525992,0,0,1,6.210600077024653
4.7,0,1,0,0,0.0,0,0,0,0,1,0,"Audio, Sound & Recording Gear",6.2166061010848646,3.849934813114724,0,1,0,7.10002716662926
4.5,0,0,0,0,0.0,0,0,0,0,1,0,PC Components,5.303304908059076,7.200424892944957,1,0,0,3.8918202981106265
4.2,0,1,0,0,0.14,0,0,0,0,1,0,Laptops,4.61512051684126,6.551080335043404,0,0,1,4.624972813284271
4.7,0,1,0,0,0.6,0,0,0,0,1,0,"Office Supplies, Ink & Toner",6.803505257608338,3.931629535067065,0,0,1,8.961109485898655
4.5,0,1,0,0,0.05,0,0,0,0,1,0,PC Components,5.303304908059076,4.553771622902091,0,1,0,6.001414877961151
3.7,0,1,1,0,0.0,0,0,0,0,1,0,Wearables,5.993961427306569,5.068904202220232,0,0,1,8.652947112393857
4.7,0,1,0,0,0.0,0,0,0,0,1,0,"Office Supplies, Ink & Toner",6.2166061010848646,3.082368580213537,0,1,0,7.037027614686276
4.5,0,1,0,0,0.09,0,0,0,0,1,0,Power & Batteries,6.2166061010848646,3.945070859474346,0,0,1,7.333023014386481
4.7,0,1,0,0,0.0,0,0,0,0,1,0,Cameras & Photography,3.9318256327243257,8.006367567650246,1,0,0,6.60934924316738
4.7,0,1,0,0,0.0,0,0,0,0,1,0,Power & Batteries,7.601402334583733,1.6956156086751528,0,1,0,8.523374050491318
4.6,0,1,0,0,0.0,0,0,0,0,1,0,"Audio, Sound & Recording Gear",5.707110264748875,4.934473933130692,0,0,1,7.199678345691172
4.4,0,1,0,0,0.0,0,0,0,0,1,0,"Audio, Sound & Recording Gear",5.303304908059076,5.560681631015528,0,0,1,5.68697535633982
4.5,0,1,0,0,0.13,0,0,0,0,1,0,PC Components,5.303304908059076,5.30325515557766,0,0,1,6.393590753950631
4.7,0,1,0,0,0.06,0,0,0,0,1,0,Cameras & Photography,3.9318256327243257,8.039157390473237,1,0,0,6.115892125483034
4.1,0,1,0,1,0.08,0,0,0,0,1,0,Computer Peripherals,5.303304908059076,5.564328818089423,0,0,1,7.10002716662926
4.0,0,1,0,0,0.58,0,0,0,0,1,0,Wearables,6.2166061010848646,4.2903224454635405,0,0,1,10.43429225861743
4.8,0,1,0,0,0.36,0,0,0,0,1,0,"Chargers, Adapters & Cables",6.90875477931522,2.7073833121145063,0,1,0,8.120886021092838
4.3,0,0,0,0,0.0,0,0,0,0,1,0,Computer Peripherals,6.2166061010848646,3.724246597951228,0,0,1,5.968707559985366
4.5,0,1,0,0,0.0,1,0,0,0,0,0,"Office Supplies, Ink & Toner",6.398594934535208,3.676047475298558,0,0,1,6.0330862217988015
4.7,0,1,0,0,0.22,0,0,0,0,1,0,Power & Batteries,6.2166061010848646,3.2577118486533987,0,0,1,9.138629524422182
4.3,0,1,0,0,0.23,0,0,0,0,1,0,Wearables,5.707110264748875,5.398117451625214,0,0,1,7.201916317531627
4.2,0,1,0,0,0.0,0,0,0,0,1,0,Networking,5.303304908059076,5.252221070655064,0,0,1,4.882801922586371
4.7,0,0,0,0,0.0,0,0,0,0,1,0,"Audio, Sound & Recording Gear",5.303304908059076,5.971159793767618,0,0,1,9.053569596026234
4.5,0,1,0,0,0.0,0,0,0,0,1,0,Small Gadget Accessories (Cases & Protectors),6.2166061010848646,3.7133281345162463,0,0,1,6.75343791859778
4.6,0,1,0,0,0.0,0,0,0,0,1,0,Small Gadget Accessories (Cases & Protectors),6.90875477931522,2.39698576841553,0,1,0,8.508959386489133
4.6,0,0,0,0,0.0,0,0,0,0,1,0,Video Game Consoles & Virtual Reality,0.0,3.8284239815518326,0,1,0,9.232884336411075
4.6,0,0,0,0,0.0,0,0,0,0,1,0,"Office Supplies, Ink & Toner",4.61512051684126,4.605170185988092,0,0,1,3.1780538303479458
4.5,0,0,0,0,0.0,0,0,0,0,1,0,"Office Supplies, Ink & Toner",4.61512051684126,6.146093683885028,1,0,0,3.555348061489413
4.5,0,1,0,0,0.0,0,0,0,0,1,0,"Audio, Sound & Recording Gear",5.303304908059076,5.940171252720432,0,0,1,4.691347882229144
4.3,0,0,0,0,0.0,0,0,0,0,1,0,TV & Video Displays,3.9318256327243257,7.4960917926896915,1,0,0,5.87493073085203
4.5,0,0,0,0,0.14,0,0,0,0,1,0,Small Gadget Accessories (Cases & Protectors),6.90875477931522,4.262539022051294,0,0,1,9.502412792729256
4.7,0,1,0,0,0.0,0,0,0,0,1,0,Mobile Cell Phones & Smartphones,6.2166061010848646,3.58324112209094,0,1,0,8.83346272071993
4.4,0,1,0,0,0.0,0,0,0,0,1,0,Small Gadget Accessories (Cases & Protectors),6.90875477931522,2.7073833121145063,0,1,0,10.919406401219709
4.6,0,1,1,0,0.25,0,0,0,0,1,0,Small Gadget Accessories (Cases & Protectors),6.90875477931522,2.395164274287139,0,1,0,9.312445594913337
4.7,0,0,0,0,0.0,0,0,0,0,1,0,"Audio, Sound & Recording Gear",5.707110264748875,4.5107496103686,0,0,1,9.97025795616998
4.6,0,1,0,0,0.0,0,0,0,0,1,0,"Audio, Sound & Recording Gear",5.993961427306569,4.836281906951478,0,0,1,6.436150368369428
4.8,0,1,0,0,0.0,0,0,0,0,1,0,Power & Batteries,6.90875477931522,2.281361456542419,0,1,0,8.657129031713755
4.8,0,1,0,0,0.21,0,0,0,0,1,0,Power & Batteries,7.601402334583733,1.998773638612381,0,1,0,8.629628620746026
4.6,0,0,0,0,0.0,0,0,0,0,1,0,PC Components,5.303304908059076,5.484755438853831,0,0,1,4.143134726391533
4.8,0,1,0,0,0.0,0,0,0,0,1,0,"Audio, Sound & Recording Gear",5.993961427306569,4.709440107163888,0,0,1,5.707110264748875
4.4,0,1,0,0,0.0,0,0,0,0,1,0,Computer Peripherals,6.90875477931522,3.0440461338325417,0,1,0,6.516193076042964
4.2,0,0,0,0,0.35,0,0,0,0,1,0,Mobile Cell Phones & Smartphones,6.90875477931522,3.0440461338325417,0,1,0,6.906754778648554
4.5,0,0,0,0,0.0,0,0,0,0,1,0,Laptops,5.303304908059076,5.638319081511895,0,0,1,5.726847747587197
4.6,0,1,0,0,0.0,0,0,0,0,1,0,"Office Supplies, Ink & Toner",5.303304908059076,5.292701627762401,0,0,1,5.030437921392435
4.3,0,0,0,0,0.0,0,0,0,0,1,0,Tablets & E-readers (DEVICES ONLY),5.993961427306569,3.85820019873064,0,1,0,5.863631175598097
4.1,0,1,0,0,0.3,0,0,0,0,1,0,Networking,5.707110264748875,5.298317366548036,0,0,1,5.762051382780177
4.6,0,1,0,0,0.05,0,0,0,0,1,0,"Audio, Sound & Recording Gear",5.303304908059076,5.68697535633982,0,0,1,6.642486801367256
4.6,0,0,1,0,0.0,0,0,0,0,1,0,"Office Supplies, Ink & Toner",6.55250788703459,3.641525757730466,0,0,1,7.754481547470383
4.6,0,0,0,0,0.0,0,0,0,0,1,0,Computer Peripherals,5.993961427306569,4.51085950651685,0,0,1,9.836866865194231
4.5,0,1,0,0,0.0,0,0,0,0,1,0,Storage & Memory Cards,5.993961427306569,4.6150215020384655,0,0,1,8.555451903533328
4.4,0,0,0,0,0.0,0,0,0,0,1,0,"Chargers, Adapters & Cables",6.2166061010848646,3.6620219999440535,0,0,1,8.797246236703527
4.7,0,1,0,0,0.14,0,0,0,0,1,0,Power & Batteries,6.2166061010848646,4.0428758138469085,0,0,1,8.996404301412886
4.7,0,0,0,0,0.0,0,0,0,0,1,0,Small Gadget Accessories (Cases & Protectors),6.2166061010848646,3.58324112209094,0,0,1,8.693999567522082
4.6,0,1,0,0,0.12,0,0,0,0,1,0,"Chargers, Adapters & Cables",6.90875477931522,2.8898160479624417,0,0,1,6.421622267806518
4.7,0,0,0,0,0.0,0,0,0,0,1,0,PC Components,5.303304908059076,6.0513123967267575,0,0,1,7.549609165154532
4.6,0,0,0,0,0.0,0,0,0,0,1,0,Laptops,6.55250788703459,3.4339872044851463,0,1,0,8.850804195756417
4.7,0,0,0,0,0.0,0,0,0,0,1,0,PC Components,5.303304908059076,5.817081397615548,0,0,1,7.67786350067821
4.0,0,1,1,0,0.0,0,0,0,0,1,0,Small Gadget Accessories (Cases & Protectors),6.398594934535208,3.931629535067065,0,0,1,9.921671222969756
4.3,0,1,0,0,0.0,0,0,0,0,1,0,Laptops,4.61512051684126,6.264711685388438,0,0,1,3.970291913552122
5.0,0,1,0,0,0.0,0,0,0,0,1,0,PC Components,4.61512051684126,5.916175108066267,0,0,1,1.791759469228055
4.7,0,1,0,0,0.11,0,0,0,0,1,0,Cameras & Photography,3.9318256327243257,8.1886891244442,1,0,0,4.477336814478207
4.4,0,0,0,0,0.0,0,0,0,0,1,0,"Office Supplies, Ink & Toner",6.68586094706836,4.303253953508486,0,0,1,7.576097340623111
4.6,0,0,0,0,0.0,0,0,0,0,1,0,Tablets & E-readers (DEVICES ONLY),5.993961427306569,3.6320445173613978,0,1,0,7.636269603379373
4.2,0,1,0,0,0.17,0,0,0,0,1,0,Laptops,4.61512051684126,6.6692442505368055,0,0,1,4.219507705176107
4.8,0,1,0,0,0.29,0,0,0,0,1,0,"Office Supplies, Ink & Toner",6.55250788703459,3.772531026609547,0,0,1,7.981049759665957
4.2,0,0,0,0,0.0,0,0,0,0,1,0,Laptops,5.303304908059076,5.817111159963204,0,0,1,6.697034247666484
4.1,0,1,1,0,0.0,0,0,0,0,1,0,Wearables,5.707110264748875,5.141605075260502,0,0,1,9.482350275033667
4.5,0,0,0,0,0.17,0,0,0,0,1,0,Laptops,6.55250788703459,3.7133281345162463,0,1,0,5.293304824724492
4.4,0,1,0,0,0.0,0,0,0,0,1,0,"Chargers, Adapters & Cables",6.2166061010848646,3.0421386463681466,0,0,1,7.060476365999801
4.6,0,1,0,0,0.1,0,0,0,0,1,0,PC Components,5.303304908059076,5.673288902319859,0,0,1,6.0867747269123065
4.5,0,0,0,0,0.0,0,0,0,0,1,0,Small Gadget Accessories (Cases & Protectors),5.993961427306569,3.957760897102,0,0,1,5.298317366548036
4.2,0,1,0,1,0.1,0,0,0,0,1,0,Computer Peripherals,6.2166061010848646,3.433664571799657,0,1,0,3.6635616461296463
3.9,0,1,0,0,0.24,0,0,0,0,1,0,"Office Supplies, Ink & Toner",5.303304908059076,5.996427212687727,1,0,0,6.915723448631314
4.5,0,1,0,0,0.0,0,0,0,0,1,0,"Chargers, Adapters & Cables",6.90875477931522,2.31451366385932,0,1,0,6.900730664045173
4.7,0,0,0,0,0.0,0,0,0,0,1,0,"Office Supplies, Ink & Toner",5.303304908059076,5.6763770189656,0,0,1,5.755742213586912
4.7,0,0,0,0,0.0,0,0,0,0,1,0,PC Components,5.303304908059076,4.576564928977757,0,1,0,6.47543271670409
4.4,0,1,0,0,0.06,0,0,0,0,1,0,Small Gadget Accessories (Cases & Protectors),6.2166061010848646,3.2577118486533987,0,0,1,7.448333860897476
4.6,0,1,0,0,0.19,1,0,0,0,0,0,Small Gadget Accessories (Cases & Protectors),6.2166061010848646,3.331847303527362,0,0,1,5.84354441703136
4.7,0,1,0,0,0.0,0,0,0,0,1,0,"Office Supplies, Ink & Toner",5.993961427306569,4.5107496103686,0,0,1,5.602118820879701
3.7,1,1,0,0,0.0,0,0,0,0,1,0,"Audio, Sound & Recording Gear",4.61512051684126,4.017463517886143,0,0,1,6.318968113746434
4.7,0,1,0,0,0.05,0,0,0,0,1,0,Storage & Memory Cards,6.2166061010848646,2.681021528714291,0,1,0,9.51369892381297
4.8,0,1,0,0,0.0,0,0,0,0,1,0,Cameras & Photography,4.61512051684126,7.648715956451087,1,0,0,6.253828811575473
4.8,0,1,0,0,0.51,0,0,0,0,1,0,"Office Supplies, Ink & Toner",6.90875477931522,2.771963526845863,0,1,0,6.762729506931879
4.4,0,0,0,0,0.0,0,0,0,0,1,0,Networking,5.993961427306569,4.4703808596394525,0,0,1,4.418840607796598
4.8,0,1,0,0,0.0,0,0,0,0,1,0,Small Gadget Accessories (Cases & Protectors),5.303304908059076,5.252011613671526,1,0,0,6.440946540632921
4.2,0,1,0,0,0.23,0,0,0,0,1,0,Mobile Cell Phones & Smartphones,6.2166061010848646,4.778703236748966,0,0,1,8.173293438966228
4.2,0,1,0,0,0.17,0,0,0,0,1,0,Smart Home & Security,5.707110264748875,4.875120984409557,0,0,1,4.941642422609304
4.7,0,1,0,0,0.27,0,0,0,0,1,0,Small Gadget Accessories (Cases & Protectors),6.2166061010848646,4.110053855927281,0,0,1,9.048879705849558
4.6,0,0,0,0,0.0,0,0,0,0,1,0,Other Electronics,5.707110264748875,5.283152966028264,0,0,1,9.718843300372528
4.4,0,1,0,0,0.0,0,0,0,0,1,0,"Audio, Sound & Recording Gear",6.2166061010848646,4.024458434757935,0,0,1,7.430114138561801
3.9,0,0,0,0,0.0,0,0,0,0,1,0,Tablets & E-readers (DEVICES ONLY),0.0,6.808255334358307,1,0,0,2.302585092994046
4.6,0,1,0,0,0.0,0,0,0,0,1,0,PC Components,5.707110264748875,5.602081919829862,0,0,1,7.52294091807237
4.1,0,1,1,0,0.0,0,0,0,0,1,0,Networking,4.61512051684126,6.803494158767612,1,0,0,7.682482446534506
4.7,0,0,1,0,0.0,0,0,0,0,1,0,"Office Supplies, Ink & Toner",5.993961427306569,4.717516245819629,0,0,1,6.111467339502679
4.4,0,1,0,0,0.0,0,0,0,0,1,0,TV & Video Displays,4.61512051684126,5.986376625559036,0,0,1,3.295836866004329
4.6,0,1,0,0,0.29,0,0,0,0,1,0,Small Gadget Accessories (Cases & Protectors),6.90875477931522,2.7073833121145063,0,1,0,5.241747015059643
5.0,0,1,0,0,0.0,0,0,0,0,1,0,TV & Video Displays,4.61512051684126,6.175846479868856,0,0,1,1.3862943611198906
4.2,0,0,0,0,0.0,0,0,0,0,1,0,Computer Peripherals,6.2166061010848646,3.529297384289471,0,1,0,7.395107546562485
4.5,0,1,0,0,0.22,0,0,0,0,1,0,"Chargers, Adapters & Cables",6.2166061010848646,3.58351893845611,0,0,1,6.049733455231958
4.7,0,1,0,0,0.0,0,0,0,0,1,0,"Chargers, Adapters & Cables",6.2166061010848646,3.628067314717178,0,0,1,5.10594547390058
4.7,0,0,0,0,0.0,0,0,0,0,1,0,Cameras & Photography,4.61512051684126,6.617416346869071,0,0,1,7.397561535524052
4.5,0,0,0,0,0.0,0,0,0,0,1,0,PC Components,5.303304908059076,6.134677051181064,0,0,1,4.127134385045092
4.6,0,1,0,0,0.0,0,0,0,0,1,0,TV & Video Displays,6.2166061010848646,3.1350593387750902,0,1,0,9.153558357877198
4.8,0,0,0,0,0.0,0,0,0,0,1,0,TV & Video Displays,4.61512051684126,6.675192505751435,0,0,1,3.5263605246161616
4.8,0,0,0,0,0.0,0,0,0,0,1,0,Storage & Memory Cards,5.303304908059076,5.139028508864655,0,0,1,8.082093278178382
4.7,0,1,0,0,0.0,0,0,0,0,1,0,TV & Video Displays,5.303304908059076,4.9486889658772695,0,0,1,3.7612001156935615
4.4,0,0,1,0,0.0,0,0,0,0,1,0,"Office Supplies, Ink & Toner",4.61512051684126,6.367260513554099,1,0,0,3.784189633918261
4.4,0,1,0,0,0.0,0,0,0,0,1,0,"Office Supplies, Ink & Toner",6.90875477931522,1.5871923034867808,0,1,0,7.803435056952168
4.1,0,1,0,0,0.0,0,0,0,0,1,0,Wearables,6.2166061010848646,4.375631227585021,0,0,1,8.459987717645458
4.5,0,0,0,0,0.19,0,0,0,0,1,0,Computer Peripherals,5.707110264748875,4.983538126211888,0,0,1,9.275378768155404
4.4,0,0,0,0,0.0,0,0,0,0,1,0,TV & Video Displays,4.61512051684126,6.936294143788558,1,0,0,4.736198448394496
4.1,0,1,0,0,0.0,0,0,0,0,1,0,Laptops,4.61512051684126,5.921578419643816,0,0,1,5.293304824724492
4.4,0,0,0,0,0.2,0,0,0,0,1,0,Small Gadget Accessories (Cases & Protectors),6.90875477931522,3.0440461338325417,0,1,0,5.673323267171493
4.1,0,1,0,0,0.0,0,0,0,0,1,0,"Audio, Sound & Recording Gear",5.303304908059076,5.668086209997927,0,0,1,5.181783550292085
4.7,0,1,0,0,0.0,0,0,0,0,1,0,Cameras & Photography,5.993961427306569,3.9308447596687337,0,1,0,3.912023005428146
4.5,0,1,0,1,0.0,0,0,0,0,1,0,"Chargers, Adapters & Cables",6.2166061010848646,3.0440461338325417,0,0,1,9.62951112714046
4.1,0,0,0,0,0.0,0,0,0,0,1,0,Printers & Scanners (Hardware),5.993961427306569,4.875120984409557,0,1,0,4.663439094112067
4.7,0,1,0,0,0.0,0,0,0,0,1,0,"Audio, Sound & Recording Gear",4.61512051684126,6.214608098422191,1,0,0,7.20414929203594
4.2,0,1,0,0,0.14,0,0,0,0,1,0,"Chargers, Adapters & Cables",6.2166061010848646,3.610647605844363,0,0,1,9.1235835080499
4.8,0,0,0,0,0.0,0,0,0,0,1,0,Small Gadget Accessories (Cases & Protectors),5.303304908059076,5.420048155119184,1,0,0,7.20414929203594
4.6,0,1,0,0,0.31,0,0,0,0,1,0,"Chargers, Adapters & Cables",5.993961427306569,4.42484663185681,0,0,1,9.067047202149707
4.6,0,0,0,0,0.05,0,0,0,0,1,0,Wearables,5.707110264748875,4.417031743872572,0,0,1,4.844187086458591
4.1,0,1,0,0,0.0,0,0,0,0,1,0,Printers & Scanners (Hardware),5.303304908059076,5.832468815617524,0,0,1,6.982862751468942
4.7,0,0,0,0,0.15,0,0,0,0,1,0,"Office Supplies, Ink & Toner",6.2166061010848646,3.58324112209094,0,0,1,4.418840607796598
4.4,0,0,0,0,0.0,0,0,0,0,1,0,Networking,5.707110264748875,4.490432508517668,0,0,1,6.436150368369428
4.7,0,1,0,0,0.0,0,0,0,0,1,0,"Chargers, Adapters & Cables",6.2166061010848646,3.011113375592293,0,0,1,4.7535901911063645
4.7,0,1,0,0,0.18,0,0,0,0,1,0,"Office Supplies, Ink & Toner",5.707110264748875,5.398117451625214,0,0,1,5.236441962829949
4.6,0,1,0,0,0.09,0,0,0,0,1,0,PC Components,5.993961427306569,4.700389452569025,0,0,1,6.133398042996649
4.6,0,0,0,0,0.0,0,0,0,0,1,0,PC Components,5.303304908059076,6.635933432240954,1,0,0,4.51085950651685
4.7,0,1,0,0,0.13,0,0,0,0,1,0,PC Components,5.707110264748875,5.017213609456379,0,0,1,5.176149732573829
4.6,0,1,0,0,0.2,0,0,0,0,1,0,Wearables,6.2166061010848646,3.9308447596687337,0,0,1,8.854807632616227
5.0,0,1,0,0,0.31,0,0,0,0,1,0,"Audio, Sound & Recording Gear",5.707110264748875,4.875120984409557,0,0,1,3.555348061489413
4.4,0,0,0,0,0.0,0,0,0,0,1,0,"Office Supplies, Ink & Toner",4.61512051684126,6.061200475792877,1,0,0,4.51085950651685
4.6,0,0,0,0,0.0,0,0,0,0,1,0,Power & Batteries,6.90875477931522,2.0541237336955462,0,1,0,8.962519832949532
4.5,0,0,0,0,0.0,0,0,0,0,1,0,"Office Supplies, Ink & Toner",6.2166061010848646,4.217888748313555,0,0,1,7.97522083865341
4.2,0,1,0,0,0.0,0,0,0,0,1,0,Mobile Cell Phones & Smartphones,5.707110264748875,4.912654885736052,0,0,1,5.817111159963204
4.7,0,1,0,0,0.5,0,1,0,0,0,0,PC Components,6.90875477931522,2.39698576841553,0,1,0,9.872925246953487
4.4,0,1,0,0,0.17,0,0,0,0,1,0,"Chargers, Adapters & Cables",5.993961427306569,3.849934813114724,0,0,1,5.442417710521793
4.8,0,1,0,0,0.16,0,0,0,0,1,0,Small Gadget Accessories (Cases & Protectors),6.90875477931522,2.3711778844596574,0,1,0,11.34185240594702
4.8,0,0,0,0,0.0,0,0,0,0,1,0,PC Components,5.993961427306569,4.600157644164547,0,0,1,8.17103418920548
4.6,0,0,0,0,0.1,0,0,0,0,1,0,Small Gadget Accessories (Cases & Protectors),5.303304908059076,5.70694413799378,1,0,0,5.579729825986222
4.1,0,0,0,0,0.0,0,0,0,0,1,0,PC Components,4.61512051684126,5.521460917862246,0,0,1,4.897839799950911
4.3,0,1,0,0,0.0,0,0,0,0,1,0,"Audio, Sound & Recording Gear",5.707110264748875,4.564348191467836,0,0,1,5.986452005284438
4.7,0,1,0,0,0.1,0,0,0,0,1,0,Storage & Memory Cards,6.2166061010848646,3.0440461338325417,0,1,0,9.62601980249132
4.1,0,1,0,1,0.15,0,0,0,0,1,0,Laptops,5.303304908059076,5.828945617610208,0,0,1,6.309918278226516
4.6,0,0,0,0,0.0,0,0,0,0,1,0,Tablets & E-readers (DEVICES ONLY),5.707110264748875,4.183575695950044,0,0,1,8.733110697638708
4.2,0,1,0,0,0.37,0,1,0,0,0,0,"Audio, Sound & Recording Gear",6.90875477931522,3.177637076851603,0,1,0,8.73681053295389
4.0,0,1,0,0,0.29,0,0,0,0,1,0,Computer Peripherals,5.303304908059076,5.638319081511895,0,0,1,7.806696372521179
4.5,0,1,1,0,0.41,0,0,0,0,1,0,Computer Peripherals,6.2166061010848646,3.58351893845611,0,0,1,7.541152455136308
4.7,0,0,0,0,0.0,0,0,0,0,1,0,Cameras & Photography,5.303304908059076,5.768320995793772,0,0,1,4.941642422609304
4.2,0,1,0,0,0.28,0,0,0,0,1,0,Computer Peripherals,5.707110264748875,5.620364633176702,0,0,1,5.631211781821365
5.0,0,1,0,0,0.0,0,0,0,0,1,0,TV & Video Displays,4.61512051684126,4.6150215020384655,0,0,1,0.6931471805599453
4.7,0,1,0,0,0.0,0,0,0,0,1,0,"Office Supplies, Ink & Toner",6.398594934535208,3.588782837575651,0,0,1,6.095824562432225
4.4,0,0,0,0,0.31,0,0,0,0,1,0,Storage & Memory Cards,6.90875477931522,3.1350593387750902,0,1,0,7.524021415206125
4.4,0,1,0,0,0.0,0,0,0,0,1,0,TV & Video Displays,5.303304908059076,5.049535443053812,0,0,1,9.823686482332572
4.5,0,1,0,0,0.0,0,0,0,0,1,0,"Office Supplies, Ink & Toner",5.993961427306569,4.6150215020384655,0,0,1,7.751045117971802
4.5,0,1,0,0,0.0,0,0,0,0,1,0,"Office Supplies, Ink & Toner",6.90875477931522,2.727199019940971,0,1,0,8.926517509850122
4.3,0,1,0,0,0.12,0,0,0,0,1,0,PC Components,5.707110264748875,5.141605075260502,0,0,1,7.463363045520021
4.8,0,0,0,0,0.08,0,0,0,0,1,0,PC Components,5.303304908059076,6.552493621597604,0,0,1,2.772588722239781
4.6,0,0,0,0,0.29,0,0,0,0,1,0,"Audio, Sound & Recording Gear",6.90875477931522,2.7073833121145063,0,1,0,9.471935109664646
4.6,0,1,1,0,0.15,0,0,0,0,1,0,Smart Home & Security,6.2166061010848646,3.0440461338325417,0,1,0,6.129050210060545
4.4,0,1,0,0,0.0,0,0,0,0,1,0,"Office Supplies, Ink & Toner",4.61512051684126,6.338594078203183,1,0,0,4.574710978503383
4.5,0,1,0,0,0.28,1,0,0,0,0,0,PC Components,5.707110264748875,5.19844178112078,0,0,1,4.219507705176107
4.6,0,1,0,0,0.0,0,0,0,0,1,0,"Office Supplies, Ink & Toner",4.61512051684126,6.640999385412533,1,0,0,4.787491742782046
4.4,0,1,1,0,0.1,0,0,0,0,1,0,Small Gadget Accessories (Cases & Protectors),6.90875477931522,2.7073833121145063,0,1,0,8.461469042643875
4.7,0,1,0,0,0.39,0,0,0,0,1,0,"Office Supplies, Ink & Toner",6.55250788703459,3.4663607075685685,0,0,1,6.759255270663693
4.6,0,1,0,0,0.08,0,0,0,0,1,0,Smart Home & Security,6.2166061010848646,4.110709916308365,0,0,1,3.713572066704308
4.5,0,1,0,0,0.26,0,0,0,0,1,0,TV & Video Displays,6.2166061010848646,4.024458434757935,0,1,0,8.754160749323518
4.5,0,0,1,0,0.0,0,0,0,0,1,0,TV & Video Displays,0.0,5.141605075260502,0,0,1,6.492239835020471
4.4,0,1,0,0,0.0,0,0,0,0,1,0,Laptops,3.9318256327243257,6.908704828017726,0,0,1,3.295836866004329
4.2,0,1,0,0,0.0,0,0,0,0,1,0,"Audio, Sound & Recording Gear",6.2166061010848646,3.0440461338325417,0,1,0,7.716015266642587
4.7,0,1,0,1,0.08,0,0,0,0,1,0,PC Components,5.303304908059076,5.792983120114503,0,0,1,5.953243334287785
4.6,0,0,0,0,0.0,0,0,0,0,1,0,"Audio, Sound & Recording Gear",6.398594934535208,4.24878091552652,0,0,1,7.579678823090456
4.5,0,1,0,0,0.0,0,0,0,0,1,0,PC Components,0.0,4.6440062097732895,0,0,1,2.3978952727983707
4.2,0,0,0,0,0.1,0,0,0,0,1,0,"Chargers, Adapters & Cables",4.61512051684126,5.707077041605631,1,0,0,6.729824070489475
4.2,0,1,0,0,0.0,0,0,0,0,1,0,Computer Peripherals,4.61512051684126,6.375348447182542,1,0,0,5.978885764901122
4.7,0,1,0,0,0.0,0,0,0,0,1,0,Mobile Cell Phones & Smartphones,5.303304908059076,5.3518107389880365,0,0,1,2.772588722239781
4.7,0,0,0,0,0.14,0,0,0,0,1,0,TV & Video Displays,6.90875477931522,2.0781907597781832,0,1,0,10.198616825622958
4.9,1,1,0,0,0.0,0,0,0,0,1,0,TV & Video Displays,0.0,5.564482092412441,0,0,1,2.6390573296152584
4.6,0,0,0,0,0.3,0,0,0,0,1,0,"Chargers, Adapters & Cables",6.2166061010848646,3.7133281345162463,0,0,1,8.540909718033554
4.7,0,1,0,0,0.22,0,0,0,0,1,0,TV & Video Displays,6.2166061010848646,2.39698576841553,0,1,0,8.99961934066053
4.9,0,1,0,0,0.06,0,0,0,0,1,0,Laptops,4.61512051684126,6.580500431410533,0,0,1,2.772588722239781
4.7,0,1,0,0,0.1,0,0,0,0,1,0,"Office Supplies, Ink & Toner",6.90875477931522,2.995232148512309,0,1,0,8.69265796074698
4.7,0,0,0,0,0.0,0,0,0,0,1,0,TV & Video Displays,5.303304908059076,4.499809670330265,0,0,1,5.971261839790462
4.2,0,1,0,0,0.0,0,0,0,0,1,0,"Office Supplies, Ink & Toner",5.303304908059076,5.560604704979873,0,0,1,6.198478716492308
4.6,0,1,0,0,0.0,0,0,0,0,1,0,"Chargers, Adapters & Cables",5.303304908059076,3.2164729402518906,0,0,1,4.30406509320417
4.5,0,0,0,0,0.0,0,0,0,0,1,0,"Audio, Sound & Recording Gear",4.61512051684126,6.54965074223381,1,0,0,7.757478766584179
4.4,0,1,0,0,0.24,0,0,0,0,1,0,"Audio, Sound & Recording Gear",6.68586094706836,3.6373229671995344,0,1,0,9.075551045627543
4.3,0,1,0,0,0.0,0,0,0,0,1,0,TV & Video Displays,6.90875477931522,2.1815467646169897,0,1,0,8.752897524775305
3.4,0,0,0,0,0.0,0,0,0,0,1,0,Storage & Memory Cards,4.61512051684126,5.623836984479113,0,0,1,4.836281906951478
4.2,0,0,0,0,0.0,0,0,0,0,1,0,PC Components,5.303304908059076,4.969743852720179,0,0,1,5.60947179518496
4.8,0,1,0,0,0.0,0,0,0,0,1,0,"Chargers, Adapters & Cables",6.90875477931522,2.4150205223238337,0,1,0,9.487138427825885
4.7,0,1,1,0,0.12,0,0,0,0,1,0,TV & Video Displays,6.2166061010848646,3.7133281345162463,0,1,0,11.463661688664272
3.7,0,0,0,0,0.07,0,0,0,0,1,0,Video Game Consoles & Virtual Reality,5.303304908059076,4.980107355727298,0,0,1,6.898714534329988
4.4,0,1,0,0,0.12,0,0,0,0,1,0,PC Components,5.993961427306569,4.3943256902608985,0,1,0,8.108623268354595
4.6,0,1,0,0,0.26,0,0,0,0,1,0,"Chargers, Adapters & Cables",6.2166061010848646,3.2577118486533987,0,0,1,6.51471269087253
4.8,0,0,0,0,0.0,0,0,0,0,1,0,Cameras & Photography,5.707110264748875,4.853123416210876,0,0,1,5.940171252720432
4.8,0,1,0,0,0.0,0,0,0,0,1,0,Laptops,5.993961427306569,4.327174383125731,0,1,0,3.6635616461296463
4.6,0,1,0,0,0.24,0,0,0,0,1,0,PC Components,5.707110264748875,4.9486889658772695,0,0,1,6.003887067106539
4.6,0,1,0,0,0.0,0,0,0,0,1,0,Other Electronics,4.61512051684126,5.298317366548036,0,0,1,6.413458957167357
4.7,0,1,1,0,0.0,0,0,0,0,1,0,"Chargers, Adapters & Cables",6.2166061010848646,4.0428758138469085,0,0,1,6.118097198041348
4.3,0,1,0,1,0.0,0,0,0,0,1,0,"Audio, Sound & Recording Gear",6.2166061010848646,3.8284239815518326,0,1,0,7.357556200910353
4.7,0,1,0,0,0.0,0,0,0,0,1,0,"Office Supplies, Ink & Toner",5.707110264748875,4.189654742026425,0,0,1,4.912654885736052
4.7,0,1,0,0,0.0,0,0,0,0,1,0,Small Gadget Accessories (Cases & Protectors),6.2166061010848646,3.931629535067065,0,0,1,7.094234845924755
4.5,0,1,0,0,0.51,0,0,0,0,1,0,Small Gadget Accessories (Cases & Protectors),6.2166061010848646,4.3943256902608985,0,0,1,5.288267030694535
4.6,0,1,1,0,0.0,0,0,0,0,1,0,Mobile Cell Phones & Smartphones,6.90875477931522,2.39698576841553,0,1,0,8.164510268747042
4.6,0,1,1,0,0.0,0,0,0,0,1,0,Smart Home & Security,6.2166061010848646,3.6008675767907232,0,1,0,8.60300384782935
4.7,0,1,0,1,0.17,0,1,0,0,0,0,Computer Peripherals,6.90875477931522,2.5641798306825083,0,1,0,9.126523885883072
4.5,0,1,0,0,0.0,0,0,0,0,1,0,TV & Video Displays,5.303304908059076,4.763796549270511,0,0,1,8.215006432761575
4.4,0,1,0,0,0.11,0,0,0,0,1,0,Computer Peripherals,5.707110264748875,4.5107496103686,0,0,1,8.705993714307901
4.1,0,1,0,0,0.0,0,0,0,0,1,0,Printers & Scanners (Hardware),4.61512051684126,5.117933930384341,0,1,0,3.737669618283368
4.0,0,0,0,0,0.0,0,0,0,0,1,0,"Office Supplies, Ink & Toner",4.61512051684126,6.398594934535208,1,0,0,4.007333185232471
4.6,0,0,0,0,0.06,0,0,0,0,1,0,Cameras & Photography,5.303304908059076,5.257599533269477,0,0,1,6.795705775173514
4.1,0,0,1,0,0.0,0,0,0,0,1,0,Laptops,4.61512051684126,6.2166061010848646,0,0,1,5.857933154483459
4.6,0,1,0,0,0.14,0,0,0,0,1,0,Power & Batteries,5.707110264748875,4.6150215020384655,1,0,0,5.963579343618446
4.6,0,1,0,0,0.3,0,0,0,0,1,0,"Chargers, Adapters & Cables",6.90875477931522,2.3960754360813845,0,1,0,7.759614150696903
4.5,0,1,0,0,0.12,0,0,0,0,1,0,PC Components,5.993961427306569,4.430697744137536,0,1,0,6.816735880594968
3.8,0,0,0,0,0.0,0,0,0,0,1,0,Laptops,4.61512051684126,6.492194379441927,0,0,1,4.61512051684126
4.7,0,0,0,0,0.0,0,0,0,0,1,0,Computer Peripherals,6.2166061010848646,4.857561811661286,0,0,1,6.504288173536645
4.6,0,1,0,0,0.0,0,0,0,0,1,0,PC Components,5.707110264748875,4.787158353880808,0,0,1,6.92461239604856
3.7,0,1,0,0,0.17,0,0,0,0,1,0,Wearables,5.993961427306569,5.19844178112078,0,0,1,6.634633357861686
4.4,0,1,0,0,0.0,0,0,0,0,1,0,TV & Video Displays,5.303304908059076,5.765191102784844,0,0,1,7.845807502637805
3.8,0,1,1,0,0.3,0,0,0,0,1,0,TV & Video Displays,5.303304908059076,6.395244903485277,0,0,1,7.033506484287697
4.6,0,1,0,0,0.15,0,0,0,0,1,0,PC Components,4.61512051684126,6.040254711277414,0,0,1,7.711548979629146
3.3,0,0,0,0,0.0,0,0,0,0,1,0,Computer Peripherals,4.61512051684126,6.538125351882924,1,0,0,2.5649493574615367
5.0,0,1,0,0,0.0,0,0,0,0,1,0,"Office Supplies, Ink & Toner",4.61512051684126,6.042609080431154,1,0,0,1.0986122886681098
4.0,0,1,0,0,0.0,0,0,0,0,1,0,Networking,5.707110264748875,4.700480365792417,0,0,1,7.011213987350367
4.3,0,0,0,0,0.0,0,0,0,0,1,0,Laptops,4.61512051684126,5.796057750765372,0,0,1,6.0112671744041615
4.6,0,1,0,0,0.13,0,0,0,0,1,0,Printers & Scanners (Hardware),6.55250788703459,3.433664571799657,0,1,0,8.487558386286548
4.4,0,0,0,0,0.0,0,0,0,0,1,0,Computer Peripherals,4.61512051684126,6.657946858958438,1,0,0,2.833213344056216
5.0,0,1,0,0,0.0,0,0,0,0,1,0,Wearables,4.61512051684126,5.771409969996787,0,0,1,0.6931471805599453
4.6,0,1,0,0,0.0,0,0,0,0,1,0,TV & Video Displays,6.2166061010848646,3.7133281345162463,0,1,0,5.488937726156687
4.8,0,0,0,0,0.08,0,0,0,0,1,0,TV & Video Displays,0.0,5.968707559985366,0,0,1,8.81877816903701
4.3,0,1,0,0,0.0,0,0,0,0,1,0,"Audio, Sound & Recording Gear",6.2166061010848646,4.262539022051294,0,0,1,4.736198448394496
4.5,0,1,0,0,0.0,0,0,0,0,1,0,"Audio, Sound & Recording Gear",5.993961427306569,4.605170185988092,0,0,1,7.334981878871814
4.0,0,1,0,0,0.12,0,0,0,0,1,0,"Audio, Sound & Recording Gear",5.707110264748875,4.7472772026129215,0,0,1,6.842683282238422
4.7,0,1,0,0,0.0,0,0,0,0,1,0,TV & Video Displays,5.303304908059076,5.342764781283332,0,0,1,4.574710978503383
4.7,0,1,0,0,0.35,0,0,0,0,1,0,"Office Supplies, Ink & Toner",6.90875477931522,2.012232791986386,0,1,0,8.475746001502063
4.6,0,1,0,0,0.2,0,0,0,0,1,0,PC Components,5.993961427306569,4.025173103360802,0,1,0,7.822444729489319
4.7,0,1,0,0,0.0,0,0,0,0,1,0,Small Gadget Accessories (Cases & Protectors),6.2166061010848646,3.7123518102990793,0,0,1,7.682021510826875
4.0,0,0,0,0,0.0,0,0,0,0,1,0,Smart Home & Security,4.61512051684126,6.679536369801145,1,0,0,4.927253685157205
4.5,0,1,0,0,0.1,0,0,0,0,1,0,Smart Home & Security,5.993961427306569,4.110709916308365,0,0,1,3.871201010907891
4.4,0,0,0,0,0.0,0,0,0,0,1,0,PC Components,5.707110264748875,4.735759755691693,0,0,1,8.00469951054955
4.7,0,1,0,0,0.0,0,0,0,0,1,0,TV & Video Displays,4.61512051684126,5.19844178112078,0,0,1,4.605170185988092
4.7,0,0,0,0,0.0,0,0,0,0,1,0,Power & Batteries,6.90875477931522,2.3739750890807185,0,0,1,10.734372889867489
4.2,0,1,0,0,0.0,0,0,0,0,1,0,TV & Video Displays,4.61512051684126,5.99393648933976,0,0,1,2.833213344056216
4.3,0,1,0,0,0.05,0,0,0,0,1,0,Laptops,5.303304908059076,5.298317366548036,0,0,1,7.786551806428712
4.8,0,1,0,0,0.23,0,0,0,0,1,0,Wearables,5.303304908059076,5.560681631015528,0,0,1,4.859812404361672
4.2,0,0,1,0,0.0,0,0,0,0,1,0,Mobile Cell Phones & Smartphones,6.2166061010848646,3.3857452771032337,0,1,0,7.200424892944957
4.6,0,1,0,0,0.0,0,0,0,0,1,0,Mobile Cell Phones & Smartphones,6.803505257608338,3.039749158970765,0,1,0,8.401333305321703
4.6,0,1,0,0,0.0,0,0,0,0,1,0,Small Gadget Accessories (Cases & Protectors),6.2166061010848646,3.366950942933564,0,0,1,6.709304340258298
4.3,0,1,0,0,0.32,0,0,0,0,1,0,"Chargers, Adapters & Cables",6.2166061010848646,4.262539022051294,0,0,1,4.430816798843313
4.6,0,1,0,0,0.08,0,0,0,0,1,0,Wearables,4.61512051684126,6.21658614080582,1,0,0,7.369600720526409
4.6,0,1,0,0,0.0,0,0,0,0,1,0,Small Gadget Accessories (Cases & Protectors),5.303304908059076,5.30325515557766,1,0,0,6.126869184114185
5.0,0,1,0,1,0.0,0,0,0,0,1,0,Computer Peripherals,0.0,3.295466427029913,0,1,0,1.3862943611198906
4.5,0,0,0,0,0.0,0,0,0,0,1,0,PC Components,5.303304908059076,5.99393648933976,0,0,1,6.907755278982137
4.3,0,1,0,0,0.0,0,0,0,0,1,0,"Office Supplies, Ink & Toner",5.707110264748875,4.58700621536042,0,0,1,7.039660349862076
4.2,0,1,0,0,0.82,0,0,0,0,1,0,"Audio, Sound & Recording Gear",0.0,5.30325515557766,0,0,1,5.123963979403259
4.6,0,1,0,0,0.0,0,0,0,0,1,0,Computer Peripherals,5.993961427306569,4.189654742026425,0,0,1,7.4413203897176174
4.7,0,1,0,0,0.0,0,0,0,0,1,0,Smart Home & Security,5.993961427306569,4.110709916308365,0,0,1,7.389563953677635
4.8,0,0,0,0,0.0,0,0,0,0,1,0,Video Game Consoles & Virtual Reality,5.707110264748875,5.1049146397432645,0,0,1,8.70334075304372
4.8,0,0,0,0,0.0,0,0,0,0,1,0,Networking,4.61512051684126,6.210600077024653,1,0,0,5.389071729816501
4.5,0,1,0,0,0.0,0,0,0,0,1,0,Smart Home & Security,6.2166061010848646,3.086943153607375,0,1,0,9.541297427909283
4.1,0,0,1,0,0.0,0,0,0,0,1,0,TV & Video Displays,5.303304908059076,4.508218659911641,0,0,1,6.401917196727186
4.6,0,1,0,0,0.0,0,0,0,0,1,0,"Audio, Sound & Recording Gear",5.707110264748875,5.135798437050262,0,0,1,6.429719478039138
4.4,0,1,0,0,0.0,0,0,0,0,1,0,PC Components,4.61512051684126,6.196423760988341,0,0,1,5.480638923341991
4.4,0,1,0,0,0.0,0,0,0,0,1,0,"Chargers, Adapters & Cables",5.993961427306569,3.931629535067065,0,0,1,7.342779189331845
4.7,0,1,0,0,0.0,0,0,0,0,1,0,Other Electronics,6.2166061010848646,2.7239235502585,0,1,0,8.470311205516108
4.6,0,1,1,0,0.26,1,0,0,0,0,0,Cameras & Photography,5.993961427306569,4.6150215020384655,0,0,1,10.385851971480085
4.1,0,0,0,0,0.0,0,0,0,0,1,0,"Office Supplies, Ink & Toner",5.303304908059076,5.659098867029561,0,0,1,4.418840607796598
4.4,0,0,1,0,0.0,0,0,0,0,1,0,"Office Supplies, Ink & Toner",6.2166061010848646,3.2722270003651954,0,1,0,6.359573868672378
4.4,0,1,0,0,0.0,0,0,0,0,1,0,"Audio, Sound & Recording Gear",5.993961427306569,4.262539022051294,0,0,1,8.867004635333567
4.8,0,0,0,0,0.0,0,0,0,0,1,0,"Office Supplies, Ink & Toner",5.707110264748875,4.123903364463645,0,0,1,5.541263545158426
4.2,0,0,0,0,0.0,0,0,0,0,1,0,"Audio, Sound & Recording Gear",4.61512051684126,5.673288902319859,0,0,1,7.987524479848767
4.6,0,1,0,0,0.33,0,0,0,0,1,0,TV & Video Displays,6.2166061010848646,3.433664571799657,0,1,0,6.194405391104672
4.5,0,0,0,0,0.0,0,0,0,0,1,0,Computer Peripherals,0.0,4.158726821151369,0,0,1,10.263501914406907
4.7,0,1,0,0,0.0,0,0,0,0,1,0,"Chargers, Adapters & Cables",6.90875477931522,2.196112848483529,0,1,0,9.565774546478782
3.8,0,1,0,0,0.0,0,0,0,0,1,0,Laptops,3.9318256327243257,7.208592936008304,0,0,1,4.3694478524670215
4.3,0,1,0,0,0.33,0,0,0,0,1,0,Computer Peripherals,6.2166061010848646,3.433664571799657,0,1,0,7.496652438168283
3.8,0,0,1,0,0.0,0,0,0,0,1,0,"Office Supplies, Ink & Toner",3.9318256327243257,6.0806651925662845,1,0,0,3.1354942159291497
3.9,0,0,0,0,0.0,0,0,0,0,1,0,Smart Home & Security,0.0,4.510639702141858,0,0,1,2.3978952727983707
4.3,0,1,0,0,0.05,0,0,0,0,1,0,PC Components,5.303304908059076,5.707077041605631,0,0,1,3.5263605246161616
4.6,0,0,0,0,0.0,0,0,0,0,1,0,"Audio, Sound & Recording Gear",5.993961427306569,4.709440107163888,0,0,1,7.223295679562314
4.5,1,1,1,0,0.0,0,0,0,0,1,0,"Audio, Sound & Recording Gear",0.0,4.605170185988092,0,0,1,4.174387269895637
3.6,0,1,0,0,0.0,0,0,0,0,1,0,Computer Peripherals,4.61512051684126,5.988961416889864,1,0,0,6.021023349349527
4.6,0,1,0,0,0.1,0,0,0,0,1,0,Small Gadget Accessories (Cases & Protectors),6.2166061010848646,3.849934813114724,0,0,1,6.752270376141742
4.3,0,0,0,0,0.0,0,0,0,0,1,0,"Office Supplies, Ink & Toner",4.61512051684126,6.146093683885028,1,0,0,3.1780538303479458
4.2,0,1,0,0,0.0,0,0,0,0,1,0,Networking,4.61512051684126,5.802088163440325,0,0,1,5.986452005284438
4.7,0,1,0,0,0.0,0,0,0,0,1,0,"Office Supplies, Ink & Toner",6.2166061010848646,3.5624655292582776,0,0,1,7.277247726631484
4.6,0,0,0,0,0.0,0,0,0,0,1,0,Other Electronics,5.303304908059076,5.017213609456379,0,0,1,6.327936783729195
4.0,0,1,0,0,0.0,0,0,0,0,1,0,TV & Video Displays,4.61512051684126,5.99393648933976,0,0,1,3.332204510175204
4.8,0,1,0,0,0.2,0,0,0,0,1,0,"Office Supplies, Ink & Toner",6.803505257608338,2.8981194446869907,0,1,0,7.588829878307813
4.6,0,1,0,0,0.0,0,0,0,0,1,0,Computer Peripherals,6.2166061010848646,2.8326249356838407,0,1,0,8.840580188488795
4.6,0,0,0,0,0.24,0,0,0,0,1,0,"Chargers, Adapters & Cables",6.2166061010848646,3.931629535067065,0,0,1,5.318119993844216
4.2,0,0,0,0,0.2,0,0,0,0,1,0,"Audio, Sound & Recording Gear",5.303304908059076,5.564482092412441,0,0,1,6.543911845564792
4.5,0,0,1,0,0.0,0,0,0,0,1,0,Power & Batteries,6.2166061010848646,3.742420221041966,0,0,1,6.93537044601511
4.5,0,0,0,0,0.0,0,0,0,0,1,0,Power & Batteries,4.61512051684126,5.638319081511895,1,0,0,4.948759890378168
4.5,0,1,0,0,0.06,0,0,0,0,1,0,"Audio, Sound & Recording Gear",5.303304908059076,5.99393648933976,0,0,1,5.58724865840025
4.5,0,1,0,0,0.2,0,0,0,0,1,0,Computer Peripherals,6.2166061010848646,3.2577118486533987,0,1,0,6.045005314036012
4.6,0,1,0,0,0.0,0,0,0,0,1,0,Cameras & Photography,6.90875477931522,2.7239235502585,0,1,0,6.496774990185863
4.8,0,0,0,0,0.0,0,0,0,0,1,0,"Chargers, Adapters & Cables",6.2166061010848646,3.366950942933564,0,0,1,9.709660055555972
4.1,0,1,0,0,0.1,0,0,0,0,1,0,"Audio, Sound & Recording Gear",4.61512051684126,5.966146739123692,0,0,1,5.683579767338681
4.7,0,0,0,0,0.0,0,0,0,0,1,0,Small Gadget Accessories (Cases & Protectors),5.707110264748875,4.761746493030188,0,0,1,5.869296913133774
4.6,0,0,0,0,0.0,0,0,0,0,1,0,PC Components,5.303304908059076,5.327827623921977,0,0,1,5.293304824724492
4.6,0,1,0,0,0.0,0,0,0,0,1,0,Small Gadget Accessories (Cases & Protectors),5.707110264748875,5.198220750009751,1,0,0,6.815639990074331
4.5,0,1,0,0,0.39,0,1,0,0,0,0,"Audio, Sound & Recording Gear",5.707110264748875,5.081342251254203,0,0,1,6.218600119691729
4.6,0,0,0,0,0.0,0,0,0,0,1,0,Small Gadget Accessories (Cases & Protectors),5.303304908059076,4.948405217560121,0,0,1,4.691347882229144
4.7,0,1,0,0,0.0,0,0,0,0,1,0,Power & Batteries,6.398594934535208,3.570658822726505,0,0,1,8.037543185118697
4.6,0,1,0,0,0.14,0,0,0,0,1,0,"Chargers, Adapters & Cables",6.90875477931522,2.2082744135228043,0,1,0,7.982757702011113
4.6,0,1,0,0,0.21,0,0,0,0,1,0,Wearables,4.61512051684126,6.492239835020471,1,0,0,5.501258210544727
3.9,0,1,0,0,0.0,0,0,0,0,1,0,Laptops,4.61512051684126,6.756932389247553,0,0,1,3.218875824868201
4.7,0,1,0,0,0.0,0,0,0,0,1,0,"Office Supplies, Ink & Toner",6.55250788703459,3.226447090364519,0,1,0,7.311218384419629
4.2,0,0,0,0,0.33,0,0,0,0,1,0,Computer Peripherals,5.993961427306569,4.6150215020384655,0,0,1,5.860786223465865
4.7,0,0,0,0,0.0,0,0,0,0,1,0,Computer Peripherals,6.2166061010848646,3.1780538303479458,0,1,0,8.017966703493599
4.1,0,1,0,0,0.18,0,0,0,0,1,0,Wearables,5.707110264748875,4.795790545596741,0,0,1,5.937536205082426
0.0,0,1,0,0,0.0,0,0,0,0,1,0,"Audio, Sound & Recording Gear",0.0,4.663439094112067,0,0,1,0.0
4.7,0,0,1,0,0.0,0,0,0,0,1,0,"Office Supplies, Ink & Toner",5.303304908059076,5.2516973459128105,0,0,1,5.940171252720432
4.3,0,1,0,0,0.0,0,0,0,0,1,0,Small Gadget Accessories (Cases & Protectors),6.2166061010848646,3.582129084167056,0,0,1,7.025538314638521
4.6,0,1,1,0,0.0,0,0,0,0,1,0,Small Gadget Accessories (Cases & Protectors),6.2166061010848646,3.4339872044851463,0,0,1,6.897704943128636
3.9,0,1,0,0,0.0,0,0,0,0,1,0,Wearables,6.2166061010848646,3.331847303527362,0,1,0,5.442417710521793
4.8,0,1,0,0,0.0,0,0,0,0,1,0,"Office Supplies, Ink & Toner",6.2166061010848646,3.1982648709640764,0,1,0,7.284820912568604
4.6,0,0,0,0,0.0,0,0,0,0,1,0,"Audio, Sound & Recording Gear",4.61512051684126,6.779035150783365,1,0,0,6.300785794663244
4.4,0,0,0,0,0.28,0,0,0,0,1,0,"Audio, Sound & Recording Gear",6.90875477931522,3.2577118486533987,0,1,0,10.306750237089092
4.4,0,1,0,0,0.0,0,0,0,0,1,0,TV & Video Displays,6.2166061010848646,3.0440461338325417,0,1,0,6.513230110912307
4.7,0,1,0,0,0.0,0,0,0,0,1,0,TV & Video Displays,4.61512051684126,6.194405391104672,0,0,1,5.860786223465865
4.3,0,1,0,0,0.0,0,1,0,0,0,0,PC Components,6.90875477931522,2.5641798306825083,0,1,0,9.161360189754465
4.6,1,1,0,0,0.4,0,0,0,0,1,0,"Chargers, Adapters & Cables",7.601402334583733,3.931629535067065,0,0,1,6.240275845170769
4.4,0,1,0,0,0.0,0,0,0,0,1,0,Laptops,5.303304908059076,5.703782474656201,0,0,1,4.7535901911063645
4.6,0,1,0,0,0.0,0,0,0,0,1,0,Computer Peripherals,5.707110264748875,4.6150215020384655,0,0,1,9.73477299914839
4.4,0,1,0,0,0.13,0,0,0,0,1,0,Laptops,4.61512051684126,6.621392336096254,0,0,1,2.3978952727983707
4.6,0,1,0,0,0.2,0,0,0,0,1,0,Computer Peripherals,5.707110264748875,4.6150215020384655,0,0,1,5.4510384535657
4.6,0,1,0,0,0.0,0,0,0,0,1,0,Small Gadget Accessories (Cases & Protectors),6.2166061010848646,3.2561716096118976,0,0,1,9.797515738962684
4.4,0,1,0,0,0.38,0,0,0,0,1,0,Mobile Cell Phones & Smartphones,6.90875477931522,2.8326249356838407,0,1,0,8.042056410058754
4.0,0,1,1,0,0.08,0,0,0,0,1,0,TV & Video Displays,4.61512051684126,6.395244903485277,0,0,1,6.810142450115136
4.4,0,1,0,0,0.0,0,0,0,0,1,0,Laptops,4.61512051684126,5.99368707546108,0,0,1,5.820082930352362
3.9,0,1,0,0,0.0,0,0,0,0,1,0,Storage & Memory Cards,6.2166061010848646,2.8808824318750488,0,1,0,5.537334267018537
4.4,0,1,0,0,0.0,0,0,0,0,1,0,"Audio, Sound & Recording Gear",5.707110264748875,4.109233174715851,0,0,1,6.729824070489475
4.2,0,1,0,0,0.06,0,0,0,0,1,0,Computer Peripherals,5.303304908059076,5.081342251254203,0,0,1,5.634789603169249
4.1,0,1,0,0,0.1,0,0,0,0,1,0,Networking,5.993961427306569,3.806440242853081,0,1,0,8.48301573961465
4.5,0,1,0,0,0.46,0,0,0,0,1,0,"Audio, Sound & Recording Gear",6.2166061010848646,3.433664571799657,0,1,0,8.830250570199247
4.8,0,1,0,0,0.23,0,0,0,0,1,0,Wearables,0.0,4.875120984409557,0,0,1,2.079441541679836
4.2,0,1,1,0,0.17,0,0,0,0,1,0,Smart Home & Security,5.993961427306569,4.110709916308365,0,0,1,5.929589143389895
4.5,0,1,0,0,0.0,0,0,0,0,1,0,TV & Video Displays,6.2166061010848646,3.0440461338325417,0,1,0,9.203819154985917
3.9,0,1,0,0,0.14,0,0,0,0,1,0,Wearables,6.2166061010848646,3.1350593387750902,0,1,0,5.10594547390058
3.9,0,1,0,0,0.0,0,0,0,0,1,0,Computer Peripherals,5.303304908059076,5.421021606523488,0,0,1,7.095064377287131
4.6,0,1,0,0,0.0,0,0,0,0,1,0,"Office Supplies, Ink & Toner",6.2166061010848646,4.13660552093661,0,0,1,8.421783006611578
4.2,0,1,0,0,0.0,0,0,0,0,1,0,"Audio, Sound & Recording Gear",5.303304908059076,5.86064376317643,0,0,1,9.001222992395064
4.5,0,1,0,1,0.0,0,0,0,0,1,0,"Audio, Sound & Recording Gear",6.90875477931522,2.196112848483529,0,1,0,9.04310445260027
4.7,0,0,0,0,0.0,0,0,0,0,1,0,Cameras & Photography,4.61512051684126,5.857933154483459,0,0,1,5.14166355650266
4.7,0,0,0,0,0.0,0,0,0,0,1,0,Power & Batteries,6.90875477931522,2.127040520479115,0,1,0,7.180831199044556
4.0,0,0,0,0,0.0,0,0,0,0,1,0,Cameras & Photography,5.303304908059076,4.976664774525102,0,0,1,8.969796305981806
4.4,0,0,0,0,0.0,0,0,0,0,1,0,TV & Video Displays,4.61512051684126,6.089022199452786,0,0,1,5.293304824724492
3.9,0,1,1,0,0.18,0,0,0,0,1,0,Cameras & Photography,5.303304908059076,6.109158689924625,0,0,1,4.882801922586371
4.1,0,0,1,0,0.0,0,0,0,0,1,0,Cameras & Photography,6.2166061010848646,3.913821387369525,0,1,0,8.926783114101351
4.4,0,0,0,0,0.0,0,0,0,0,1,0,PC Components,4.61512051684126,5.602081919829862,0,0,1,8.9939241414114
4.1,0,1,0,0,0.3,0,0,0,0,1,0,"Audio, Sound & Recording Gear",6.2166061010848646,3.931629535067065,0,1,0,4.574710978503383
4.0,0,0,0,0,0.0,0,0,0,0,1,0,Computer Peripherals,5.707110264748875,4.392842927107731,0,0,1,7.372118028337787
4.5,0,0,0,0,0.0,0,0,0,0,1,0,TV & Video Displays,6.2166061010848646,3.3221541743217022,0,1,0,7.520776415062797
4.0,0,1,0,0,0.0,0,0,0,0,1,0,Laptops,3.9318256327243257,6.621392336096254,0,0,1,1.0986122886681098
4.4,0,1,0,0,0.0,0,0,0,0,1,0,PC Components,5.303304908059076,5.270740598777802,0,0,1,8.992681750892542
4.8,0,1,0,0,0.0,1,0,0,0,0,0,PC Components,4.61512051684126,7.170880792087884,1,0,0,3.4657359027997265
4.6,0,1,0,0,0.0,0,0,0,0,1,0,"Office Supplies, Ink & Toner",6.90875477931522,2.7966713927557385,0,1,0,8.528528701079983
4.4,0,0,0,0,0.0,0,0,0,0,1,0,Networking,4.61512051684126,5.4689879806011295,0,0,1,3.044522437723423
4.5,0,0,0,0,0.0,0,0,0,0,1,0,PC Components,5.303304908059076,5.061265035047578,0,0,1,7.394493107219038
4.5,0,1,0,0,0.0,0,0,0,0,1,0,"Chargers, Adapters & Cables",5.993961427306569,4.110709916308365,0,0,1,5.468060141135132
4.6,0,0,0,0,0.0,0,0,0,0,1,0,Small Gadget Accessories (Cases & Protectors),6.803505257608338,3.0440461338325417,0,1,0,8.874727765766853
4.6,0,1,0,0,0.0,0,0,0,0,1,0,"Chargers, Adapters & Cables",6.2166061010848646,2.915064370486536,0,0,1,9.071193240566023
4.6,0,0,0,0,0.0,0,0,0,0,1,0,PC Components,5.303304908059076,5.141605075260502,0,0,1,4.934473933130692
4.8,0,0,0,0,0.0,0,0,0,0,1,0,Cameras & Photography,5.993961427306569,3.662278772316757,0,1,0,3.828641396489095
4.3,0,0,0,0,0.0,0,0,0,0,1,0,Small Gadget Accessories (Cases & Protectors),5.993961427306569,3.822973188594635,0,0,1,8.044947049617722
4.4,0,1,1,0,0.15,0,0,0,0,1,0,"Office Supplies, Ink & Toner",4.61512051684126,5.916175108066267,1,0,0,3.4011973816621555
4.8,0,1,0,0,0.0,0,0,0,0,1,0,PC Components,5.707110264748875,4.875120984409557,0,0,1,6.656726524178391
4.5,0,1,0,0,0.0,0,0,0,0,1,0,Computer Peripherals,6.90875477931522,2.191653532286764,0,1,0,9.689799159992674
4.6,0,1,0,1,0.0,0,0,0,0,1,0,"Chargers, Adapters & Cables",6.803505257608338,2.9947317732204075,0,0,1,7.604396348796338
4.7,0,1,0,0,0.09,0,0,0,0,1,0,PC Components,5.707110264748875,4.709440107163888,0,0,1,6.131226489483141
4.0,0,1,1,0,0.4,0,0,0,0,1,0,Cameras & Photography,5.303304908059076,5.707077041605631,0,0,1,7.929846429742503
4.4,0,1,0,0,0.14,0,0,0,0,1,0,TV & Video Displays,4.61512051684126,6.803494158767612,1,0,0,4.795790545596741
4.1,0,1,0,0,0.25,0,0,0,0,1,0,Mobile Cell Phones & Smartphones,5.993961427306569,4.795707897553386,0,0,1,7.693937325509272
4.8,0,1,0,0,0.0,0,0,0,0,1,0,PC Components,5.993961427306569,5.17042717524212,0,0,1,8.624252263709645
4.6,0,0,0,0,0.0,0,0,0,0,1,0,"Audio, Sound & Recording Gear",5.303304908059076,5.799092654460526,0,0,1,7.790282380703483
3.9,0,1,0,0,0.5,0,0,0,0,1,0,"Chargers, Adapters & Cables",5.303304908059076,6.0867747269123065,1,0,0,4.110873864173311
4.2,0,1,0,0,0.0,0,0,0,0,1,0,Small Gadget Accessories (Cases & Protectors),6.2166061010848646,2.39698576841553,0,1,0,8.70996000607173
4.7,0,1,0,0,0.18,0,0,0,0,1,0,"Chargers, Adapters & Cables",6.2166061010848646,3.366950942933564,0,0,1,7.956476798036782
4.7,0,1,0,0,0.06,0,0,0,0,1,0,"Audio, Sound & Recording Gear",3.9318256327243257,7.4960917926896915,1,0,0,4.882801922586371
4.6,0,1,0,0,0.09,0,0,0,0,1,0,Mobile Cell Phones & Smartphones,5.303304908059076,5.413875707182309,0,0,1,4.77912349311153
4.2,1,1,1,0,0.25,0,0,0,0,1,0,Smart Home & Security,6.2166061010848646,5.081342251254203,0,0,1,6.656726524178391
4.6,0,0,0,0,0.0,0,0,0,0,1,0,Smart Home & Security,6.2166061010848646,3.307619034702589,0,1,0,6.447305862541213
4.3,0,0,0,0,0.0,0,0,0,0,1,0,"Audio, Sound & Recording Gear",4.61512051684126,5.642509726184388,0,0,1,6.401917196727186
4.0,0,0,0,0,0.0,0,0,0,0,1,0,Laptops,4.61512051684126,6.19644412779452,0,0,1,4.61512051684126
4.0,0,1,1,0,0.4,0,0,0,0,1,0,Printers & Scanners (Hardware),5.303304908059076,5.525413097700675,0,0,1,8.550047528287184
4.2,0,0,0,0,0.0,0,0,0,0,1,0,Other Electronics,5.303304908059076,5.62672142851974,0,0,1,7.038783541388542
4.7,0,1,0,0,0.07,0,0,0,0,1,0,"Chargers, Adapters & Cables",6.398594934535208,3.783962335360629,0,0,1,4.060443010546419
4.7,0,1,0,0,0.0,0,0,0,0,1,0,Smart Home & Security,5.707110264748875,4.23410650459726,0,0,1,7.053585727193677
4.7,0,1,0,0,0.0,0,0,0,0,1,0,PC Components,5.707110264748875,4.795707897553386,0,0,1,3.9889840465642745
4.7,0,1,0,0,0.26,0,0,0,0,1,0,Storage & Memory Cards,5.993961427306569,4.430697744137536,0,0,1,8.40804774415544
4.3,0,1,0,0,0.0,0,0,0,0,1,0,Mobile Cell Phones & Smartphones,4.61512051684126,6.395244903485277,1,0,0,5.697093486505405
4.6,0,1,1,0,0.2,0,0,0,0,1,0,"Audio, Sound & Recording Gear",6.2166061010848646,3.931629535067065,0,1,0,9.729372232289272
4.5,0,1,0,0,0.16,0,0,0,0,1,0,Wearables,5.707110264748875,5.252221070655064,0,0,1,6.525029657843462
4.6,0,1,1,1,0.44,0,0,0,0,1,0,"Audio, Sound & Recording Gear",5.707110264748875,5.075173815233827,0,0,1,5.929589143389895
4.4,0,1,0,0,0.38,0,0,0,0,1,0,Computer Peripherals,5.993961427306569,4.3943256902608985,0,0,1,8.213923595622743
4.3,0,1,0,0,0.23,0,0,0,0,1,0,Computer Peripherals,6.2166061010848646,4.110709916308365,0,0,1,7.206377291472252
4.6,0,1,0,0,0.31,0,0,0,0,1,0,"Audio, Sound & Recording Gear",5.993961427306569,4.5107496103686,0,0,1,5.605802066295998
4.7,0,0,0,0,0.0,0,0,0,0,1,0,Other Electronics,5.303304908059076,5.220355825078324,0,0,1,10.147687846375948
4.5,0,0,0,0,0.0,0,0,0,0,1,0,Cameras & Photography,5.303304908059076,5.30325515557766,0,0,1,4.7535901911063645
4.0,0,1,0,0,0.0,0,0,0,0,1,0,TV & Video Displays,6.2166061010848646,2.613739521630969,0,1,0,8.571870752706934
4.6,0,1,0,0,0.0,0,0,0,0,1,0,"Chargers, Adapters & Cables",6.2166061010848646,3.366950942933564,0,0,1,3.80666248977032
4.2,0,1,0,0,0.42,0,0,0,0,1,0,Wearables,5.707110264748875,5.141605075260502,0,0,1,7.19668657083435
4.8,0,0,0,0,0.0,0,0,0,0,1,0,PC Components,5.303304908059076,5.434507720998302,0,0,1,5.214935757608986
4.6,0,1,0,0,0.15,0,0,0,0,1,0,Cameras & Photography,4.61512051684126,7.170119543449628,0,0,1,4.127134385045092
4.5,0,1,1,0,0.0,0,0,0,0,1,0,Laptops,5.993961427306569,4.355040769588895,0,1,0,7.401231264413015
4.0,0,1,0,0,0.0,0,0,0,0,1,0,"Chargers, Adapters & Cables",5.303304908059076,5.135739611790679,1,0,0,6.340359303727752
4.7,0,0,1,0,0.0,0,0,0,0,1,0,"Office Supplies, Ink & Toner",6.2166061010848646,3.4622924810219664,0,0,1,8.48714627006394
4.4,0,1,0,0,0.0,0,0,0,0,1,0,Computer Peripherals,5.303304908059076,5.397936431576749,0,0,1,3.218875824868201
4.5,0,1,0,0,0.0,0,0,0,0,1,0,"Office Supplies, Ink & Toner",5.707110264748875,4.652912181973512,0,0,1,5.855071922202427
4.1,0,0,0,0,0.25,0,0,0,0,1,0,Computer Peripherals,5.707110264748875,5.30325515557766,0,0,1,5.680172609017068
4.5,0,0,0,0,0.0,0,0,0,0,1,0,TV & Video Displays,3.9318256327243257,6.605284389056917,0,0,1,4.77912349311153
4.5,0,0,0,0,0.0,0,0,0,0,1,0,Computer Peripherals,5.707110264748875,4.3943256902608985,0,0,1,2.995732273553991
4.6,0,1,0,0,0.1,0,0,0,0,1,0,"Office Supplies, Ink & Toner",6.2166061010848646,3.988798844230196,0,0,1,5.117993812416755
4.3,0,1,0,0,0.0,0,0,0,0,1,0,Printers & Scanners (Hardware),4.61512051684126,5.3518107389880365,0,0,1,4.787491742782046
3.8,0,0,0,0,0.0,0,0,0,0,1,0,Laptops,5.303304908059076,6.131226489483141,0,0,1,6.779921907472252
3.9,0,0,0,0,0.0,0,0,0,0,1,0,Computer Peripherals,4.61512051684126,5.564482092412441,0,0,1,4.7535901911063645
4.6,0,1,0,0,0.24,0,0,0,0,1,0,Computer Peripherals,5.993961427306569,4.5107496103686,0,0,1,5.87493073085203
2.8,0,1,0,0,0.0,0,0,0,0,1,0,Storage & Memory Cards,4.61512051684126,6.685848462595922,1,0,0,2.302585092994046
4.5,0,0,0,0,0.0,0,0,0,0,1,0,"Audio, Sound & Recording Gear",6.2166061010848646,4.290459441148391,0,0,1,5.659482215759621
4.6,0,1,0,0,0.0,0,0,0,0,1,0,Storage & Memory Cards,6.90875477931522,2.134166441369082,0,1,0,10.655893716970995
4.5,0,1,0,0,0.16,0,0,0,0,1,0,Laptops,5.707110264748875,4.376888456817758,0,1,0,7.806696372521179
4.4,0,1,0,0,0.0,0,0,0,0,1,0,TV & Video Displays,5.707110264748875,5.075173815233827,0,0,1,6.70808408385307
4.0,0,1,0,0,0.0,0,0,0,0,1,0,"Audio, Sound & Recording Gear",6.2166061010848646,3.5260663637080247,0,1,0,6.169610732491456
4.4,0,1,1,0,0.0,0,0,0,0,1,0,PC Components,5.993961427306569,4.188896879163323,0,1,0,5.921578419643816
4.3,0,1,0,0,0.07,0,0,0,0,1,0,Computer Peripherals,4.61512051684126,6.552493621597604,1,0,0,1.9459101490553128
4.6,0,1,0,0,0.33,0,0,0,0,1,0,Other Electronics,4.61512051684126,6.396929655216146,1,0,0,7.818027938530729
4.8,0,1,0,0,0.0,0,0,0,0,1,0,Cameras & Photography,6.2166061010848646,3.931629535067065,0,1,0,4.718498871295094
4.5,0,0,1,0,0.0,0,0,0,0,1,0,"Office Supplies, Ink & Toner",4.61512051684126,5.701045398946315,0,0,1,9.160099155539436
4.6,0,1,0,0,0.0,0,0,0,0,1,0,"Office Supplies, Ink & Toner",5.707110264748875,4.7526414653463,0,0,1,7.671826797878781
4.4,0,0,0,0,0.06,0,0,0,0,1,0,Small Gadget Accessories (Cases & Protectors),5.303304908059076,5.811140992976701,1,0,0,7.306531398939505
4.8,0,1,0,0,0.0,0,0,0,0,1,0,PC Components,6.2166061010848646,3.367295829986474,0,1,0,9.96430039193264
4.0,0,1,0,0,0.28,0,0,0,0,1,0,Wearables,6.2166061010848646,3.49620448524049,0,1,0,9.048291920021784
4.5,0,0,0,0,0.0,0,0,0,0,1,0,Computer Peripherals,5.707110264748875,4.709440107163888,0,0,1,4.990432586778736
4.6,0,1,0,0,0.33,0,0,0,0,1,0,Small Gadget Accessories (Cases & Protectors),6.2166061010848646,3.433664571799657,0,0,1,6.866933284461882
4.7,0,1,1,0,0.0,0,0,0,0,1,0,Laptops,5.993961427306569,4.61512051684126,0,1,0,3.555348061489413
4.7,0,1,0,0,0.15,0,0,0,0,1,0,"Audio, Sound & Recording Gear",5.707110264748875,4.795707897553386,0,0,1,2.3978952727983707
4.6,0,1,0,0,0.0,0,0,0,0,1,0,"Office Supplies, Ink & Toner",6.90875477931522,2.727199019940971,0,1,0,9.23356849809539
4.5,0,1,0,0,0.0,0,0,0,0,1,0,Computer Peripherals,5.303304908059076,5.583496308781699,0,0,1,6.26530121273771
4.7,0,1,0,0,0.0,0,0,0,0,1,0,Cameras & Photography,4.61512051684126,6.476972362889683,0,0,1,6.439350371100098
4.4,0,1,0,0,0.0,0,0,0,0,1,0,Storage & Memory Cards,6.2166061010848646,3.7133281345162463,0,0,1,6.777646593635117
4.0,0,0,0,0,0.0,0,0,0,0,1,0,Laptops,4.61512051684126,5.129957884770136,0,0,1,6.523562306149512
4.5,0,1,0,0,0.14,0,0,0,0,1,0,PC Components,5.303304908059076,5.081280133665588,0,0,1,5.541263545158426
4.3,0,1,1,0,0.21,0,0,0,0,1,0,Small Gadget Accessories (Cases & Protectors),6.2166061010848646,3.366950942933564,0,0,1,9.259892150805433
4.8,1,1,0,0,0.18,1,0,0,0,0,0,TV & Video Displays,9.210440366976515,3.911822985425479,0,1,0,10.694441793098983
4.7,0,1,0,0,0.37,0,0,0,0,1,0,"Office Supplies, Ink & Toner",6.398594934535208,3.58324112209094,0,0,1,7.922261058353247
4.0,0,1,0,0,0.0,0,0,0,0,1,0,Laptops,4.61512051684126,6.078765465509784,0,0,1,4.343805421853684
4.3,0,0,0,0,0.0,0,0,0,0,1,0,Small Gadget Accessories (Cases & Protectors),5.707110264748875,5.19833127167211,1,0,0,4.564348191467836
4.3,0,1,0,0,0.0,0,0,0,0,1,0,"Office Supplies, Ink & Toner",4.61512051684126,5.991464547107982,1,0,0,4.927253685157205
4.5,0,1,0,0,0.25,0,0,0,0,1,0,Storage & Memory Cards,5.303304908059076,5.081342251254203,0,0,1,5.293304824724492
4.2,0,1,0,0,0.0,0,0,0,0,1,0,"Audio, Sound & Recording Gear",5.993961427306569,5.017213609456379,0,0,1,5.777652323222656
3.3,0,1,0,0,0.08,0,0,0,0,1,0,PC Components,3.9318256327243257,7.170880792087884,1,0,0,3.8918202981106265
4.4,0,1,0,0,0.0,0,0,0,0,1,0,Tablets & E-readers (DEVICES ONLY),5.303304908059076,5.047417138188784,0,0,1,5.602118820879701
4.5,0,0,0,0,0.23,0,0,0,0,1,0,Small Gadget Accessories (Cases & Protectors),6.2166061010848646,3.7133281345162463,0,0,1,6.675823221634848
4.3,0,1,0,0,0.0,0,0,0,0,1,0,Computer Peripherals,5.707110264748875,4.709440107163888,0,0,1,8.073402968986406
4.6,0,0,0,0,0.0,0,0,0,0,1,0,Power & Batteries,5.707110264748875,4.616505695651837,1,0,0,5.820082930352362
4.7,0,0,0,0,0.0,0,0,0,0,1,0,PC Components,5.303304908059076,5.19844178112078,0,0,1,7.704811922932594
4.4,0,0,0,0,0.0,0,0,0,0,1,0,Wearables,5.993961427306569,3.9828541861887374,0,0,1,5.703782474656201
4.5,0,0,0,0,0.0,0,0,0,0,1,0,Small Gadget Accessories (Cases & Protectors),6.2166061010848646,3.352707172501721,0,0,1,6.413458957167357
4.2,0,1,0,0,0.0,0,0,0,0,1,0,Laptops,4.61512051684126,6.1092475827643655,0,0,1,7.228388451573604
4.8,0,1,0,0,0.0,0,0,0,0,1,0,Small Gadget Accessories (Cases & Protectors),4.61512051684126,5.88873944458517,1,0,0,6.214608098422191
4.5,0,1,0,0,0.21,0,0,0,0,1,0,Smart Home & Security,6.2166061010848646,3.76096753050819,0,1,0,6.456769655572163
4.4,0,0,0,0,0.24,0,0,0,0,1,0,Wearables,5.993961427306569,4.454231010422805,0,0,1,7.304515946460155
4.2,0,1,0,0,0.0,0,0,0,0,1,0,"Audio, Sound & Recording Gear",6.2166061010848646,3.8284239815518326,0,1,0,4.7535901911063645
4.6,0,1,0,0,0.14,0,0,0,0,1,0,Cameras & Photography,4.61512051684126,6.746400377623016,0,0,1,6.639875833826536
4.4,0,1,0,0,0.0,0,0,0,0,1,0,Wearables,6.2166061010848646,4.5107496103686,0,0,1,9.03884005381381
3.6,0,1,0,0,0.42,0,0,0,0,1,0,Wearables,5.707110264748875,5.252221070655064,0,0,1,6.975413927455952
4.3,0,1,0,0,0.0,0,0,0,0,1,0,Computer Peripherals,5.303304908059076,5.278063637520769,0,0,1,5.44673737166631
4.7,0,1,0,0,0.27,0,0,0,0,1,0,Storage & Memory Cards,6.803505257608338,2.7180005319553784,0,1,0,6.295266001439646
4.6,0,1,0,0,0.0,0,0,0,0,1,0,"Office Supplies, Ink & Toner",5.303304908059076,5.707077041605631,0,0,1,7.134890851565884
4.3,0,0,0,0,0.0,0,0,0,0,1,0,Computer Peripherals,6.2166061010848646,3.3474449256629084,0,1,0,7.981049759665957
4.5,0,1,0,0,0.0,0,0,0,0,1,0,Small Gadget Accessories (Cases & Protectors),6.2166061010848646,3.49620448524049,0,0,1,9.75359446296151
4.6,0,1,0,0,0.0,0,0,0,0,1,0,Small Gadget Accessories (Cases & Protectors),6.2166061010848646,3.1350593387750902,0,0,1,6.220590170099739
4.6,0,0,0,0,0.0,0,0,0,0,1,0,"Office Supplies, Ink & Toner",4.61512051684126,5.828622035851511,1,0,0,4.997212273764115
4.4,0,1,1,0,0.14,0,0,0,0,1,0,"Office Supplies, Ink & Toner",6.398594934535208,3.782597457987688,0,0,1,7.301147805856032
4.4,0,0,0,0,0.0,0,0,0,0,1,0,Tablets & E-readers (DEVICES ONLY),5.707110264748875,4.126489015548668,0,0,1,5.598421958998375
4.7,0,1,0,0,0.45,0,1,0,0,0,0,"Audio, Sound & Recording Gear",5.993961427306569,4.343805421853684,0,0,1,8.397057390176256
4.5,0,0,0,0,0.48,0,0,0,0,1,0,Small Gadget Accessories (Cases & Protectors),6.55250788703459,3.931629535067065,0,0,1,9.502412792729256
4.6,0,1,0,0,0.17,0,0,0,0,1,0,Computer Peripherals,5.303304908059076,5.19844178112078,0,0,1,5.010635294096256
3.2,0,0,1,0,0.0,0,0,0,0,1,0,Printers & Scanners (Hardware),3.9318256327243257,5.963579343618446,0,0,1,3.951243718581428
4.5,0,0,0,0,0.0,0,0,0,0,1,0,Small Gadget Accessories (Cases & Protectors),5.993961427306569,3.694612985961697,0,0,1,5.187385805840755
4.8,0,1,0,0,0.21,0,0,0,0,1,0,"Office Supplies, Ink & Toner",6.68586094706836,3.177637076851603,0,1,0,7.557994958530806
4.4,0,1,1,0,0.0,0,0,0,0,1,0,Wearables,5.303304908059076,5.393627546352362,0,0,1,8.029758520440822
4.8,0,0,0,0,0.0,0,0,0,0,1,0,Cameras & Photography,3.9318256327243257,7.150113049220151,0,0,1,6.677083461247136
4.6,0,1,0,0,0.19,0,0,0,0,1,0,Laptops,5.303304908059076,5.655991810819852,0,0,1,4.927253685157205
4.5,0,1,0,0,0.11,0,0,0,0,1,0,Computer Peripherals,4.61512051684126,5.99393648933976,1,0,0,5.723585101952381
4.7,0,1,0,1,0.0,0,0,0,0,1,0,"Chargers, Adapters & Cables",6.2166061010848646,3.569250966658405,0,0,1,9.212936997823448
4.8,0,1,0,0,0.0,0,0,0,0,1,0,"Office Supplies, Ink & Toner",6.90875477931522,2.069391205826334,0,1,0,9.281637253858216
4.4,0,1,0,0,0.17,0,0,0,0,1,0,Printers & Scanners (Hardware),6.2166061010848646,3.218475744846861,0,1,0,9.202207388745991
4.9,0,1,1,0,0.0,0,0,0,0,1,0,"Chargers, Adapters & Cables",6.803505257608338,2.8898160479624417,0,0,1,6.082218910376446
4.4,0,1,1,0,0.0,0,0,0,0,1,0,Mobile Cell Phones & Smartphones,6.2166061010848646,3.2561716096118976,0,1,0,7.288244401020124
4.8,0,1,1,0,0.0,0,0,0,0,1,0,Wearables,6.2166061010848646,3.7123518102990793,0,1,0,8.958154135209242
4.2,0,1,0,0,0.13,0,0,0,0,1,0,"Audio, Sound & Recording Gear",5.707110264748875,5.099805450355355,0,0,1,7.434847875211999
4.0,0,0,0,0,0.0,0,0,0,0,1,0,"Office Supplies, Ink & Toner",5.993961427306569,4.276527220481212,0,0,1,7.81923445385907
4.4,0,1,0,0,0.0,0,0,0,0,1,0,Storage & Memory Cards,4.61512051684126,5.834664527544105,0,0,1,5.4510384535657
4.7,0,1,0,0,0.31,0,0,0,0,1,0,Computer Peripherals,6.55250788703459,3.4232849781261603,0,1,0,7.549082710812286
4.6,0,1,0,0,0.0,0,0,0,0,1,0,"Office Supplies, Ink & Toner",5.993961427306569,4.3943256902608985,0,0,1,8.301769763117166
3.4,0,1,0,0,0.38,0,0,0,0,1,0,Wearables,5.303304908059076,5.075173815233827,0,0,1,2.8903717578961645
4.8,0,0,0,0,0.0,0,0,0,0,1,0,PC Components,5.707110264748875,4.875120984409557,0,0,1,9.207436158828791
4.6,0,1,0,0,0.0,0,0,0,0,1,0,TV & Video Displays,5.303304908059076,5.017213609456379,0,0,1,7.86288203464149
4.5,0,1,0,0,0.5,0,0,0,0,1,0,Small Gadget Accessories (Cases & Protectors),6.2166061010848646,4.330601752681694,0,0,1,5.209486152841421
4.5,0,1,0,0,0.0,0,0,0,0,1,0,Computer Peripherals,6.90875477931522,2.301584592660462,0,1,0,10.33731333441325
4.6,0,1,0,0,0.08,0,0,0,0,1,0,PC Components,6.2166061010848646,3.58324112209094,0,1,0,4.51085950651685
4.3,0,0,1,0,0.0,0,0,0,0,1,0,Printers & Scanners (Hardware),4.61512051684126,5.393627546352362,0,0,1,5.081404364984463
4.7,0,0,0,0,0.0,0,0,0,0,1,0,"Office Supplies, Ink & Toner",5.303304908059076,5.611484420509835,0,0,1,5.572154032177765
4.7,0,1,0,0,0.16,0,0,0,0,1,0,"Office Supplies, Ink & Toner",5.993961427306569,4.5324919604901055,0,0,1,6.933423025730715
5.0,0,1,0,0,0.08,0,0,0,0,1,0,Small Gadget Accessories (Cases & Protectors),5.993961427306569,4.110709916308365,0,0,1,3.9318256327243257
4.2,0,1,0,0,0.0,0,0,0,0,1,0,Printers & Scanners (Hardware),3.9318256327243257,7.313220387090301,1,0,0,6.161207321695077
4.7,0,0,0,0,0.0,0,0,0,0,1,0,PC Components,5.303304908059076,5.225692908827035,0,0,1,4.3694478524670215
4.7,0,1,0,0,0.0,0,0,0,0,1,0,Computer Peripherals,5.993961427306569,3.8691155044168695,0,0,1,4.532599493153256
4.5,0,1,0,0,0.11,0,0,0,0,1,0,"Audio, Sound & Recording Gear",5.707110264748875,3.58324112209094,0,1,0,7.290292882446597
4.3,0,0,0,0,0.0,0,0,0,0,1,0,"Office Supplies, Ink & Toner",5.993961427306569,4.20707783220934,0,0,1,3.5263605246161616
4.3,0,1,0,0,0.29,0,0,0,0,1,0,TV & Video Displays,4.61512051684126,6.552493621597604,0,0,1,5.176149732573829
4.4,0,0,0,0,0.0,0,0,0,0,1,0,"Office Supplies, Ink & Toner",4.61512051684126,5.433241538804557,0,0,1,4.997212273764115
4.7,0,0,0,0,0.0,0,0,0,0,1,0,Power & Batteries,6.2166061010848646,3.715521385060357,0,0,1,8.293299358711323
4.2,0,1,0,0,0.32,0,0,0,0,1,0,Computer Peripherals,4.61512051684126,6.042609080431154,1,0,0,5.081404364984463
4.3,0,1,1,0,0.16,0,0,0,0,1,0,Other Electronics,6.2166061010848646,3.1350593387750902,0,1,0,9.190443740261726
4.8,0,0,0,0,0.0,0,0,0,0,1,0,"Office Supplies, Ink & Toner",5.707110264748875,4.671800268285854,0,0,1,6.740519359606223
4.8,0,0,0,0,0.0,0,0,0,0,1,0,"Office Supplies, Ink & Toner",5.707110264748875,4.794881041213901,0,0,1,7.197435354096591
4.0,0,0,0,0,0.0,0,0,0,0,1,0,"Audio, Sound & Recording Gear",4.61512051684126,7.170873105604182,1,0,0,5.181783550292085
4.4,0,1,0,0,0.15,0,0,0,0,1,0,"Office Supplies, Ink & Toner",5.993961427306569,3.8916161956504833,0,0,1,6.650279048587422
4.0,0,1,0,0,0.18,0,0,0,0,1,0,PC Components,4.61512051684126,6.311716660167896,0,0,1,3.970291913552122
4.6,0,0,0,0,0.0,0,0,0,0,1,0,Networking,5.993961427306569,4.542230386214217,0,0,1,7.347299700743164
4.8,0,1,0,0,0.39,1,0,0,0,0,0,"Chargers, Adapters & Cables",6.2166061010848646,3.5779478934066544,0,0,1,8.044626279767337
4.7,0,0,0,0,0.0,0,0,0,0,1,0,Networking,5.303304908059076,4.438761347654186,0,0,1,7.971776122880628
4.2,0,0,0,0,0.0,0,0,0,0,1,0,Computer Peripherals,5.303304908059076,4.437697832044343,0,0,1,3.6635616461296463
4.4,0,1,0,0,0.3,0,0,0,0,1,0,Smart Home & Security,5.303304908059076,5.484755438853831,0,0,1,7.840312983320164
4.6,0,1,0,0,0.38,0,0,0,0,1,0,PC Components,6.90875477931522,2.8419981736119486,0,1,0,5.998936561946683
4.7,0,1,0,0,0.0,0,0,0,0,1,0,Small Gadget Accessories (Cases & Protectors),6.2166061010848646,3.0440461338325417,0,1,0,8.053251153549096
4.7,0,1,0,0,0.0,0,0,0,0,1,0,"Office Supplies, Ink & Toner",6.2166061010848646,3.713572066704308,0,0,1,8.034955024502159
4.6,0,0,0,0,0.0,0,0,0,0,1,0,Laptops,4.61512051684126,6.14844692816799,0,0,1,3.871201010907891
4.4,0,1,1,0,0.25,0,0,0,0,1,0,"Audio, Sound & Recording Gear",5.303304908059076,5.525413097700675,0,0,1,7.254177846456518
4.7,0,0,0,0,0.0,0,0,0,0,1,0,Storage & Memory Cards,5.303304908059076,5.875323911973168,0,0,1,9.07440609473535
4.3,0,1,0,0,0.0,0,0,0,0,1,0,Mobile Cell Phones & Smartphones,6.2166061010848646,3.636269503841639,0,1,0,8.524168805152662
4.7,0,1,0,0,0.19,0,0,0,0,1,0,Wearables,5.303304908059076,5.081342251254203,0,0,1,4.90527477843843
4.0,0,1,0,0,0.05,0,0,0,0,1,0,Wearables,5.707110264748875,4.663344750039164,0,0,1,5.811140992976701
4.6,0,0,0,0,0.0,0,0,0,0,1,0,Storage & Memory Cards,6.2166061010848646,4.002046508075734,0,0,1,5.860786223465865
4.0,0,1,0,0,0.27,0,0,0,0,1,0,TV & Video Displays,4.61512051684126,7.170880792087884,1,0,0,6.568077911411976
3.9,0,1,0,0,0.0,0,0,0,0,1,0,Smart Home & Security,6.2166061010848646,2.563409711275944,0,1,0,8.379997952238393
3.0,0,1,0,0,0.0,0,0,0,0,1,0,Wearables,5.303304908059076,5.111686538165984,0,0,1,6.811244378601294
4.4,0,1,0,0,0.0,0,0,0,0,1,0,"Audio, Sound & Recording Gear",6.90875477931522,2.378619779270043,0,1,0,6.639875833826536
4.4,0,1,0,0,0.0,0,0,0,0,1,0,Small Gadget Accessories (Cases & Protectors),5.993961427306569,4.262539022051294,0,0,1,5.802118375377063
4.6,0,1,0,0,0.0,0,0,0,0,1,0,PC Components,4.61512051684126,5.739760757321436,0,0,1,7.120444372392488
4.9,0,0,0,0,0.0,0,0,0,0,1,0,Power & Batteries,5.707110264748875,4.110709916308365,0,0,1,2.8903717578961645
3.9,0,1,0,0,0.0,0,0,0,0,1,0,Computer Peripherals,3.9318256327243257,7.292248676682692,1,0,0,2.19722457733622
4.3,0,1,1,0,0.2,0,0,0,0,1,0,"Office Supplies, Ink & Toner",6.68586094706836,3.433664571799657,0,0,1,9.276502574229852
4.4,0,0,1,0,0.0,0,0,0,0,1,0,TV & Video Displays,4.61512051684126,6.702881317717671,0,0,1,6.774223886357614
4.8,0,1,0,0,0.0,0,0,0,0,1,0,PC Components,6.2166061010848646,2.536866388718712,0,1,0,8.463370384718731
4.6,1,1,0,0,0.0,1,0,0,0,0,0,PC Components,6.90875477931522,2.0268315914075385,0,1,0,8.13973227971767
4.1,0,1,0,0,0.0,0,0,0,0,1,0,Printers & Scanners (Hardware),4.61512051684126,6.111445166307853,0,0,1,5.017279836814924
4.3,0,1,0,0,0.25,0,0,0,0,1,0,Mobile Cell Phones & Smartphones,6.90875477931522,3.0440461338325417,0,1,0,8.231109840328154
4.4,0,1,0,0,0.58,0,0,0,0,1,0,Small Gadget Accessories (Cases & Protectors),6.2166061010848646,3.912023005428146,0,0,1,7.22402480828583
4.5,0,0,0,0,0.0,0,0,0,0,1,0,Laptops,4.61512051684126,6.398078994472668,0,0,1,5.123963979403259
4.6,0,1,0,0,0.1,0,0,0,0,1,0,"Office Supplies, Ink & Toner",6.2166061010848646,4.142975983633837,0,0,1,8.721439305625983
4.1,0,0,0,0,0.0,0,0,0,0,1,0,Computer Peripherals,5.707110264748875,4.262539022051294,0,0,1,6.091309882077698
4.7,0,1,0,0,0.0,0,0,0,0,1,0,TV & Video Displays,5.993961427306569,4.110709916308365,0,1,0,7.138073034044347
4.2,0,1,0,0,0.0,0,0,0,0,1,0,Laptops,4.61512051684126,6.152732694704104,0,0,1,5.799092654460526
4.6,0,1,0,0,0.13,0,0,0,0,1,0,"Chargers, Adapters & Cables",6.90875477931522,2.4840729690394228,0,1,0,7.706162970199576
3.8,0,1,0,0,0.0,0,0,0,0,1,0,Printers & Scanners (Hardware),5.707110264748875,4.795707897553386,0,1,0,5.3471075307174685
4.1,0,1,0,0,0.09,0,0,0,0,1,0,Small Gadget Accessories (Cases & Protectors),6.2166061010848646,3.681099266794974,0,0,1,7.596894438144544
4.5,0,1,0,0,0.0,0,0,0,0,1,0,Computer Peripherals,6.2166061010848646,3.7133281345162463,0,0,1,7.845807502637805
4.3,0,1,0,0,0.35,0,0,0,0,1,0,Storage & Memory Cards,5.707110264748875,5.30305612089521,0,0,1,6.095824562432225
4.6,0,1,0,0,0.0,0,0,0,0,1,0,Power & Batteries,5.993961427306569,3.687628672212284,0,0,1,6.272877006546167
4.4,0,0,0,0,0.0,0,0,0,0,1,0,"Audio, Sound & Recording Gear",5.303304908059076,4.912654885736052,0,0,1,6.954638864880987
4.5,0,1,0,0,0.0,0,0,0,0,1,0,Power & Batteries,5.993961427306569,4.157162854614252,0,0,1,9.632400353656184
4.0,0,0,0,0,0.0,0,0,0,0,1,0,Wearables,6.2166061010848646,3.931629535067065,0,0,1,5.983936280687191
4.2,0,0,0,0,0.0,0,0,0,0,1,0,Computer Peripherals,5.993961427306569,3.912023005428146,0,0,1,5.429345628954441
3.8,0,1,0,0,0.09,0,0,0,0,1,0,Laptops,0.0,8.366600507740346,1,0,0,3.610917912644224
4.8,0,1,0,0,0.0,0,0,0,0,1,0,"Office Supplies, Ink & Toner",6.90875477931522,1.979621206397625,0,1,0,7.9229859587111955
4.7,0,1,0,0,0.0,0,0,0,0,1,0,Cameras & Photography,3.9318256327243257,7.782807262839695,1,0,0,5.25227342804663
4.8,0,0,0,0,0.0,0,0,0,0,1,0,Other Electronics,4.61512051684126,4.6238937999861935,0,0,1,4.158883083359672
4.7,0,0,0,0,0.0,0,0,0,0,1,0,Power & Batteries,6.398594934535208,4.025173103360802,0,0,1,5.093750200806762
0.0,0,1,0,0,0.16,0,0,0,0,1,0,PC Components,0.0,7.937374696163295,1,0,0,0.0
4.5,0,0,0,0,0.0,0,0,0,0,1,0,Power & Batteries,5.303304908059076,4.795707897553386,1,0,0,3.218875824868201
4.6,0,1,0,0,0.08,0,0,0,0,1,0,PC Components,5.707110264748875,4.262539022051294,0,1,0,8.713253274320705
4.6,0,1,0,0,0.0,0,0,0,0,1,0,"Office Supplies, Ink & Toner",5.707110264748875,4.454231010422805,0,0,1,6.593044534142437
4.3,0,1,0,0,0.2,0,0,0,0,1,0,Wearables,5.303304908059076,5.525413097700675,0,0,1,7.629975707027789
4.3,0,1,0,0,0.14,0,0,0,0,1,0,TV & Video Displays,6.2166061010848646,2.620311286794203,0,1,0,7.933079771880415
4.2,0,1,0,0,0.0,0,0,0,0,1,0,"Audio, Sound & Recording Gear",4.61512051684126,6.111445166307853,1,0,0,5.214935757608986
4.5,0,0,0,0,0.1,0,0,0,0,1,0,TV & Video Displays,6.2166061010848646,3.433664571799657,0,1,0,5.198497031265826
4.1,0,1,0,0,0.0,0,0,0,0,1,0,TV & Video Displays,5.303304908059076,5.13562195088926,0,0,1,2.3978952727983707
4.3,0,1,0,0,0.14,0,0,0,0,1,0,Small Gadget Accessories (Cases & Protectors),5.707110264748875,4.948405217560121,0,0,1,9.088624613292088
4.3,0,1,0,0,0.0,0,0,0,0,1,0,"Audio, Sound & Recording Gear",6.2166061010848646,4.614625344758847,0,0,1,5.616771097666572
4.6,0,0,0,0,0.0,1,0,0,0,0,0,Other Electronics,4.61512051684126,5.973453314306131,0,0,1,6.985641817639208
4.9,0,1,0,0,0.0,0,0,0,0,1,0,PC Components,4.61512051684126,6.803494158767612,1,0,0,2.995732273553991
4.4,0,1,1,0,0.1,0,0,0,0,1,0,Networking,5.303304908059076,4.9486889658772695,0,0,1,8.75273950944749
4.5,0,0,0,0,0.0,0,0,0,0,1,0,"Office Supplies, Ink & Toner",4.61512051684126,5.84900772680898,1,0,0,5.899897353582492
4.4,0,0,0,0,0.16,0,0,0,0,1,0,Small Gadget Accessories (Cases & Protectors),6.2166061010848646,3.783962335360629,0,0,1,7.570443252057374
4.5,0,1,0,0,0.0,0,0,0,0,1,0,"Audio, Sound & Recording Gear",5.993961427306569,4.18920009323478,0,0,1,6.212606095751519
4.2,0,1,0,0,0.16,0,0,0,0,1,0,PC Components,5.303304908059076,5.525413097700675,0,0,1,5.652489180268651
4.8,0,1,0,0,0.0,0,0,0,0,1,0,"Office Supplies, Ink & Toner",5.707110264748875,5.251959242569887,0,0,1,6.284134161070802
4.1,0,1,0,0,0.25,0,0,0,0,1,0,TV & Video Displays,4.61512051684126,5.99393648933976,0,0,1,5.963579343618446
4.4,0,1,0,0,0.07,0,0,0,0,1,0,"Audio, Sound & Recording Gear",4.61512051684126,5.916175108066267,0,0,1,5.308267697401205
4.7,0,0,0,0,0.0,0,0,0,0,1,0,"Office Supplies, Ink & Toner",4.61512051684126,6.173786103901937,1,0,0,6.131226489483141
3.6,0,1,1,0,0.0,0,0,0,0,1,0,Wearables,4.61512051684126,6.121834698269836,1,0,0,5.068904202220232
4.6,0,0,0,0,0.0,0,0,0,0,1,0,Cameras & Photography,3.9318256327243257,7.616278637885348,1,0,0,4.795790545596741
4.4,0,1,0,0,0.17,0,0,0,0,1,0,Computer Peripherals,5.707110264748875,4.110709916308365,0,0,1,8.484876589939695
4.5,0,1,0,0,0.32,0,0,0,0,1,0,Small Gadget Accessories (Cases & Protectors),6.2166061010848646,3.2577118486533987,0,0,1,7.577633832602728
4.4,0,1,0,0,0.0,0,0,0,0,1,0,Wearables,5.303304908059076,5.135798437050262,0,0,1,2.70805020110221
4.4,0,1,0,0,0.21,0,0,0,0,1,0,Computer Peripherals,5.707110264748875,5.141605075260502,0,0,1,7.517520850603031
4.3,0,0,0,0,0.0,0,0,0,0,1,0,"Audio, Sound & Recording Gear",5.707110264748875,4.938279631904115,0,0,1,5.659482215759621
4.6,0,1,0,0,0.0,0,0,0,0,1,0,Cameras & Photography,3.9318256327243257,8.342601680684194,1,0,0,5.402677381872279
4.4,0,1,0,0,0.0,0,0,0,0,1,0,Wearables,5.707110264748875,4.76208846105951,0,0,1,7.29641326877392
4.5,0,1,0,0,0.3,0,0,0,0,1,0,Smart Home & Security,5.303304908059076,5.30325515557766,0,0,1,9.055906318669118
4.8,0,1,0,0,0.2,0,1,0,0,0,0,PC Components,6.803505257608338,2.8898160479624417,0,1,0,10.3244650522748
3.9,0,0,0,0,0.0,0,0,0,0,1,0,TV & Video Displays,5.303304908059076,5.638319081511895,0,0,1,6.061456918928017
3.9,1,1,0,0,0.0,0,0,0,0,1,0,TV & Video Displays,0.0,5.19844178112078,0,0,1,4.418840607796598
4.0,1,1,0,0,0.0,0,0,0,0,1,0,TV & Video Displays,0.0,6.21658614080582,0,0,1,0.6931471805599453
3.8,0,1,0,0,0.22,0,0,0,0,1,0,Computer Peripherals,6.2166061010848646,3.177637076851603,0,1,0,6.70073110954781
4.6,0,1,0,0,0.2,0,0,0,0,1,0,"Chargers, Adapters & Cables",6.90875477931522,2.771963526845863,0,0,1,9.002085433155724
4.5,0,1,0,0,0.31,0,0,0,0,1,0,"Office Supplies, Ink & Toner",6.398594934535208,4.148517041110494,0,0,1,7.80710329012598
4.1,0,0,0,0,0.0,0,0,0,0,1,0,Computer Peripherals,4.61512051684126,6.129050210060545,1,0,0,6.661854740545311
3.2,0,0,0,0,0.0,0,0,0,0,1,0,Small Gadget Accessories (Cases & Protectors),6.2166061010848646,4.605070180987758,0,0,1,4.276666119016055
4.2,1,1,0,0,0.0,0,0,0,0,1,0,TV & Video Displays,0.0,5.564482092412441,0,0,1,1.0986122886681098
4.8,0,1,0,0,0.32,0,0,0,0,1,0,Computer Peripherals,6.90875477931522,2.7073833121145063,0,1,0,8.512984346642183
3.9,0,0,0,0,0.0,0,0,0,0,1,0,Printers & Scanners (Hardware),5.303304908059076,5.4249059636476105,0,0,1,6.124683390894205
4.6,0,0,1,0,0.32,0,0,0,0,1,0,Computer Peripherals,0.0,3.931629535067065,0,0,1,5.8522024797744745
4.8,0,1,0,0,0.0,0,0,0,0,1,0,PC Components,6.2166061010848646,4.356580613342406,0,1,0,10.686086878984394
4.7,0,1,0,0,0.0,0,0,0,0,1,0,"Office Supplies, Ink & Toner",5.707110264748875,4.417514427603435,0,0,1,5.937536205082426
4.5,0,1,0,1,0.0,0,0,0,0,1,0,Laptops,5.303304908059076,5.831853151340319,0,0,1,4.30406509320417
4.6,0,1,0,0,0.0,0,0,0,0,1,0,Tablets & E-readers (DEVICES ONLY),6.2166061010848646,3.869324250895031,0,1,0,5.236441962829949
4.6,0,1,0,0,0.09,0,0,0,0,1,0,Laptops,5.707110264748875,4.488524003868771,0,1,0,10.599505608187757
3.9,0,0,0,0,0.0,0,0,0,0,1,0,PC Components,4.61512051684126,6.654152520183219,1,0,0,2.8903717578961645
4.5,0,0,1,0,0.0,0,0,0,0,1,0,Laptops,4.61512051684126,6.580472687926782,0,0,1,5.662960480135946
4.6,0,1,0,0,0.0,0,0,0,0,1,0,"Chargers, Adapters & Cables",6.90875477931522,2.771963526845863,0,0,1,7.907651594711089
4.7,0,0,0,0,0.0,0,0,0,0,1,0,"Chargers, Adapters & Cables",6.2166061010848646,2.5610957881455465,0,1,0,7.263329617476836
4.0,0,0,0,0,0.0,0,0,0,0,1,0,PC Components,4.61512051684126,5.3471075307174685,0,0,1,4.532599493153256
3.8,0,0,0,0,0.0,0,0,0,0,1,0,"Office Supplies, Ink & Toner",3.9318256327243257,7.204245941640309,1,0,0,2.6390573296152584
4.7,0,0,0,0,0.0,0,0,0,0,1,0,Power & Batteries,6.90875477931522,2.847812143477369,0,0,1,5.159055299214529
4.8,0,1,0,0,0.12,0,0,0,0,1,0,"Office Supplies, Ink & Toner",6.68586094706836,3.218475744846861,0,1,0,7.532623618788788
4.4,0,1,0,0,0.0,0,0,0,0,1,0,Storage & Memory Cards,4.61512051684126,5.141605075260502,0,0,1,4.418840607796598
4.3,0,0,0,0,0.14,0,0,0,0,1,0,Computer Peripherals,6.2166061010848646,3.58324112209094,0,1,0,7.10085190894405
4.2,0,0,0,0,0.0,0,0,0,0,1,0,PC Components,5.303304908059076,4.950885289690482,0,0,1,6.049733455231958
4.6,0,1,0,0,0.21,0,0,0,0,1,0,PC Components,4.61512051684126,5.379851269529299,0,0,1,6.660575149839686
4.4,0,0,0,0,0.0,0,0,0,0,1,0,Tablets & E-readers (DEVICES ONLY),5.707110264748875,4.875120984409557,0,0,1,6.082218910376446
4.5,0,0,0,0,0.0,0,0,0,0,1,0,"Office Supplies, Ink & Toner",5.303304908059076,5.494870505588716,0,0,1,5.83773044716594
4.4,0,1,0,0,0.0,0,0,0,0,1,0,TV & Video Displays,5.303304908059076,5.14166355650266,0,0,1,5.891644211825772
4.5,0,1,0,0,0.0,0,0,0,0,1,0,Computer Peripherals,5.993961427306569,4.110709916308365,0,0,1,9.71878315904038
3.9,0,1,0,0,0.0,0,0,0,0,1,0,Computer Peripherals,6.2166061010848646,3.778263015248622,0,0,1,5.198497031265826
4.0,0,1,0,0,0.1,0,0,0,0,1,0,"Audio, Sound & Recording Gear",6.2166061010848646,3.7133281345162463,0,1,0,4.787491742782046
4.6,0,1,0,0,0.0,0,0,0,0,1,0,"Office Supplies, Ink & Toner",5.707110264748875,4.204394067366058,0,0,1,5.225746673713202
4.4,0,0,0,0,0.0,0,0,0,0,1,0,PC Components,4.61512051684126,6.21658614080582,0,0,1,2.079441541679836
4.8,0,1,0,0,0.45,0,0,0,0,1,0,"Office Supplies, Ink & Toner",6.55250788703459,3.657388787022565,0,0,1,6.9363427358340495
4.4,0,1,0,0,0.0,0,0,0,0,1,0,Wearables,5.303304908059076,5.3518107389880365,0,0,1,6.946013991099227
4.6,0,1,0,0,0.0,0,0,0,0,1,0,PC Components,5.707110264748875,4.875120984409557,0,0,1,6.159095388491933
4.5,0,1,0,0,0.26,0,0,0,0,1,0,Other Electronics,6.90875477931522,2.189416394888408,0,1,0,8.278428259199071
4.8,0,0,0,0,0.0,0,0,0,0,1,0,"Office Supplies, Ink & Toner",6.2166061010848646,3.7133281345162463,0,0,1,6.042632833682381
4.6,0,1,0,0,0.07,0,0,0,0,1,0,Laptops,6.2166061010848646,3.783507583192719,0,1,0,6.499787040655854
4.4,0,0,0,0,0.0,0,0,0,0,1,0,Computer Peripherals,5.303304908059076,5.103518288242969,0,0,1,6.98100574072173
4.4,0,1,0,0,0.35,0,0,0,0,1,0,TV & Video Displays,4.61512051684126,5.505290884699608,0,0,1,6.902742737158593
4.7,0,1,0,0,0.0,0,0,0,0,1,0,Storage & Memory Cards,5.707110264748875,4.6150215020384655,0,0,1,4.543294782270004
4.4,0,1,0,0,0.07,0,0,0,0,1,0,"Audio, Sound & Recording Gear",6.2166061010848646,3.8916161956504833,0,1,0,7.773594467360194
4.4,0,0,0,0,0.0,0,0,0,0,1,0,"Office Supplies, Ink & Toner",4.61512051684126,5.298317366548036,0,0,1,5.579729825986222
4.7,0,0,0,0,0.0,0,0,0,0,1,0,"Office Supplies, Ink & Toner",5.707110264748875,4.663344750039164,0,0,1,7.014814351275545
4.5,0,1,0,0,0.0,0,0,0,0,1,0,Networking,5.303304908059076,4.77912349311153,0,0,1,4.110873864173311
4.4,0,1,0,0,0.0,0,0,0,0,1,0,Laptops,4.61512051684126,6.5235476217538855,0,0,1,3.1780538303479458
4.7,0,1,0,0,0.08,0,0,0,0,1,0,"Office Supplies, Ink & Toner",6.398594934535208,3.295466427029913,0,1,0,7.104144092987527
4.2,0,1,0,0,0.07,0,0,0,0,1,0,Wearables,5.303304908059076,5.016948656152848,0,0,1,10.024554080515571
4.4,0,1,0,0,0.0,0,0,0,0,1,0,TV & Video Displays,5.993961427306569,4.488524003868771,0,0,1,9.27049429479593
4.6,0,1,1,0,0.0,0,0,0,0,1,0,Wearables,5.303304908059076,4.948405217560121,0,0,1,5.135798437050262
4.2,0,1,0,0,0.13,0,0,0,0,1,0,Small Gadget Accessories (Cases & Protectors),5.707110264748875,5.017213609456379,1,0,0,7.213768308118642
4.2,0,1,0,0,0.0,0,0,0,0,1,0,"Chargers, Adapters & Cables",5.993961427306569,3.58324112209094,0,0,1,7.392031567514591
4.2,0,1,0,0,0.27,0,0,0,0,1,0,Wearables,6.2166061010848646,3.433664571799657,0,1,0,6.926577033222725
4.5,0,1,0,0,0.1,0,0,0,0,1,0,Wearables,6.2166061010848646,3.433664571799657,0,1,0,5.1298987149230735
4.5,0,0,0,0,0.0,0,0,0,0,1,0,TV & Video Displays,4.61512051684126,6.3647335449998295,0,0,1,4.430816798843313
4.3,0,1,0,0,0.29,0,0,0,0,1,0,Wearables,5.707110264748875,4.9486889658772695,0,0,1,6.717804695023691
4.4,0,1,1,0,0.13,0,0,0,0,1,0,Smart Home & Security,6.2166061010848646,3.8284239815518326,0,0,1,9.162514742493578
4.8,0,1,0,0,0.44,0,0,0,0,1,0,"Office Supplies, Ink & Toner",6.90875477931522,2.188295946591918,0,1,0,8.605936401250625
4.6,0,1,0,0,0.08,0,0,0,0,1,0,Cameras & Photography,3.9318256327243257,7.16703787691222,0,0,1,6.587550014824796
4.7,0,0,0,0,0.0,0,0,0,0,1,0,"Office Supplies, Ink & Toner",6.2166061010848646,3.710885534376551,0,0,1,8.545002892055505
4.3,0,1,0,0,0.0,0,0,0,0,1,0,"Audio, Sound & Recording Gear",4.61512051684126,5.814130531825066,0,0,1,3.4657359027997265
4.5,0,1,0,0,0.32,0,0,0,0,1,0,Computer Peripherals,5.993961427306569,4.795707897553386,0,0,1,6.331501849893691
4.8,0,1,0,0,0.2,0,0,0,0,1,0,"Chargers, Adapters & Cables",6.2166061010848646,3.58324112209094,0,0,1,5.049856007249537
4.6,0,1,0,0,0.0,0,0,0,0,1,0,Power & Batteries,6.90875477931522,1.790091412127358,0,1,0,9.068315871946766
4.4,0,1,0,0,0.2,0,0,0,0,1,0,Computer Peripherals,5.707110264748875,4.6150215020384655,0,0,1,6.322565239927284
4.3,0,1,0,0,0.21,1,0,0,0,0,0,Cameras & Photography,5.707110264748875,4.077367938014984,0,1,0,5.303304908059076
0.0,0,1,0,0,0.0,0,0,0,0,1,0,Laptops,3.9318256327243257,7.493317248862145,1,0,0,0.0
4.7,0,0,0,0,0.07,0,0,0,0,1,0,Small Gadget Accessories (Cases & Protectors),6.2166061010848646,3.783962335360629,0,0,1,6.960347729101308
4.1,0,1,0,0,0.1,0,0,0,0,1,0,"Chargers, Adapters & Cables",5.707110264748875,4.3943256902608985,0,0,1,3.6635616461296463
4.7,0,1,1,0,0.31,0,0,0,0,1,0,Cameras & Photography,6.2166061010848646,3.4949912609485163,0,1,0,10.014044543100772
4.6,0,1,0,0,0.0,0,0,0,0,1,0,Laptops,6.2166061010848646,3.7133281345162463,0,1,0,8.929567707825337
4.8,0,1,0,0,0.0,0,0,0,0,1,0,Smart Home & Security,5.993961427306569,4.262539022051294,0,0,1,6.80903930604298
4.1,0,1,0,0,0.0,0,0,0,0,1,0,Wearables,6.2166061010848646,3.2939832973550063,0,1,0,6.92951677076365
4.4,0,0,0,0,0.0,0,0,0,0,1,0,Other Electronics,5.993961427306569,4.077367938014984,0,0,1,9.321523900936798
4.6,0,0,0,0,0.0,0,0,0,0,1,0,"Office Supplies, Ink & Toner",6.2166061010848646,3.5522002551986827,0,0,1,8.310169021981912
3.6,0,0,0,0,0.0,0,0,0,0,1,0,Tablets & E-readers (DEVICES ONLY),5.303304908059076,5.70694413799378,0,0,1,4.672828834461906
3.8,0,1,0,0,0.0,0,0,0,0,1,0,TV & Video Displays,4.61512051684126,5.703782474656201,0,0,1,2.19722457733622
4.6,0,1,0,0,0.0,0,0,0,0,1,0,Power & Batteries,6.90875477931522,1.8325814637483104,0,1,0,8.431199478249262
4.3,0,1,0,0,0.0,0,0,0,0,1,0,Networking,5.993961427306569,4.760291822855391,0,0,1,6.298949246855942
4.5,0,1,0,0,0.0,0,0,0,0,1,0,"Chargers, Adapters & Cables",6.90875477931522,2.0135687975291283,0,1,0,10.897535304967018
4.4,0,1,0,0,0.0,0,0,0,0,1,0,Small Gadget Accessories (Cases & Protectors),4.61512051684126,5.252011613671526,1,0,0,4.997212273764115
4.5,0,0,1,0,0.0,0,0,0,0,1,0,Computer Peripherals,6.2166061010848646,2.8326249356838407,0,1,0,10.058395088732476
4.0,0,0,0,0,0.0,0,0,0,0,1,0,Networking,5.707110264748875,4.857872539543846,0,0,1,4.330733340286331
4.4,0,1,0,0,0.0,0,0,0,0,1,0,Storage & Memory Cards,4.61512051684126,5.82938669679107,0,0,1,4.574710978503383
4.6,0,1,0,0,0.06,0,0,0,0,1,0,Storage & Memory Cards,6.2166061010848646,3.5260663637080247,0,0,1,9.515321941506024
4.4,0,0,0,0,0.05,0,0,0,0,1,0,Computer Peripherals,4.61512051684126,5.912096611724409,0,0,1,5.170483995038151
4.7,0,0,0,0,0.0,0,0,0,0,1,0,Printers & Scanners (Hardware),4.61512051684126,7.170880792087884,1,0,0,5.332718793265369
5.0,0,1,0,0,0.0,0,0,0,0,1,0,"Office Supplies, Ink & Toner",4.61512051684126,6.21658614080582,1,0,0,0.6931471805599453
4.4,0,0,0,0,0.0,0,0,0,0,1,0,Wearables,0.0,3.49620448524049,0,1,0,4.110873864173311
4.8,0,1,0,0,0.06,0,0,0,0,1,0,"Office Supplies, Ink & Toner",6.55250788703459,2.9439125248241944,0,1,0,7.356918242356021
4.5,0,1,0,0,0.18,0,0,0,0,1,0,TV & Video Displays,5.303304908059076,5.141605075260502,0,0,1,8.157943507105037
4.4,0,0,0,0,0.0,0,0,0,0,1,0,"Chargers, Adapters & Cables",6.2166061010848646,3.849934813114724,0,0,1,6.311734809152915
4.3,0,0,0,0,0.0,0,0,0,0,1,0,"Audio, Sound & Recording Gear",4.61512051684126,6.013715156042802,0,0,1,7.553810852008231
4.7,0,0,0,0,0.0,0,0,0,0,1,0,"Office Supplies, Ink & Toner",5.303304908059076,5.117334912755312,0,0,1,6.327936783729195
4.6,0,1,0,0,0.0,0,0,0,0,1,0,Small Gadget Accessories (Cases & Protectors),5.303304908059076,5.141371116085311,1,0,0,8.682029433869172
4.5,0,0,1,0,0.0,0,0,0,0,1,0,Wearables,5.303304908059076,5.257391199935391,0,0,1,9.05157907959124
4.5,0,1,1,0,0.0,0,0,0,0,1,0,Laptops,3.9318256327243257,6.4645571505567325,0,0,1,5.225746673713202
4.3,0,1,0,0,0.0,0,0,0,0,1,0,PC Components,6.2166061010848646,3.931629535067065,0,1,0,8.885717651712119
4.1,0,1,1,0,0.2,0,0,0,0,1,0,"Chargers, Adapters & Cables",6.90875477931522,2.39698576841553,0,1,0,9.229554590899989
4.0,0,1,0,0,0.0,0,0,0,0,1,0,Computer Peripherals,5.303304908059076,4.875120984409557,0,0,1,5.389071729816501
4.6,0,1,0,0,0.07,0,0,0,0,1,0,Power & Batteries,5.993961427306569,3.9114228253561136,0,0,1,6.529418838262226
3.8,0,1,0,0,0.28,0,0,0,0,1,0,Computer Peripherals,4.61512051684126,5.99393648933976,1,0,0,4.890349128221754
4.6,0,1,0,0,0.0,0,0,0,0,1,0,"Audio, Sound & Recording Gear",5.707110264748875,4.110545941560109,0,0,1,6.78897174299217
4.3,0,0,0,0,0.0,0,0,0,0,1,0,Small Gadget Accessories (Cases & Protectors),5.993961427306569,3.558485990180341,0,0,1,6.927557906278317
4.5,0,1,0,0,0.12,1,0,0,0,0,0,PC Components,5.707110264748875,4.3943256902608985,0,1,0,7.335633981927201
4.5,0,0,0,0,0.0,0,0,0,0,1,0,"Office Supplies, Ink & Toner",4.61512051684126,5.659098867029561,0,0,1,4.430816798843313
4.8,0,1,0,0,0.16,0,0,0,0,1,0,Small Gadget Accessories (Cases & Protectors),5.303304908059076,4.875120984409557,0,0,1,4.343805421853684
4.7,0,1,0,0,0.06,0,0,0,0,1,0,Storage & Memory Cards,6.2166061010848646,3.0497468618602293,0,1,0,6.787844982309579
4.5,0,1,0,0,0.0,0,0,0,0,1,0,"Chargers, Adapters & Cables",5.993961427306569,3.931629535067065,0,0,1,7.27931883541462
4.3,0,1,0,0,0.14,0,0,0,0,1,0,Computer Peripherals,6.2166061010848646,3.58324112209094,0,1,0,10.056680631152522
4.6,0,1,0,0,0.29,0,0,0,0,1,0,PC Components,5.707110264748875,4.9486889658772695,0,0,1,7.935229539816907
4.5,0,1,0,0,0.36,0,0,0,0,1,0,Computer Peripherals,5.303304908059076,5.525413097700675,0,0,1,8.780172651227646
4.5,0,0,0,0,0.0,0,0,0,0,1,0,"Chargers, Adapters & Cables",5.303304908059076,4.795377237056036,1,0,0,6.717804695023691
4.6,0,0,0,0,0.0,0,0,0,0,1,0,Computer Peripherals,5.707110264748875,4.6150215020384655,0,0,1,4.007333185232471
4.6,0,0,0,0,0.0,0,0,0,0,1,0,"Office Supplies, Ink & Toner",4.61512051684126,6.194180876107148,1,0,0,5.521460917862246
4.5,0,1,0,0,0.15,0,0,0,0,1,0,Storage & Memory Cards,6.2166061010848646,3.5260663637080247,0,0,1,8.645586406184636
4.3,0,1,0,0,0.12,0,0,0,0,1,0,TV & Video Displays,4.61512051684126,7.003965054029298,1,0,0,5.313205979041787
4.3,0,1,0,0,0.28,0,0,0,0,1,0,Computer Peripherals,5.707110264748875,4.795707897553386,0,0,1,7.752764808851328
4.7,0,1,0,0,0.0,0,0,0,0,1,0,Small Gadget Accessories (Cases & Protectors),6.2166061010848646,2.9439125248241944,0,1,0,7.608374474380783
4.8,1,1,0,0,0.25,0,0,0,0,1,0,Power & Batteries,9.210440366976515,3.043569602968151,0,0,1,10.236417809461043
4.0,0,1,1,0,0.0,0,0,0,0,1,0,"Office Supplies, Ink & Toner",4.61512051684126,5.638319081511895,0,0,1,5.236441962829949
4.5,0,1,0,0,0.0,0,0,0,0,1,0,Cameras & Photography,5.303304908059076,4.796781789689138,0,0,1,4.709530201312334
4.2,0,0,0,0,0.0,0,0,0,0,1,0,PC Components,4.61512051684126,5.831559844598028,0,0,1,5.455321115357702
4.3,0,0,0,0,0.36,0,0,0,0,1,0,Power & Batteries,6.68586094706836,3.177637076851603,0,0,1,8.80792062205398
4.8,0,0,1,0,0.0,0,0,0,0,1,0,TV & Video Displays,4.61512051684126,5.252221070655064,0,0,1,2.3978952727983707
4.5,0,0,0,0,0.0,0,0,0,0,1,0,"Audio, Sound & Recording Gear",5.707110264748875,4.736110725248687,0,0,1,4.219507705176107
4.2,0,1,0,0,0.1,0,0,0,0,1,0,Computer Peripherals,6.2166061010848646,3.433664571799657,0,1,0,4.418840607796598
4.4,0,0,0,0,0.19,0,0,0,0,1,0,Computer Peripherals,6.2166061010848646,2.8326249356838407,0,1,0,6.56244409369372
4.4,0,1,0,0,0.1,0,0,0,0,1,0,Small Gadget Accessories (Cases & Protectors),6.2166061010848646,4.110709916308365,0,0,1,3.555348061489413
3.8,0,0,0,0,0.0,0,0,0,0,1,0,TV & Video Displays,3.9318256327243257,7.0423910615435314,1,0,0,5.978885764901122
4.0,0,1,0,0,0.0,0,0,0,0,1,0,TV & Video Displays,5.303304908059076,5.017213609456379,0,0,1,3.091042453358316
4.7,0,1,0,0,0.0,0,0,0,0,1,0,Power & Batteries,6.90875477931522,1.5769147207285403,0,1,0,7.455876687491824
4.4,0,1,1,0,0.0,0,0,0,0,1,0,"Office Supplies, Ink & Toner",6.398594934535208,3.650398467295655,0,0,1,7.867488568699128
4.1,0,1,0,0,0.11,0,0,0,0,1,0,Laptops,4.61512051684126,6.478494281107485,0,0,1,4.477336814478207
3.6,0,0,0,0,0.54,0,0,0,0,1,0,Printers & Scanners (Hardware),4.61512051684126,6.255730847711197,0,0,1,3.6375861597263857
4.8,0,0,0,0,0.0,0,0,0,0,1,0,Cameras & Photography,5.303304908059076,5.393627546352362,0,0,1,4.110873864173311
4.2,0,1,0,0,0.0,0,0,0,0,1,0,Wearables,4.61512051684126,6.3818160174060985,1,0,0,6.304448802421981
4.0,0,1,0,0,0.0,0,0,0,0,1,0,Small Gadget Accessories (Cases & Protectors),6.2166061010848646,3.0440461338325417,0,1,0,8.353968130313271
3.6,0,1,0,0,0.5,0,0,0,0,1,0,Wearables,6.2166061010848646,3.433664571799657,0,1,0,8.013343181386672
4.5,0,1,0,0,0.0,0,0,0,0,1,0,Cameras & Photography,4.61512051684126,6.802394763324311,0,0,1,5.459585514144159
3.3,0,1,0,0,0.0,0,0,0,0,1,0,Wearables,5.303304908059076,5.141605075260502,0,0,1,2.3978952727983707
4.8,0,1,0,0,0.0,0,1,0,0,0,0,Small Gadget Accessories (Cases & Protectors),6.2166061010848646,2.5572273113676265,0,1,0,6.78332520060396
3.8,0,1,0,0,0.1,0,0,0,0,1,0,TV & Video Displays,3.9318256327243257,7.863266724009573,1,0,0,3.9889840465642745
4.9,0,1,0,0,0.0,0,0,0,0,1,0,Computer Peripherals,5.707110264748875,4.499809670330265,0,0,1,4.859812404361672
4.2,1,1,0,0,0.07,0,0,0,0,1,0,Small Gadget Accessories (Cases & Protectors),5.993961427306569,5.70694413799378,1,0,0,5.978885764901122
4.6,0,1,0,0,0.0,0,0,0,0,1,0,"Office Supplies, Ink & Toner",6.2166061010848646,3.4011973816621555,0,1,0,8.602636673233706
5.0,0,1,0,0,0.0,0,0,0,0,1,0,Laptops,5.303304908059076,4.418840607796598,0,1,0,1.0986122886681098
4.3,0,1,0,0,0.0,0,0,0,0,1,0,Wearables,6.398594934535208,3.8062179465311696,0,1,0,7.282761179605593
4.6,0,0,1,0,0.0,0,0,0,0,1,0,TV & Video Displays,4.61512051684126,4.843793308150688,0,0,1,4.882801922586371
4.2,0,0,0,0,0.0,1,0,0,0,0,0,"Audio, Sound & Recording Gear",5.707110264748875,3.075467241572845,0,1,0,7.162397497355718
4.7,0,1,0,0,0.23,0,0,0,0,1,0,"Office Supplies, Ink & Toner",6.55250788703459,3.806440242853081,0,0,1,4.8283137373023015
4.5,0,1,0,0,0.11,0,0,0,0,1,0,Computer Peripherals,5.993961427306569,4.303929948937459,0,0,1,8.9851948179913
4.5,0,1,0,0,0.13,0,0,0,0,1,0,Storage & Memory Cards,6.2166061010848646,3.663305202994506,0,0,1,7.444833273892193
4.4,0,1,0,0,0.0,0,0,0,0,1,0,PC Components,4.61512051684126,5.828945617610208,0,0,1,7.313886831633462
4.4,0,1,0,0,0.09,0,0,0,0,1,0,"Audio, Sound & Recording Gear",4.61512051684126,5.801967306564932,0,0,1,7.183870715062453
4.3,0,1,0,0,0.0,0,0,0,0,1,0,Wearables,5.707110264748875,5.231108616854587,0,0,1,8.565030520830398
4.7,0,0,1,0,0.0,0,0,0,0,1,0,"Office Supplies, Ink & Toner",6.90875477931522,2.9381031607173544,0,1,0,8.558910784768106
4.7,0,1,0,0,0.2,0,0,0,0,1,0,"Office Supplies, Ink & Toner",6.803505257608338,2.8898160479624417,0,1,0,9.305650551780507
4.6,0,1,0,0,0.0,0,0,0,0,1,0,"Office Supplies, Ink & Toner",5.303304908059076,5.634789603169249,0,0,1,4.653960350157523
4.0,0,1,0,0,0.0,0,0,0,0,1,0,Wearables,5.303304908059076,5.081093757744817,0,0,1,7.868254265520613
4.2,0,1,0,0,0.25,0,0,0,0,1,0,TV & Video Displays,5.707110264748875,4.6150215020384655,0,0,1,7.126087273299125
3.8,0,0,0,0,0.0,0,0,0,0,1,0,Computer Peripherals,4.61512051684126,5.19844178112078,0,0,1,6.637258031284457
4.4,0,0,0,0,0.0,0,0,0,0,1,0,Tablets & E-readers (DEVICES ONLY),5.993961427306569,3.5333945512735414,0,1,0,7.925518979786926
4.5,0,1,0,0,0.13,0,0,0,0,1,0,Storage & Memory Cards,5.303304908059076,5.252221070655064,0,0,1,8.97941663334301
4.2,0,1,0,0,0.0,0,0,0,0,1,0,PC Components,6.2166061010848646,3.58324112209094,0,1,0,7.818027938530729
4.6,0,0,0,0,0.0,0,0,0,0,1,0,PC Components,6.2166061010848646,4.110709916308365,0,1,0,5.958424693029782
4.6,0,0,0,0,0.0,0,0,0,0,1,0,"Office Supplies, Ink & Toner",4.61512051684126,5.828622035851511,1,0,0,5.068904202220232
4.4,0,1,0,0,0.15,0,0,0,0,1,0,Wearables,5.303304908059076,5.081342251254203,0,0,1,6.717804695023691
4.4,0,0,0,0,0.15,0,0,0,0,1,0,Computer Peripherals,5.707110264748875,4.9486889658772695,0,0,1,8.161089512845797
4.5,0,0,0,0,0.0,0,0,0,0,1,0,Cameras & Photography,4.61512051684126,6.363028103540465,0,0,1,4.0943445622221
4.5,0,1,0,0,0.0,0,0,0,0,1,0,"Audio, Sound & Recording Gear",4.61512051684126,6.492239835020471,1,0,0,7.132497551660044
4.3,0,1,0,0,0.0,0,0,0,0,1,0,PC Components,4.61512051684126,5.252221070655064,0,0,1,6.023447592961033
4.3,0,0,1,0,0.0,0,0,0,0,1,0,"Audio, Sound & Recording Gear",4.61512051684126,6.150602768446279,1,0,0,6.551080335043404
3.6,0,1,0,0,0.0,0,0,0,0,1,0,Computer Peripherals,5.303304908059076,5.19295685089021,0,0,1,5.262690188904886
4.5,0,0,0,0,0.0,0,0,0,0,1,0,PC Components,5.303304908059076,5.763057166118673,0,0,1,6.688354713946762
4.5,0,1,0,0,0.0,0,0,0,0,1,0,Computer Peripherals,5.303304908059076,4.454231010422805,0,0,1,3.828641396489095
4.1,0,1,0,0,0.07,0,0,0,0,1,0,Computer Peripherals,5.303304908059076,4.824225391393695,0,0,1,7.077498053569231
4.7,0,1,0,0,0.0,0,0,0,0,1,0,"Office Supplies, Ink & Toner",6.803505257608338,2.469793011977952,0,1,0,7.637234388789473
4.1,0,0,0,0,0.0,0,0,0,0,1,0,PC Components,4.61512051684126,6.463013856174954,0,0,1,2.995732273553991
3.8,0,1,0,0,0.0,0,0,0,0,1,0,Wearables,5.303304908059076,4.9486889658772695,0,0,1,3.4657359027997265
4.5,0,1,0,0,0.0,0,0,0,0,1,0,Computer Peripherals,4.61512051684126,5.017213609456379,0,0,1,4.127134385045092
4.6,0,1,0,0,0.0,0,0,0,0,1,0,"Office Supplies, Ink & Toner",5.993961427306569,4.014399072045013,0,0,1,7.773173680482536
4.6,0,1,0,0,0.0,0,0,0,0,1,0,"Chargers, Adapters & Cables",5.303304908059076,4.861748513388538,1,0,0,6.9363427358340495
4.5,0,1,0,0,0.35,0,0,0,0,1,0,"Audio, Sound & Recording Gear",5.303304908059076,5.442374419541463,0,0,1,7.868254265520613
4.1,0,0,1,0,0.0,0,0,0,0,1,0,Video Game Consoles & Virtual Reality,4.61512051684126,5.617570777837136,0,0,1,8.472195825485501
4.2,0,1,0,0,0.0,0,0,0,0,1,0,Cameras & Photography,3.9318256327243257,7.377758908227872,0,0,1,4.691347882229144
4.6,0,1,0,0,0.0,0,0,0,0,1,0,Cameras & Photography,3.9318256327243257,7.4371769200302,0,0,1,3.091042453358316
4.7,0,1,0,0,0.0,0,1,0,0,0,0,Storage & Memory Cards,6.398594934535208,3.43204984514492,0,0,1,5.75890177387728
3.9,0,0,0,0,0.0,0,0,0,0,1,0,Smart Home & Security,4.61512051684126,5.529429087511423,0,0,1,2.4849066497880004
3.9,0,1,0,0,0.28,0,0,0,0,1,0,PC Components,3.9318256327243257,6.722617761088698,1,0,0,2.3978952727983707
4.6,0,1,0,0,0.0,0,0,0,0,1,0,"Office Supplies, Ink & Toner",6.2166061010848646,3.5248888540047054,0,0,1,8.097730573664219
4.7,0,1,0,0,0.0,0,0,0,0,1,0,"Office Supplies, Ink & Toner",6.2166061010848646,3.5260663637080247,0,0,1,6.089044875446846
4.2,0,1,0,0,0.11,0,0,0,0,1,0,Computer Peripherals,5.303304908059076,5.707077041605631,0,0,1,6.363028103540465
4.6,0,1,0,0,0.0,0,0,0,0,1,0,"Office Supplies, Ink & Toner",6.2166061010848646,3.4610373820181723,0,0,1,8.294299608857235
4.2,0,1,0,0,0.23,0,0,0,0,1,0,Laptops,4.61512051684126,5.707077041605631,0,0,1,8.357493812658563
4.2,0,0,0,0,0.0,0,0,0,0,1,0,Computer Peripherals,6.2166061010848646,3.218475744846861,0,1,0,5.056245805348308
4.7,0,1,0,0,0.0,0,0,0,0,1,0,"Chargers, Adapters & Cables",6.2166061010848646,3.7123518102990793,0,0,1,6.481577129276431
4.3,0,0,0,0,0.0,0,0,0,0,1,0,TV & Video Displays,4.61512051684126,6.436150368369428,0,0,1,4.691347882229144
4.8,0,1,0,0,0.34,0,0,0,0,1,0,PC Components,5.993961427306569,4.126973081713828,0,1,0,8.958797346140274
4.7,0,0,1,0,0.0,0,0,0,0,1,0,TV & Video Displays,6.90875477931522,3.218475744846861,0,1,0,10.97162345144133
4.6,0,1,0,0,0.17,0,0,0,0,1,0,Small Gadget Accessories (Cases & Protectors),6.55250788703459,3.0440461338325417,0,1,0,8.260751354700513
4.6,0,0,0,0,0.0,0,0,0,0,1,0,Printers & Scanners (Hardware),4.61512051684126,6.478494281107485,0,0,1,6.70808408385307
4.7,0,1,0,0,0.0,0,0,0,0,1,0,Power & Batteries,6.90875477931522,1.536867219599265,0,1,0,7.7752758464868625
4.6,0,1,0,0,0.2,0,0,0,0,1,0,"Office Supplies, Ink & Toner",6.68586094706836,3.028683373693677,0,1,0,9.49702194409438
4.5,0,1,0,0,0.0,0,0,0,0,1,0,"Office Supplies, Ink & Toner",6.68586094706836,2.5610957881455465,0,1,0,8.970050661827003
4.2,0,1,0,0,0.0,0,0,0,0,1,0,Computer Peripherals,5.303304908059076,5.673288902319859,0,0,1,7.699389406256737
4.4,0,1,0,0,0.19,0,0,0,0,1,0,Tablets & E-readers (DEVICES ONLY),5.993961427306569,4.9486889658772695,0,0,1,4.343805421853684
4.3,0,1,0,0,0.08,0,0,0,0,1,0,Storage & Memory Cards,6.2166061010848646,3.295466427029913,0,0,1,5.308267697401205
4.4,0,1,0,0,0.18,0,0,0,0,1,0,Computer Peripherals,5.303304908059076,5.768320995793772,0,0,1,6.652863029353347
5.0,0,0,0,0,0.0,0,0,0,0,1,0,Networking,5.707110264748875,4.274858931480352,0,1,0,1.791759469228055
4.1,0,1,0,0,0.22,0,0,0,0,1,0,Smart Home & Security,5.303304908059076,5.802088163440325,0,0,1,7.45876269238096
4.7,0,1,0,0,0.11,0,0,0,0,1,0,Computer Peripherals,6.2166061010848646,3.580737295494233,0,1,0,7.151485463904735
4.5,0,0,0,0,0.0,0,0,0,0,1,0,Storage & Memory Cards,4.61512051684126,5.69035945432406,0,0,1,6.570882962339584
4.6,0,0,0,0,0.28,0,0,0,0,1,0,Smart Home & Security,6.2166061010848646,2.9444389791664403,0,1,0,6.066108090103747
5.0,0,1,0,0,0.0,0,0,0,0,1,0,"Audio, Sound & Recording Gear",4.61512051684126,5.277910556770374,0,0,1,2.19722457733622
4.5,0,1,0,0,0.0,0,0,0,0,1,0,"Office Supplies, Ink & Toner",6.2166061010848646,3.494384096388273,0,0,1,6.104793232414985
4.8,0,0,0,0,0.0,0,0,0,0,1,0,Power & Batteries,6.803505257608338,2.9439125248241944,0,0,1,8.567125560164447
3.9,0,1,0,0,0.3,0,0,0,0,1,0,"Audio, Sound & Recording Gear",5.707110264748875,4.744845168060573,0,0,1,8.410943391573527
4.7,0,0,0,0,0.0,0,0,0,0,1,0,PC Components,5.303304908059076,4.948759890378168,0,0,1,5.846438775057725
4.4,0,1,0,0,0.0,0,0,0,0,1,0,PC Components,5.707110264748875,4.453882071774309,0,1,0,7.157735484249907
3.6,0,1,0,0,0.06,0,0,0,0,1,0,Tablets & E-readers (DEVICES ONLY),4.61512051684126,5.8888779583328805,0,0,1,3.80666248977032
4.6,0,0,1,0,0.0,0,0,0,0,1,0,TV & Video Displays,3.9318256327243257,6.800158932382734,1,0,0,5.83773044716594
4.6,0,1,0,0,0.0,0,0,0,0,1,0,"Audio, Sound & Recording Gear",4.61512051684126,5.799092654460526,0,0,1,7.180831199044556
4.5,0,0,0,0,0.09,0,0,0,0,1,0,Computer Peripherals,0.0,4.709440107163888,0,0,1,8.308199063206446
4.6,0,1,0,0,0.0,0,0,0,0,1,0,Cameras & Photography,3.9318256327243257,7.089243155027514,0,0,1,6.182084906716632
4.6,0,1,0,0,0.36,0,0,0,0,1,0,TV & Video Displays,5.707110264748875,4.9486889658772695,0,0,1,5.517452896464707
4.8,0,1,0,0,0.46,0,0,0,0,1,0,"Office Supplies, Ink & Toner",6.2166061010848646,3.528710701961115,0,0,1,6.9930151229329605
4.6,1,1,0,0,0.2,0,0,0,0,1,0,TV & Video Displays,0.0,6.396929655216146,0,0,1,5.3230099791384085
4.6,0,0,0,0,0.0,0,0,0,0,1,0,Computer Peripherals,4.61512051684126,5.044907888038352,0,0,1,5.5093883366279774
4.6,0,1,0,0,0.0,0,0,0,0,1,0,Storage & Memory Cards,6.2166061010848646,3.242592351485517,0,1,0,11.061107470117504
4.3,0,0,0,0,0.0,0,0,0,0,1,0,TV & Video Displays,4.61512051684126,5.854556029840523,0,0,1,5.25227342804663
4.0,0,1,0,0,0.0,0,0,0,0,1,0,"Audio, Sound & Recording Gear",6.2166061010848646,3.366950942933564,0,1,0,8.318010277546872
4.5,0,1,0,0,0.0,0,0,0,0,1,0,Computer Peripherals,5.993961427306569,3.7133281345162463,0,0,1,8.22389538017882
4.3,0,1,0,0,0.0,0,0,0,0,1,0,Laptops,4.61512051684126,5.813802119694751,0,0,1,8.382518288089635
3.8,0,0,0,0,0.0,0,0,0,0,1,0,Computer Peripherals,5.993961427306569,3.333275365176697,0,1,0,8.882946799288174
4.4,0,1,0,0,0.18,0,0,0,0,1,0,Networking,5.993961427306569,4.709440107163888,0,0,1,8.05579245097777
4.4,0,1,0,0,0.36,0,0,0,0,1,0,Mobile Cell Phones & Smartphones,5.993961427306569,4.5107496103686,0,0,1,8.39502555744203
4.2,0,1,0,0,0.0,0,0,0,0,1,0,Networking,3.9318256327243257,6.962196114660383,1,0,0,4.418840607796598
4.7,0,1,0,0,0.0,0,0,0,0,1,0,Smart Home & Security,6.2166061010848646,3.2577118486533987,0,1,0,7.757051142032013
4.2,0,1,0,0,0.0,0,0,0,0,1,0,TV & Video Displays,4.61512051684126,6.311644060933786,0,0,1,5.916202062607435
4.6,0,0,0,0,0.0,0,0,0,0,1,0,"Office Supplies, Ink & Toner",5.993961427306569,4.023385473281607,0,0,1,8.000014093678072
4.7,0,0,1,0,0.0,0,0,0,0,1,0,"Office Supplies, Ink & Toner",5.303304908059076,5.2516973459128105,0,0,1,5.910796644040527
3.9,0,0,0,0,0.0,0,0,0,0,1,0,"Audio, Sound & Recording Gear",5.707110264748875,3.718923575462313,0,1,0,6.70196036600254
4.7,0,1,0,0,0.06,0,0,0,0,1,0,Laptops,4.61512051684126,6.7912214627261855,0,0,1,4.04305126783455
4.8,0,1,0,0,0.09,0,0,0,0,1,0,PC Components,5.707110264748875,4.02535169073515,0,1,0,7.475905969367397
4.4,0,0,0,0,0.0,0,0,0,0,1,0,Cameras & Photography,3.9318256327243257,7.649216319820633,1,0,0,4.897839799950911
4.7,0,1,0,0,0.05,0,0,0,0,1,0,Storage & Memory Cards,6.2166061010848646,3.8284239815518326,0,0,1,3.80666248977032
4.4,0,1,0,0,0.14,0,0,0,0,1,0,"Chargers, Adapters & Cables",6.2166061010848646,3.8323302365188976,0,0,1,9.654705629041905
4.8,0,1,0,0,0.0,0,0,0,0,1,0,Small Gadget Accessories (Cases & Protectors),6.2166061010848646,3.52459425980608,0,0,1,9.502487461387124
4.6,0,1,0,0,0.0,0,0,0,0,1,0,Laptops,5.303304908059076,4.644294740672142,0,1,0,6.042632833682381
4.3,0,1,0,0,0.55,0,0,0,0,1,0,"Chargers, Adapters & Cables",5.303304908059076,4.819878258481199,1,0,0,3.970291913552122
4.6,0,1,0,0,0.25,1,0,0,0,0,0,Computer Peripherals,6.2166061010848646,3.366950942933564,0,1,0,7.5480289699350145
4.8,0,0,0,0,0.0,0,0,0,0,1,0,"Office Supplies, Ink & Toner",5.993961427306569,4.362843815257108,0,0,1,6.7226297948554485
4.4,0,0,0,0,0.0,0,0,0,0,1,0,Laptops,5.303304908059076,5.43372200355424,0,0,1,4.605170185988092
4.6,0,1,0,0,0.13,0,0,0,0,1,0,"Audio, Sound & Recording Gear",5.707110264748875,5.017213609456379,0,0,1,6.476972362889683
4.7,0,1,0,0,0.0,0,1,0,0,0,0,"Chargers, Adapters & Cables",6.2166061010848646,2.540814281726296,0,1,0,9.51775153960896
4.3,0,1,0,0,0.0,0,0,0,0,1,0,Smart Home & Security,6.90875477931522,2.1077860146889784,0,1,0,9.142596719889664
4.8,0,0,0,0,0.0,0,0,0,0,1,0,PC Components,4.61512051684126,5.017279836814924,0,0,1,5.424950017481403
3.9,0,1,0,0,0.0,0,0,0,0,1,0,"Audio, Sound & Recording Gear",5.707110264748875,4.161535811762424,0,0,1,3.784189633918261
4.0,0,1,0,0,0.2,0,0,0,0,1,0,"Audio, Sound & Recording Gear",5.707110264748875,4.6150215020384655,0,0,1,6.767343125265392
4.5,0,0,0,0,0.0,0,0,0,0,1,0,TV & Video Displays,4.61512051684126,5.782254719028316,0,0,1,10.066966021528604
4.6,0,1,0,0,0.0,0,0,0,0,1,0,Computer Peripherals,6.2166061010848646,3.0440461338325417,0,1,0,10.356472176612268
4.1,0,1,0,0,0.0,0,0,0,0,1,0,"Office Supplies, Ink & Toner",5.993961427306569,3.881357591117261,0,0,1,7.087573705557973
4.7,0,1,0,0,0.35,0,0,0,0,1,0,"Office Supplies, Ink & Toner",6.2166061010848646,3.3830334110344844,0,1,0,7.86480400332846
4.2,0,0,0,0,0.0,0,0,0,0,1,0,Mobile Cell Phones & Smartphones,5.303304908059076,4.490095978142626,0,0,1,4.248495242049359
4.2,0,0,0,0,0.0,0,0,0,0,1,0,Computer Peripherals,3.9318256327243257,6.476956978155954,1,0,0,6.023447592961033
4.1,0,1,0,0,0.08,0,0,0,0,1,0,"Office Supplies, Ink & Toner",6.2166061010848646,3.3243163373261977,0,1,0,8.36450810375059
4.1,0,0,0,0,0.0,0,0,0,0,1,0,Cameras & Photography,3.9318256327243257,8.060208447517766,1,0,0,2.4849066497880004
3.9,0,1,1,0,0.0,0,0,0,0,1,0,"Audio, Sound & Recording Gear",5.707110264748875,4.795377237056036,0,0,1,6.794586580876499
4.2,0,0,0,0,0.0,0,0,0,0,1,0,PC Components,6.55250788703459,2.2502386126218363,0,1,0,3.8501476017100575
4.4,0,1,0,0,0.0,0,0,0,0,1,0,Smart Home & Security,5.303304908059076,5.802088163440325,0,0,1,9.677402178300998
4.6,0,1,0,0,0.0,0,0,0,0,1,0,Laptops,5.707110264748875,4.795790545596741,0,1,0,3.871201010907891
4.6,0,1,0,0,0.0,0,0,0,0,1,0,PC Components,5.993961427306569,3.8284239815518326,0,1,0,7.84971375760487
4.0,0,1,0,0,0.0,0,0,0,0,1,0,Printers & Scanners (Hardware),5.303304908059076,5.442374419541463,0,0,1,6.961296045910167
4.0,0,0,0,0,0.0,0,0,0,0,1,0,TV & Video Displays,3.9318256327243257,7.24493440855279,1,0,0,2.302585092994046
4.5,0,0,1,0,0.21,0,0,0,0,1,0,"Chargers, Adapters & Cables",6.2166061010848646,3.218475744846861,0,0,1,7.1785454837637
4.6,0,0,0,0,0.0,0,0,0,0,1,0,"Office Supplies, Ink & Toner",4.61512051684126,5.828622035851511,1,0,0,5.0369526024136295
4.7,0,1,0,0,0.2,0,0,0,0,1,0,Small Gadget Accessories (Cases & Protectors),6.2166061010848646,3.0440461338325417,0,1,0,7.738923757439457
4.6,0,1,0,0,0.0,0,0,0,0,1,0,Wearables,6.2166061010848646,3.175968323856924,0,1,0,9.62264867856634
4.4,0,1,0,0,0.1,0,0,0,0,1,0,Computer Peripherals,6.2166061010848646,4.262539022051294,0,0,1,8.492490578775866
4.6,0,1,0,0,0.2,0,0,0,0,1,0,TV & Video Displays,4.61512051684126,6.345636360828596,0,0,1,4.867534450455582
4.3,0,1,0,0,0.31,0,0,0,0,1,0,PC Components,4.61512051684126,5.081342251254203,0,0,1,5.717027701406222
4.2,0,0,0,0,0.0,0,0,0,0,1,0,Computer Peripherals,0.0,4.6150215020384655,0,0,1,3.091042453358316
4.6,0,1,0,0,0.0,0,0,0,0,1,0,"Office Supplies, Ink & Toner",5.707110264748875,4.360419880919823,0,0,1,7.403670290012373
4.2,0,1,0,0,0.0,0,0,0,0,1,0,Laptops,4.61512051684126,6.646390514847729,0,0,1,4.962844630259907
4.2,0,1,0,0,0.0,0,0,0,0,1,0,Mobile Cell Phones & Smartphones,5.303304908059076,4.832226074122216,0,0,1,5.44673737166631
4.4,0,1,0,0,0.09,0,0,0,0,1,0,Wearables,5.303304908059076,5.786866706049599,0,0,1,5.298317366548036
4.2,0,1,0,0,0.29,0,0,0,0,1,0,Smart Home & Security,5.707110264748875,4.3943256902608985,0,0,1,4.90527477843843
4.5,0,1,0,0,0.0,0,0,0,0,1,0,PC Components,4.61512051684126,6.329703080051881,0,0,1,5.241747015059643
4.1,0,0,0,0,0.0,0,0,0,0,1,0,Tablets & E-readers (DEVICES ONLY),5.707110264748875,4.605170185988092,0,0,1,8.254268770090183
4.0,0,1,0,0,0.1,0,0,0,0,1,0,Laptops,3.9318256327243257,6.769630495730338,0,0,1,3.295836866004329
4.8,0,1,0,0,0.0,0,0,0,0,1,0,"Chargers, Adapters & Cables",4.61512051684126,6.0985460809640415,1,0,0,3.8918202981106265
4.7,0,1,0,0,0.0,0,0,0,0,1,0,Small Gadget Accessories (Cases & Protectors),6.2166061010848646,2.0992441689760155,0,1,0,9.026297334283887
4.6,0,0,0,0,0.25,0,0,0,0,1,0,Computer Peripherals,6.2166061010848646,3.7133281345162463,0,0,1,5.332718793265369
4.5,0,1,0,0,0.33,0,0,0,0,1,0,PC Components,4.61512051684126,5.888850257118181,0,0,1,4.290459441148391
4.4,0,1,0,1,0.0,1,0,0,0,0,0,PC Components,6.2166061010848646,3.929666440600741,0,1,0,8.440744019252831
0.0,0,1,0,0,0.23,0,0,0,0,1,0,Laptops,0.0,7.832014180505469,1,0,0,0.0
4.4,0,0,0,0,0.0,0,0,0,0,1,0,Computer Peripherals,5.303304908059076,5.120744516776286,0,0,1,6.90875477931522
4.4,0,1,0,0,0.0,0,0,0,0,1,0,PC Components,6.68586094706836,3.218475744846861,0,1,0,7.715123603632105
4.0,0,0,0,0,0.0,0,0,0,0,1,0,"Audio, Sound & Recording Gear",5.303304908059076,4.409884962802278,0,0,1,6.29156913955832
4.4,0,1,0,0,0.0,0,0,0,0,1,0,Wearables,5.303304908059076,5.099805450355355,0,0,1,4.90527477843843
4.5,0,1,0,0,0.0,0,0,0,0,1,0,"Office Supplies, Ink & Toner",6.90875477931522,1.873339456220478,0,1,0,7.365812837209472
4.6,0,1,0,0,0.24,0,0,0,0,1,0,Computer Peripherals,5.303304908059076,4.875120984409557,0,0,1,6.572282542694008
4.5,0,1,0,0,0.13,0,0,0,0,1,0,"Audio, Sound & Recording Gear",4.61512051684126,5.70694413799378,0,0,1,4.143134726391533
4.2,0,1,0,0,0.14,0,0,0,0,1,0,"Audio, Sound & Recording Gear",5.993961427306569,3.716008121502189,0,1,0,7.528869256642251
4.3,0,1,0,0,0.0,0,0,0,0,1,0,PC Components,4.61512051684126,5.010635294096256,0,0,1,4.465908118654584
4.1,0,0,0,0,0.0,0,0,0,0,1,0,Printers & Scanners (Hardware),3.9318256327243257,7.207548711916262,1,0,0,3.4339872044851463
4.5,0,1,0,0,0.08,0,0,0,0,1,0,Laptops,6.2166061010848646,3.613886475072506,0,1,0,6.851184927493743
3.7,0,0,0,0,0.0,0,0,0,0,1,0,Mobile Cell Phones & Smartphones,5.303304908059076,5.30325515557766,0,0,1,7.579678823090456
4.0,0,1,0,0,0.11,0,0,0,0,1,0,Mobile Cell Phones & Smartphones,5.303304908059076,4.770854101629023,0,0,1,6.666956792429207
4.6,0,1,0,0,0.0,0,0,0,0,1,0,PC Components,4.61512051684126,5.799092654460526,0,0,1,3.332204510175204
4.7,0,1,0,0,0.0,0,0,0,0,1,0,Storage & Memory Cards,6.2166061010848646,3.342508385313476,0,0,1,7.622174594817622
4.6,0,1,0,0,0.0,0,0,0,0,1,0,Computer Peripherals,6.2166061010848646,2.887590114934288,0,1,0,9.25846364715791
4.0,0,0,0,0,0.0,0,0,0,0,1,0,Laptops,4.61512051684126,6.552479355957112,0,0,1,3.828641396489095
4.2,0,1,0,0,0.0,0,0,0,0,1,0,TV & Video Displays,5.303304908059076,5.075173815233827,0,0,1,6.928537818164665
4.7,1,1,0,0,0.13,1,0,0,0,0,0,"Chargers, Adapters & Cables",6.90875477931522,3.4654233539614268,0,0,1,7.472500744737558
4.4,0,1,0,0,0.1,0,0,0,0,1,0,Computer Peripherals,6.2166061010848646,3.931629535067065,0,0,1,5.7899601708972535
4.6,0,1,0,0,0.0,0,0,0,0,1,0,"Audio, Sound & Recording Gear",4.61512051684126,6.398578295461671,1,0,0,5.831882477283517
4.6,0,1,0,0,0.0,0,0,0,0,1,0,"Audio, Sound & Recording Gear",5.707110264748875,4.4880744141118445,0,0,1,3.49650756146648
4.7,0,1,0,0,0.0,0,0,0,0,1,0,"Office Supplies, Ink & Toner",5.303304908059076,4.976664774525102,0,0,1,6.766191714660351
4.6,0,1,0,0,0.0,1,0,0,0,0,0,Small Gadget Accessories (Cases & Protectors),6.2166061010848646,3.0440461338325417,0,1,0,5.099866427824199
4.5,0,0,0,0,0.0,0,0,0,0,1,0,"Office Supplies, Ink & Toner",5.303304908059076,5.496184134677454,0,0,1,4.543294782270004
4.3,0,1,0,0,0.25,0,0,0,0,1,0,"Audio, Sound & Recording Gear",5.993961427306569,3.7133281345162463,0,1,0,6.236369590203704
4.3,0,1,1,0,0.0,0,0,0,0,1,0,Laptops,5.303304908059076,5.707077041605631,0,0,1,6.432940092739179
4.7,0,1,0,0,0.0,0,0,0,0,1,0,PC Components,6.2166061010848646,3.433664571799657,0,1,0,6.86484777797086
4.5,0,0,0,0,0.0,0,0,0,0,1,0,Computer Peripherals,5.707110264748875,2.3933394562625097,0,1,0,7.203405521083095
5.0,0,1,0,0,0.0,0,0,0,0,1,0,"Office Supplies, Ink & Toner",6.398594934535208,2.9439125248241944,0,1,0,1.791759469228055
4.5,0,1,0,0,0.0,0,0,0,0,1,0,TV & Video Displays,6.2166061010848646,2.63834278867739,0,1,0,7.942717540573791
4.3,0,1,0,0,0.07,0,0,0,0,1,0,Wearables,5.707110264748875,4.795707897553386,0,0,1,6.582025138892826
4.7,0,1,0,0,0.4,0,0,0,0,1,0,"Chargers, Adapters & Cables",5.707110264748875,3.939443601004138,0,0,1,8.722580021141189
4.6,0,0,0,0,0.0,0,0,0,0,1,0,"Office Supplies, Ink & Toner",5.303304908059076,5.442374419541463,0,0,1,4.804021044733257
4.6,0,1,1,0,0.05,0,0,0,0,1,0,Smart Home & Security,6.55250788703459,3.0946722214088944,0,1,0,8.129764445794171
4.5,0,1,0,0,0.0,0,0,0,0,1,0,Smart Home & Security,4.61512051684126,5.802088163440325,0,0,1,2.6390573296152584
4.3,0,0,0,0,0.15,0,0,0,0,1,0,Computer Peripherals,5.303304908059076,5.30325515557766,0,0,1,4.948759890378168
4.8,0,1,1,0,0.0,0,0,0,0,1,0,Storage & Memory Cards,6.2166061010848646,3.143721151267441,0,1,0,5.537334267018537
4.1,0,1,0,0,0.83,0,0,0,0,1,0,Wearables,6.2166061010848646,5.153233789358886,0,0,1,7.534228326274089
4.4,0,0,0,0,0.13,0,0,0,0,1,0,PC Components,4.61512051684126,6.111445166307853,0,0,1,8.035278911144667
4.3,0,1,0,0,0.0,0,0,0,0,1,0,Laptops,3.9318256327243257,6.593044534142437,0,0,1,5.537334267018537
4.6,0,1,0,0,0.0,0,0,0,0,1,0,"Office Supplies, Ink & Toner",6.803505257608338,2.343727036325221,0,1,0,8.035602692918582
4.2,0,1,0,0,0.21,0,0,0,0,1,0,Storage & Memory Cards,5.303304908059076,5.30325515557766,0,0,1,5.123963979403259
4.5,0,0,0,0,0.0,0,0,0,0,1,0,"Audio, Sound & Recording Gear",5.707110264748875,4.875120984409557,0,0,1,6.066108090103747
4.7,0,1,0,0,0.23,0,0,0,0,1,0,"Audio, Sound & Recording Gear",5.707110264748875,4.875120984409557,0,0,1,5.918893854273146
4.8,0,1,0,0,0.0,0,0,0,0,1,0,"Office Supplies, Ink & Toner",6.2166061010848646,3.292869504776528,0,1,0,7.032624261028007
4.6,0,1,0,0,0.0,0,0,0,0,1,0,"Office Supplies, Ink & Toner",4.61512051684126,5.923078634241517,1,0,0,4.356708826689592
4.3,0,1,0,0,0.44,0,0,0,0,1,0,TV & Video Displays,5.303304908059076,5.081342251254203,0,0,1,2.8903717578961645
4.7,0,1,0,0,0.0,0,0,0,0,1,0,"Office Supplies, Ink & Toner",6.2166061010848646,3.4011973816621555,0,1,0,7.803435056952168
4.4,0,0,0,0,0.05,0,0,0,0,1,0,Storage & Memory Cards,5.303304908059076,5.1298987149230735,0,0,1,5.153291594497779
4.8,0,0,0,0,0.0,0,0,0,0,1,0,PC Components,5.707110264748875,5.318070973034873,0,0,1,7.84971375760487
4.8,0,0,0,0,0.0,0,0,0,0,1,0,"Chargers, Adapters & Cables",5.993961427306569,3.931041011263908,0,0,1,8.17948018535889
4.7,0,0,1,0,0.05,0,0,0,0,1,0,"Chargers, Adapters & Cables",5.993961427306569,4.110709916308365,0,0,1,6.78105762593618
4.3,0,1,0,0,0.0,1,0,0,0,0,0,Wearables,5.707110264748875,4.5107496103686,0,0,1,5.976350909297934
4.5,0,0,0,0,0.0,0,0,0,0,1,0,Computer Peripherals,6.398594934535208,3.2577118486533987,0,1,0,7.338888133838879
4.7,0,0,0,0,0.0,0,0,0,0,1,0,"Office Supplies, Ink & Toner",5.707110264748875,4.803939074160646,0,0,1,6.818924065275521
4.6,0,1,0,0,0.2,0,0,0,0,1,0,"Audio, Sound & Recording Gear",5.303304908059076,5.30325515557766,0,0,1,7.256297239690681
4.8,0,1,0,0,0.0,0,0,0,0,1,0,"Chargers, Adapters & Cables",5.707110264748875,4.091005660956586,0,0,1,3.80666248977032
4.5,0,1,0,0,0.0,0,0,0,0,1,0,"Chargers, Adapters & Cables",5.993961427306569,4.110381939919725,0,0,1,6.777646593635117
4.0,0,1,0,0,0.0,0,0,0,0,1,0,Computer Peripherals,4.61512051684126,5.43372200355424,0,0,1,0.6931471805599453
4.8,0,0,0,0,0.0,0,0,0,0,1,0,"Chargers, Adapters & Cables",4.61512051684126,5.293254572205575,1,0,0,1.791759469228055
3.6,0,1,0,0,0.0,0,0,0,0,1,0,Networking,5.303304908059076,5.184532577241416,0,0,1,8.332789468417959
4.5,0,0,0,0,0.0,0,0,0,0,1,0,"Office Supplies, Ink & Toner",3.9318256327243257,6.952967621803685,1,0,0,6.429719478039138
4.4,0,1,0,0,0.0,0,0,0,0,1,0,PC Components,5.707110264748875,4.18950321539533,0,1,0,8.637462023807181
4.6,0,1,0,0,0.18,0,0,0,0,1,0,PC Components,4.61512051684126,6.054415871815444,0,0,1,4.543294782270004
4.2,0,1,1,0,0.3,0,0,0,0,1,0,Wearables,5.707110264748875,5.30305612089521,0,0,1,8.281470857895167
4.3,0,0,0,0,0.0,0,0,0,0,1,0,Networking,5.303304908059076,4.025173103360802,0,1,0,7.9483852851118995
4.6,0,1,0,0,0.06,0,0,0,0,1,0,Wearables,6.2166061010848646,3.669951444228417,0,1,0,8.17131687471973
4.5,0,1,0,0,0.0,0,0,0,0,1,0,Smart Home & Security,5.993961427306569,4.077367938014984,0,0,1,9.775654181026242
4.5,0,1,0,0,0.26,0,0,0,0,1,0,Cameras & Photography,5.993961427306569,4.3943256902608985,0,0,1,7.45876269238096
4.6,0,1,0,0,0.0,0,0,0,0,1,0,PC Components,5.707110264748875,4.6150215020384655,0,0,1,7.126087273299125
4.2,0,1,0,0,0.0,0,0,0,0,1,0,Cameras & Photography,5.303304908059076,5.017213609456379,0,0,1,6.502790045915623
4.4,0,1,1,0,0.25,0,0,0,0,1,0,Wearables,6.2166061010848646,3.0440461338325417,0,1,0,6.546785410760524
4.8,0,1,0,0,0.08,0,0,0,0,1,0,"Office Supplies, Ink & Toner",6.398594934535208,3.218475744846861,0,1,0,7.086737934510577
4.6,0,0,0,0,0.2,0,0,0,0,1,0,Computer Peripherals,5.303304908059076,5.707077041605631,0,0,1,4.189654742026425
4.3,0,1,0,0,0.0,0,0,0,0,1,0,TV & Video Displays,5.707110264748875,4.110709916308365,0,1,0,6.09807428216624
4.8,0,0,0,0,0.0,0,0,0,0,1,0,"Office Supplies, Ink & Toner",6.2166061010848646,3.711130063048756,0,0,1,5.950642552587727
4.5,0,1,0,0,0.28,0,0,0,0,1,0,"Chargers, Adapters & Cables",5.993961427306569,3.849934813114724,0,0,1,5.365976015021851
4.7,0,1,0,0,0.0,1,0,0,0,0,0,"Audio, Sound & Recording Gear",5.707110264748875,4.572853584511548,0,0,1,6.3784261836515865
4.6,0,1,0,0,0.1,0,0,0,0,1,0,Mobile Cell Phones & Smartphones,6.2166061010848646,3.0440461338325417,0,1,0,5.568344503761097
4.3,0,0,0,0,0.0,0,0,0,0,1,0,Networking,5.303304908059076,4.5107496103686,0,0,1,6.740519359606223
4.4,0,1,1,0,0.0,0,0,0,0,1,0,"Office Supplies, Ink & Toner",5.303304908059076,5.420490750505713,0,0,1,3.713572066704308
4.6,0,0,0,0,0.0,0,0,0,0,1,0,Networking,5.303304908059076,4.592287560157078,0,0,1,5.262690188904886
3.5,0,0,0,0,0.0,0,0,0,0,1,0,Wearables,4.61512051684126,5.455278379401799,0,0,1,1.0986122886681098
4.5,0,1,1,0,0.0,0,0,0,0,1,0,"Audio, Sound & Recording Gear",5.993961427306569,3.433664571799657,0,1,0,7.430114138561801
4.6,0,1,0,0,0.0,0,0,0,0,1,0,"Audio, Sound & Recording Gear",5.303304908059076,5.19844178112078,0,0,1,5.123963979403259
4.1,0,1,0,0,0.0,0,0,0,0,1,0,"Audio, Sound & Recording Gear",5.303304908059076,5.252221070655064,0,0,1,6.423246963533519
4.7,0,1,0,0,0.0,0,0,0,0,1,0,"Audio, Sound & Recording Gear",5.707110264748875,4.6150215020384655,0,0,1,7.889084407035514
4.1,0,1,0,0,0.17,0,0,0,0,1,0,"Audio, Sound & Recording Gear",5.303304908059076,4.553771622902091,0,0,1,4.248495242049359
4.6,0,1,0,0,0.45,0,0,0,0,1,0,"Chargers, Adapters & Cables",6.90875477931522,2.8326249356838407,0,0,1,10.427624190361792
4.2,0,1,0,0,0.28,0,0,0,0,1,0,Computer Peripherals,5.303304908059076,5.888850257118181,0,0,1,6.302618975744905
4.5,0,1,0,0,0.22,0,0,0,0,1,0,Small Gadget Accessories (Cases & Protectors),5.993961427306569,3.931629535067065,0,0,1,4.890349128221754
4.7,0,0,0,0,0.0,0,0,0,0,1,0,"Office Supplies, Ink & Toner",5.707110264748875,4.405376883282097,0,0,1,8.452121194672523
4.8,0,1,0,0,0.0,0,0,0,0,1,0,PC Components,5.303304908059076,5.19844178112078,0,0,1,5.214935757608986
4.6,0,1,0,0,0.0,0,0,0,0,1,0,"Chargers, Adapters & Cables",6.90875477931522,2.769458829230853,0,0,1,8.421562960400987
3.6,0,1,0,0,0.11,0,0,0,0,1,0,"Office Supplies, Ink & Toner",4.61512051684126,7.2078598714324755,1,0,0,5.513428746164983
4.5,0,1,0,0,0.11,0,0,0,0,1,0,Storage & Memory Cards,6.55250788703459,2.995232148512309,0,1,0,10.443162989406174
4.5,0,0,1,0,0.23,0,0,0,0,1,0,TV & Video Displays,6.90875477931522,2.63834278867739,0,1,0,6.297109319933935
4.5,0,1,0,0,0.11,0,0,0,0,1,0,Storage & Memory Cards,5.303304908059076,4.454231010422805,0,0,1,8.904630097005011
4.7,0,1,0,0,0.0,0,0,0,0,1,0,"Office Supplies, Ink & Toner",6.2166061010848646,3.4239368686316447,0,0,1,6.269096283706261
4.5,0,1,0,0,0.15,0,0,0,0,1,0,Computer Peripherals,5.303304908059076,5.30325515557766,0,0,1,8.46674164792014
4.7,0,1,0,0,0.0,0,0,0,0,1,0,Other Electronics,5.303304908059076,4.709440107163888,0,0,1,7.315883504509785
4.3,0,0,0,0,0.0,0,0,0,0,1,0,Laptops,3.9318256327243257,6.55250788703459,0,0,1,4.969813299576001
4.5,0,1,0,0,0.4,0,0,0,0,1,0,Small Gadget Accessories (Cases & Protectors),6.90875477931522,3.2577118486533987,0,0,1,7.145196134997171
4.5,0,0,0,0,0.0,0,0,0,0,1,0,"Office Supplies, Ink & Toner",5.707110264748875,4.471981591744346,0,0,1,7.87587915949631
4.8,0,1,0,0,0.0,0,0,0,0,1,0,PC Components,5.303304908059076,4.762173934797756,0,0,1,7.875499292445208
4.3,0,1,0,0,0.0,0,0,0,0,1,0,Tablets & E-readers (DEVICES ONLY),5.303304908059076,5.010635294096256,0,0,1,5.2832037287379885
4.4,0,0,0,0,0.0,0,0,0,0,1,0,Printers & Scanners (Hardware),4.61512051684126,5.799092654460526,0,0,1,4.174387269895637
4.1,0,1,0,0,0.0,0,0,0,0,1,0,Video Game Consoles & Virtual Reality,5.993961427306569,4.110709916308365,0,1,0,5.135798437050262
4.3,0,0,0,0,0.0,0,0,0,0,1,0,TV & Video Displays,4.61512051684126,5.419295293100939,0,0,1,4.174387269895637
4.5,0,1,0,0,0.0,0,0,0,0,1,0,"Audio, Sound & Recording Gear",5.303304908059076,4.787491742782046,0,0,1,4.700480365792417
4.1,0,1,1,0,0.46,0,0,0,0,1,0,Wearables,4.61512051684126,5.389071729816501,0,0,1,6.877296071497429
4.3,0,1,0,0,0.1,0,0,0,0,1,0,Laptops,3.9318256327243257,6.7225696245735325,0,0,1,2.5649493574615367
4.4,0,1,0,0,0.0,0,0,0,0,1,0,"Audio, Sound & Recording Gear",4.61512051684126,5.634789603169249,0,0,1,7.029972911706386
4.5,0,0,0,0,0.0,0,0,0,0,1,0,TV & Video Displays,4.61512051684126,5.330590927098332,0,0,1,8.533263371593732
4.4,0,1,0,0,0.0,0,0,0,0,1,0,Computer Peripherals,6.2166061010848646,2.771963526845863,0,1,0,6.212606095751519
4.5,0,1,0,0,0.17,0,0,0,0,1,0,"Audio, Sound & Recording Gear",4.61512051684126,5.19844178112078,0,0,1,3.8501476017100575
4.1,0,1,0,0,0.27,0,0,0,0,1,0,PC Components,5.707110264748875,4.709440107163888,0,0,1,8.859647499714997
4.4,0,1,0,0,0.2,0,0,0,0,1,0,"Audio, Sound & Recording Gear",6.2166061010848646,3.474757584770184,0,1,0,7.807916628926408
4.2,0,1,0,0,0.11,0,0,0,0,1,0,"Audio, Sound & Recording Gear",5.303304908059076,4.5107496103686,0,0,1,5.176149732573829
4.4,0,1,0,0,0.0,0,0,0,0,1,0,Cameras & Photography,5.993961427306569,3.8875253738277458,0,1,0,5.932245187448011
4.5,0,0,0,0,0.0,1,0,0,0,0,0,"Office Supplies, Ink & Toner",4.61512051684126,6.095576783989934,1,0,0,4.394449154672439
4.6,0,1,0,0,0.1,0,0,0,0,1,0,Computer Peripherals,6.2166061010848646,2.196112848483529,0,1,0,7.96311205897929
4.2,0,1,0,0,0.0,0,0,0,0,1,0,Mobile Cell Phones & Smartphones,6.55250788703459,2.830267833826459,0,1,0,7.581719640125308
1.0,0,1,0,0,0.0,0,0,0,0,1,0,Power & Batteries,0.0,4.429387206033719,0,0,1,0.6931471805599453
4.3,1,1,0,0,0.0,0,0,0,0,1,0,PC Components,0.0,4.696107180980193,0,0,1,2.3978952727983707
4.4,0,1,0,0,0.0,0,0,0,0,1,0,Power & Batteries,5.303304908059076,4.564244019375446,1,0,0,7.588829878307813
4.7,0,1,0,0,0.12,0,0,0,0,1,0,Small Gadget Accessories (Cases & Protectors),5.303304908059076,5.4845894430863416,1,0,0,8.034631032923107
4.7,0,1,0,0,0.0,0,0,0,0,1,0,"Audio, Sound & Recording Gear",5.303304908059076,5.081342251254203,0,0,1,6.037870919922137
4.2,0,0,1,0,0.0,0,0,0,0,1,0,"Audio, Sound & Recording Gear",5.707110264748875,4.761917491662616,0,0,1,5.225746673713202
4.5,0,0,0,0,0.0,0,0,0,0,1,0,Small Gadget Accessories (Cases & Protectors),6.90875477931522,1.871802176901592,0,1,0,9.255600503381046
4.5,0,1,0,0,0.44,0,0,0,0,1,0,"Chargers, Adapters & Cables",6.2166061010848646,3.610647605844363,0,0,1,5.081404364984463
3.9,0,0,0,0,0.0,0,0,0,0,1,0,Computer Peripherals,5.303304908059076,4.95399439338211,0,0,1,8.057377488557991
4.4,0,1,0,0,0.0,0,0,0,0,1,0,TV & Video Displays,4.61512051684126,6.546742368227321,0,0,1,7.13966033596492
4.3,0,1,0,0,0.0,0,0,0,0,1,0,Small Gadget Accessories (Cases & Protectors),6.2166061010848646,3.246490991901174,0,0,1,6.148468295917647
4.5,0,1,0,0,0.0,0,0,0,0,1,0,Cameras & Photography,4.61512051684126,5.703782474656201,0,0,1,6.79794041297493
4.6,0,1,0,0,0.0,0,0,0,0,1,0,TV & Video Displays,5.303304908059076,5.480638923341991,0,0,1,7.929846429742503
4.8,0,1,0,0,0.39,0,0,0,0,1,0,"Office Supplies, Ink & Toner",6.2166061010848646,3.5260663637080247,0,0,1,8.443546651247939
4.7,0,1,0,0,0.0,0,0,0,0,1,0,"Chargers, Adapters & Cables",6.2166061010848646,3.0421386463681466,0,0,1,5.220355825078324
4.7,0,1,0,0,0.0,0,0,0,0,1,0,Storage & Memory Cards,6.90875477931522,2.355177543113216,0,1,0,7.421177528595393
4.4,0,1,0,0,0.2,0,0,0,0,1,0,Computer Peripherals,6.2166061010848646,3.2577118486533987,0,1,0,8.88599431515281
4.7,0,1,0,0,0.2,0,0,0,0,1,0,"Office Supplies, Ink & Toner",4.61512051684126,5.789531944664912,0,0,1,4.30406509320417
4.4,0,1,0,0,0.0,0,0,0,0,1,0,Laptops,6.2166061010848646,3.501042716631872,0,1,0,7.776115477098742
4.2,0,0,0,0,0.16,0,0,0,0,1,0,Mobile Cell Phones & Smartphones,5.303304908059076,5.673288902319859,0,0,1,6.210600077024653
4.6,0,1,0,0,0.0,0,0,0,0,1,0,Storage & Memory Cards,6.2166061010848646,3.218475744846861,0,1,0,5.147494476813453
4.5,0,0,0,0,0.0,0,0,0,0,1,0,TV & Video Displays,5.303304908059076,4.969674401041157,0,0,1,8.420462002456466
4.5,0,1,0,0,0.24,0,0,0,0,1,0,"Audio, Sound & Recording Gear",6.2166061010848646,3.2577118486533987,0,1,0,8.15507488781144
4.4,0,0,0,0,0.0,0,0,0,0,1,0,"Office Supplies, Ink & Toner",4.61512051684126,6.047112097946797,1,0,0,4.59511985013459
4.2,0,0,0,0,0.0,0,0,0,0,1,0,Wearables,0.0,2.63834278867739,0,1,0,3.4657359027997265
4.6,0,1,0,0,0.08,0,0,0,0,1,0,Storage & Memory Cards,3.9318256327243257,6.884466181004184,1,0,0,8.035602692918582
4.1,0,0,0,0,0.2,0,0,0,0,1,0,Computer Peripherals,5.993961427306569,4.18950321539533,0,0,1,5.3471075307174685
4.5,0,1,0,0,0.0,0,0,0,0,1,0,"Audio, Sound & Recording Gear",5.707110264748875,4.3292849234158215,0,0,1,8.342363500380579
4.7,0,1,0,0,0.24,0,0,0,0,1,0,PC Components,4.61512051684126,5.857933154483459,0,0,1,5.579729825986222
4.6,0,1,0,0,0.0,0,0,0,0,1,0,Laptops,3.9318256327243257,6.956545443151569,0,0,1,3.784189633918261
4.5,0,1,0,0,0.1,0,0,0,0,1,0,Small Gadget Accessories (Cases & Protectors),6.2166061010848646,3.0440461338325417,0,1,0,3.784189633918261
4.6,0,1,0,0,0.0,0,0,0,0,1,0,"Audio, Sound & Recording Gear",5.303304908059076,5.016948656152848,0,0,1,6.729824070489475
4.6,0,1,0,0,0.0,0,0,0,0,1,0,"Audio, Sound & Recording Gear",5.993961427306569,4.04234926710372,0,0,1,7.063903961472068
0.0,0,1,0,0,0.0,0,0,0,0,1,0,Laptops,0.0,7.8383433155571165,1,0,0,0.0
4.5,0,1,0,0,0.0,0,0,0,0,1,0,"Office Supplies, Ink & Toner",5.993961427306569,4.139795825126018,0,0,1,7.942006808489856
5.0,0,1,0,0,0.0,0,0,0,0,1,0,TV & Video Displays,0.0,6.90874478925533,1,0,0,1.3862943611198906
4.4,0,0,1,0,0.0,0,0,0,0,1,0,TV & Video Displays,4.61512051684126,4.6150215020384655,0,0,1,5.3230099791384085
4.3,0,1,0,0,0.0,0,0,0,0,1,0,"Audio, Sound & Recording Gear",5.993961427306569,3.914021008090819,0,1,0,5.707110264748875
4.6,0,1,0,0,0.0,0,0,0,0,1,0,"Audio, Sound & Recording Gear",5.707110264748875,4.351567427189173,0,0,1,8.552367266423891
4.7,0,1,0,0,0.0,0,0,0,0,1,0,"Chargers, Adapters & Cables",6.2166061010848646,3.001217203784561,0,0,1,7.087573705557973
4.7,0,0,0,0,0.0,0,0,0,0,1,0,"Office Supplies, Ink & Toner",5.303304908059076,4.962075103480879,0,0,1,6.206575926724928
4.5,0,1,0,0,0.0,0,0,0,0,1,0,Cameras & Photography,5.993961427306569,4.110053855927281,0,1,0,7.755767170102998
4.7,0,1,0,0,0.23,0,0,0,0,1,0,"Chargers, Adapters & Cables",6.2166061010848646,3.7133281345162463,0,0,1,8.832733591996416
4.6,0,1,0,0,0.0,0,0,0,0,1,0,Small Gadget Accessories (Cases & Protectors),5.303304908059076,5.198220750009751,1,0,0,8.412277021466677
5.0,0,0,0,0,0.0,0,0,0,0,1,0,Laptops,4.61512051684126,5.638319081511895,0,0,1,1.0986122886681098
5.0,0,1,0,0,0.0,0,0,0,0,1,0,"Office Supplies, Ink & Toner",4.61512051684126,5.308218191225299,0,0,1,2.079441541679836
4.6,0,1,0,0,0.29,0,0,0,0,1,0,Storage & Memory Cards,5.707110264748875,3.76096753050819,0,0,1,9.33873358674458
4.6,0,1,0,0,0.33,0,0,0,0,1,0,"Audio, Sound & Recording Gear",6.2166061010848646,3.433664571799657,0,1,0,6.082218910376446
4.6,0,1,0,0,0.09,1,0,0,0,0,0,"Office Supplies, Ink & Toner",5.993961427306569,4.204543354520176,0,0,1,7.195187320178709
4.9,0,1,0,0,0.0,0,0,0,0,1,0,PC Components,5.303304908059076,4.925730787005811,0,0,1,5.111987788356544
4.6,0,1,0,0,0.17,1,0,0,0,0,0,Computer Peripherals,5.707110264748875,3.92395157629342,0,0,1,7.760893195851024
4.5,0,1,0,0,0.15,0,0,0,0,1,0,"Audio, Sound & Recording Gear",6.2166061010848646,3.295466427029913,0,1,0,5.579729825986222
4.6,0,1,0,0,0.2,0,0,0,0,1,0,Laptops,4.61512051684126,5.525413097700675,0,0,1,3.332204510175204
4.1,0,0,0,0,0.0,0,0,0,0,1,0,Tablets & E-readers (DEVICES ONLY),5.707110264748875,4.105778939847764,0,0,1,6.863803391452954
3.9,0,1,0,0,0.0,0,0,0,0,1,0,"Audio, Sound & Recording Gear",5.303304908059076,5.298317366548036,0,0,1,7.409136443920128
4.3,0,0,0,0,0.0,0,0,0,0,1,0,Power & Batteries,4.61512051684126,6.054415871815444,1,0,0,3.49650756146648
4.6,0,1,0,0,0.0,0,0,0,0,1,0,"Office Supplies, Ink & Toner",6.2166061010848646,3.256942025674657,0,1,0,9.981697813072689
4.6,0,1,0,0,0.0,0,0,0,0,1,0,Small Gadget Accessories (Cases & Protectors),6.2166061010848646,2.9418039315284354,0,1,0,8.642062173462106
4.7,0,1,0,0,0.0,0,0,0,0,1,0,PC Components,5.303304908059076,5.231055139488869,0,0,1,6.222576268071369
4.0,0,0,1,0,0.0,0,0,0,0,1,0,"Office Supplies, Ink & Toner",3.9318256327243257,5.719951055817785,0,0,1,3.828641396489095
4.7,0,1,0,0,0.2,0,0,0,0,1,0,Cameras & Photography,5.993961427306569,4.6150215020384655,0,0,1,5.247024072160486
4.4,0,1,1,0,0.39,0,0,0,0,1,0,"Audio, Sound & Recording Gear",5.993961427306569,4.510309904964132,0,0,1,7.707062655370473
4.6,0,1,0,0,0.17,0,0,0,0,1,0,Computer Peripherals,0.0,2.9439125248241944,0,1,0,4.127134385045092
4.6,0,0,0,0,0.0,0,0,0,0,1,0,Wearables,6.68586094706836,2.4790562361098245,0,1,0,6.561030665896573
4.4,0,1,0,0,0.0,0,0,0,0,1,0,TV & Video Displays,3.9318256327243257,6.856461984594587,1,0,0,6.70196036600254
4.6,0,1,0,0,0.0,0,0,0,0,1,0,"Office Supplies, Ink & Toner",6.2166061010848646,3.5260663637080247,0,0,1,8.441822884391462
4.7,0,1,0,0,0.0,0,0,0,0,1,0,Smart Home & Security,6.2166061010848646,2.769458829230853,0,1,0,9.137447046455858
4.6,0,0,0,0,0.0,0,0,0,0,1,0,Computer Peripherals,6.2166061010848646,3.396184839838611,0,1,0,8.534836626588833
4.2,0,1,0,0,0.1,0,0,0,0,1,0,Computer Peripherals,5.707110264748875,4.45318382899021,0,0,1,6.54534966033442
4.7,0,1,0,0,0.62,0,0,0,0,1,0,"Office Supplies, Ink & Toner",6.68586094706836,3.198673117550681,0,1,0,10.068366195718362
4.4,0,0,0,0,0.0,0,0,0,0,1,0,"Chargers, Adapters & Cables",4.61512051684126,5.707077041605631,1,0,0,4.867534450455582
4.4,0,1,0,0,0.34,0,0,0,0,1,0,"Office Supplies, Ink & Toner",5.303304908059076,3.433664571799657,0,0,1,4.110873864173311
4.4,0,0,0,0,0.0,0,0,0,0,1,0,TV & Video Displays,6.2166061010848646,4.179604406172924,0,1,0,3.258096538021482
4.4,0,1,0,0,0.17,0,0,0,0,1,0,PC Components,4.61512051684126,5.327827623921977,0,0,1,6.569481420414296
4.5,0,1,0,0,0.0,0,0,0,0,1,0,Laptops,6.2166061010848646,3.2577118486533987,0,1,0,5.356586274672012
4.4,0,1,0,0,0.0,0,0,0,0,1,0,Computer Peripherals,5.303304908059076,4.875120984409557,0,0,1,5.8888779583328805
4.5,0,1,0,0,0.0,0,0,0,0,1,0,"Chargers, Adapters & Cables",5.707110264748875,4.381026134340298,0,0,1,6.023447592961033
4.4,0,1,0,0,0.14,0,0,0,0,1,0,Laptops,5.303304908059076,4.262679877041316,0,1,0,7.798112628829788
4.7,0,1,0,0,0.06,0,1,0,0,0,0,"Audio, Sound & Recording Gear",6.2166061010848646,2.300583090323373,0,1,0,6.267200548541362
3.7,0,1,0,0,0.0,0,0,0,0,1,0,Mobile Cell Phones & Smartphones,5.303304908059076,4.718409581594602,0,0,1,3.295836866004329
4.9,0,1,0,0,0.0,0,0,0,0,1,0,"Office Supplies, Ink & Toner",4.61512051684126,5.916067282635535,1,0,0,3.828641396489095
4.7,0,1,0,0,0.11,0,0,0,0,1,0,PC Components,5.707110264748875,4.5107496103686,0,1,0,6.641182169740591
5.0,1,1,0,0,0.0,0,0,0,0,1,0,Laptops,0.0,2.771963526845863,0,1,0,0.6931471805599453
4.4,0,1,0,0,0.0,0,0,0,0,1,0,"Office Supplies, Ink & Toner",4.61512051684126,5.308218191225299,0,0,1,3.49650756146648
4.7,0,1,0,0,0.36,0,0,0,0,1,0,PC Components,6.2166061010848646,3.8284239815518326,0,1,0,7.21890970761906
4.2,0,1,0,0,0.0,1,0,0,0,0,0,Computer Peripherals,5.993961427306569,3.7133281345162463,0,0,1,6.118097198041348
4.3,0,1,0,0,0.0,0,0,0,0,1,0,"Office Supplies, Ink & Toner",6.398594934535208,3.1350593387750902,0,1,0,7.358830898342354
4.2,0,0,0,0,0.0,0,0,0,0,1,0,Networking,4.61512051684126,5.17042717524212,0,0,1,7.606387389772652
3.8,0,1,0,0,0.1,0,0,0,0,1,0,Networking,5.303304908059076,5.30325515557766,0,0,1,4.262679877041316
4.5,0,1,0,0,0.0,0,0,0,0,1,0,"Office Supplies, Ink & Toner",6.398594934535208,3.085572977553781,0,1,0,8.080856419640986
4.4,0,0,0,0,0.0,0,0,0,0,1,0,Computer Peripherals,6.2166061010848646,3.1072736482868986,0,1,0,8.239857411018601
4.2,0,1,0,0,0.23,0,0,0,0,1,0,Other Electronics,5.707110264748875,4.5107496103686,0,0,1,7.261225091971921
4.3,0,0,0,0,0.11,0,0,0,0,1,0,Small Gadget Accessories (Cases & Protectors),5.707110264748875,4.989071116180416,1,0,0,5.978885764901122
4.6,0,0,0,0,0.0,0,0,0,0,1,0,"Office Supplies, Ink & Toner",4.61512051684126,5.634396668837808,0,0,1,6.763884908562435
4.8,0,1,0,0,0.0,0,0,0,0,1,0,"Office Supplies, Ink & Toner",6.68586094706836,2.6803363625346943,0,1,0,8.634442751466477
4.6,0,0,0,0,0.0,0,0,0,0,1,0,"Office Supplies, Ink & Toner",4.61512051684126,5.59430237403738,0,0,1,5.3230099791384085
1.0,0,0,0,0,0.0,0,0,0,0,1,0,TV & Video Displays,0.0,6.531154557307378,0,0,1,0.6931471805599453
4.5,0,0,0,0,0.0,0,0,0,0,1,0,"Office Supplies, Ink & Toner",6.398594934535208,3.132009891846539,0,1,0,8.249052274171293
4.5,0,1,0,0,0.35,0,0,0,0,1,0,Other Electronics,5.707110264748875,4.795707897553386,0,0,1,7.687997166393016
4.4,0,0,1,0,0.0,0,0,0,0,1,0,"Audio, Sound & Recording Gear",4.61512051684126,5.99393648933976,0,0,1,5.834810737062605
4.6,0,1,0,0,0.2,0,0,0,0,1,0,PC Components,5.303304908059076,5.30325515557766,0,0,1,7.422971251049421
5.0,0,1,0,0,0.0,0,0,0,0,1,0,"Audio, Sound & Recording Gear",4.61512051684126,5.175867206791472,0,0,1,1.3862943611198906
4.0,0,1,0,0,0.0,0,0,0,0,1,0,Printers & Scanners (Hardware),4.61512051684126,5.786866706049599,0,0,1,7.4413203897176174
4.4,0,1,0,0,0.33,0,0,0,0,1,0,TV & Video Displays,6.2166061010848646,3.433664571799657,0,1,0,6.572282542694008
4.3,0,1,0,1,0.0,0,0,0,0,1,0,PC Components,6.2166061010848646,3.4949912609485163,0,1,0,9.016876974763385
4.6,0,1,1,0,0.09,0,0,0,0,1,0,Small Gadget Accessories (Cases & Protectors),6.2166061010848646,3.58324112209094,0,0,1,5.3706380281276624
4.4,0,0,0,0,0.0,0,0,0,0,1,0,"Office Supplies, Ink & Toner",5.303304908059076,5.263415314538772,0,0,1,4.454347296253507
4.6,0,1,0,0,0.0,0,0,0,0,1,0,Networking,4.61512051684126,5.714062784063757,0,0,1,7.552762084214147
4.3,0,1,0,0,0.0,0,0,0,0,1,0,Small Gadget Accessories (Cases & Protectors),4.61512051684126,6.030685260261263,1,0,0,5.43372200355424
4.4,0,1,0,0,0.0,1,0,0,0,0,0,Mobile Cell Phones & Smartphones,5.993961427306569,4.093844437180419,0,0,1,8.319473692442186
4.4,0,1,0,0,0.0,0,0,0,0,1,0,"Office Supplies, Ink & Toner",6.90875477931522,2.172476407647025,0,1,0,7.05617528410041
4.0,0,1,0,0,0.0,0,0,0,0,1,0,Computer Peripherals,5.707110264748875,3.895690350807248,0,0,1,6.511745329644728
4.6,0,0,0,0,0.0,0,0,0,0,1,0,Power & Batteries,6.2166061010848646,2.6019486702196644,0,0,1,8.207946941048617
4.8,0,0,0,0,0.0,0,0,0,0,1,0,PC Components,5.303304908059076,4.709440107163888,0,0,1,7.052721049232323
4.5,0,0,0,0,0.0,0,0,0,0,1,0,TV & Video Displays,5.303304908059076,5.043425116919247,0,0,1,6.349138991379798
4.6,0,0,1,0,0.0,0,0,0,0,1,0,Computer Peripherals,5.707110264748875,3.2805352052549286,0,1,0,8.906528917594517
4.0,0,0,0,0,0.0,0,0,0,0,1,0,Networking,5.993961427306569,3.908817874479198,0,1,0,6.940222469119639
4.5,0,1,0,0,0.0,0,0,0,0,1,0,Smart Home & Security,6.2166061010848646,2.770711962226921,0,1,0,6.234410725718371
4.2,0,1,0,0,0.12,0,0,0,0,1,0,"Office Supplies, Ink & Toner",4.61512051684126,5.141605075260502,0,0,1,6.931471805599453
4.0,0,0,0,0,0.33,0,0,0,0,1,0,"Office Supplies, Ink & Toner",5.993961427306569,5.017213609456379,0,0,1,6.656726524178391
4.8,0,1,0,0,0.0,0,0,0,0,1,0,Small Gadget Accessories (Cases & Protectors),6.2166061010848646,3.5248888540047054,0,0,1,9.086815885690685
4.6,0,1,0,0,0.13,0,0,0,0,1,0,PC Components,5.707110264748875,4.663344750039164,0,0,1,7.822444729489319
4.6,0,0,0,0,0.0,0,0,0,0,1,0,"Audio, Sound & Recording Gear",5.707110264748875,4.709440107163888,0,0,1,8.965079015408355
4.2,0,1,0,0,0.2,1,0,0,0,0,0,"Office Supplies, Ink & Toner",5.707110264748875,3.9308447596687337,0,0,1,7.222566018822171
4.4,0,0,0,0,0.07,0,0,0,0,1,0,Wearables,5.303304908059076,4.9486889658772695,0,0,1,6.776506992372183
4.6,0,1,0,0,0.18,0,0,0,0,1,0,Cameras & Photography,5.993961427306569,4.025173103360802,0,1,0,5.468060141135132
3.9,0,1,0,0,0.17,0,0,0,0,1,0,TV & Video Displays,4.61512051684126,5.707077041605631,0,0,1,3.58351893845611
4.7,0,1,0,0,0.0,0,0,0,0,1,0,"Chargers, Adapters & Cables",6.2166061010848646,3.218475744846861,0,0,1,6.18826412308259
4.8,0,1,0,0,0.06,0,0,0,0,1,0,PC Components,5.707110264748875,3.951051392395625,0,1,0,8.583355393669907
4.5,0,1,0,0,0.0,0,0,0,0,1,0,Cameras & Photography,0.0,8.054840221101024,1,0,0,3.295836866004329
4.1,0,1,0,0,0.0,0,0,0,0,1,0,Wearables,6.2166061010848646,3.433664571799657,0,1,0,5.525452939131784
4.4,0,1,0,0,0.3,0,0,0,0,1,0,Smart Home & Security,5.303304908059076,5.860757733031528,0,0,1,5.707110264748875
4.5,0,0,0,0,0.0,0,0,0,0,1,0,Computer Peripherals,5.707110264748875,4.795707897553386,0,0,1,5.153291594497779
4.6,0,0,0,0,0.0,0,0,0,0,1,0,TV & Video Displays,6.398594934535208,3.0440461338325417,0,1,0,6.8679744089702925
4.4,0,0,0,0,0.0,0,0,0,0,1,0,Storage & Memory Cards,5.993961427306569,4.237434294689934,0,0,1,6.522092798170152
4.4,0,1,0,0,0.0,0,0,0,0,1,0,Laptops,4.61512051684126,5.501258210544727,0,0,1,7.676473646389156
5.0,0,0,0,0,0.0,0,0,0,0,1,0,Laptops,3.9318256327243257,7.860956364876389,1,0,0,2.19722457733622
4.7,0,1,0,0,0.0,0,0,0,0,1,0,"Audio, Sound & Recording Gear",6.2166061010848646,3.4011973816621555,0,1,0,7.511524648390866
4.6,0,1,0,0,0.0,0,0,0,0,1,0,Computer Peripherals,5.707110264748875,4.709440107163888,0,0,1,2.6390573296152584
4.4,0,1,0,0,0.05,0,0,0,0,1,0,"Audio, Sound & Recording Gear",4.61512051684126,5.298317366548036,0,0,1,3.044522437723423
4.4,0,1,0,0,0.0,0,0,0,0,1,0,Storage & Memory Cards,4.61512051684126,5.739760757321436,0,0,1,5.703782474656201
4.1,0,1,0,0,0.24,0,0,0,0,1,0,"Chargers, Adapters & Cables",6.2166061010848646,3.2577118486533987,0,0,1,7.5652752818989315
4.4,0,1,0,0,0.0,0,0,0,0,1,0,"Audio, Sound & Recording Gear",5.303304908059076,5.176093233802662,0,0,1,5.293304824724492
4.5,0,0,0,0,0.0,0,0,0,0,1,0,"Office Supplies, Ink & Toner",4.61512051684126,5.645058129503191,0,0,1,5.84354441703136
4.4,0,0,0,0,0.0,0,0,0,0,1,0,Computer Peripherals,5.707110264748875,3.9755610262321337,0,0,1,6.066108090103747
4.6,0,1,0,0,0.0,0,0,0,0,1,0,PC Components,4.61512051684126,5.252221070655064,0,0,1,3.828641396489095
4.6,0,1,0,0,0.0,0,0,0,0,1,0,Computer Peripherals,5.707110264748875,4.499809670330265,0,0,1,4.962844630259907
4.6,0,0,0,0,0.0,0,0,0,0,1,0,"Chargers, Adapters & Cables",6.68586094706836,2.803966257932037,0,0,1,8.247220052745229
4.9,0,1,0,0,0.0,0,0,0,0,1,0,PC Components,5.303304908059076,5.17042717524212,0,0,1,4.543294782270004
3.6,0,1,0,0,0.32,0,0,0,0,1,0,TV & Video Displays,0.0,7.824441932468986,1,0,0,4.04305126783455
4.3,0,1,0,0,0.18,0,0,0,0,1,0,"Chargers, Adapters & Cables",5.303304908059076,5.141605075260502,1,0,0,7.605392364814935
4.6,0,1,0,0,0.08,0,0,0,0,1,0,"Chargers, Adapters & Cables",5.303304908059076,4.795707897553386,1,0,0,8.222285073872717
4.2,0,1,0,0,0.5,0,0,0,0,1,0,Computer Peripherals,5.707110264748875,5.30325515557766,0,0,1,7.160069207596127
4.8,0,0,0,0,0.0,0,0,0,0,1,0,Cameras & Photography,4.61512051684126,6.228530727262548,0,0,1,6.664409020350408
4.4,0,1,0,0,0.0,0,0,0,0,1,0,"Audio, Sound & Recording Gear",6.2166061010848646,3.6373229671995344,0,1,0,6.171700597410915
4.7,0,1,0,0,0.13,0,0,0,0,1,0,"Chargers, Adapters & Cables",6.2166061010848646,3.177637076851603,0,0,1,7.395107546562485
4.4,0,1,0,0,0.0,0,0,0,0,1,0,"Office Supplies, Ink & Toner",5.303304908059076,4.912581353620868,0,0,1,9.281730368062856
4.2,0,1,0,0,0.07,0,0,0,0,1,0,Cameras & Photography,4.61512051684126,5.175867206791472,0,0,1,5.087596335232384
4.7,0,1,0,0,0.0,0,0,0,0,1,0,"Office Supplies, Ink & Toner",6.90875477931522,2.1126345090356,0,1,0,7.83002808253384
4.0,0,1,0,0,0.0,0,0,0,0,1,0,Laptops,0.0,8.389359819906353,1,0,0,3.6635616461296463
4.4,0,0,0,0,0.12,0,0,0,0,1,0,Wearables,5.707110264748875,4.454231010422805,0,0,1,6.698268054115413
4.6,0,0,0,0,0.0,0,0,0,0,1,0,"Audio, Sound & Recording Gear",4.61512051684126,6.21658614080582,1,0,0,7.739359202689098
4.3,0,0,0,0,0.0,0,0,0,0,1,0,TV & Video Displays,4.61512051684126,5.860757733031528,0,0,1,4.532599493153256
4.1,0,0,0,0,0.0,0,0,0,0,1,0,"Audio, Sound & Recording Gear",6.2166061010848646,3.0421386463681466,0,1,0,5.424950017481403
4.4,0,1,0,0,0.0,1,0,0,0,0,0,TV & Video Displays,5.303304908059076,5.556828061699537,0,0,1,7.999007213243955
4.5,0,0,0,0,0.0,0,0,0,0,1,0,Cameras & Photography,4.61512051684126,5.638354669333745,0,0,1,6.939253946041508
4.4,0,1,0,0,0.06,0,0,0,0,1,0,"Chargers, Adapters & Cables",6.2166061010848646,3.4716558453107167,0,0,1,6.807934943699926
4.0,0,1,0,0,0.15,0,0,0,0,1,0,Computer Peripherals,4.61512051684126,5.081342251254203,0,0,1,6.54534966033442
4.0,0,1,0,0,0.0,0,0,0,0,1,0,"Audio, Sound & Recording Gear",4.61512051684126,6.084818268841191,1,0,0,4.110873864173311
2.9,0,1,0,0,0.0,0,0,0,0,1,0,Printers & Scanners (Hardware),4.61512051684126,5.393354781882788,0,0,1,3.367295829986474
4.2,0,1,0,0,0.0,0,0,0,0,1,0,PC Components,5.303304908059076,4.824225391393695,0,0,1,6.013715156042802
4.5,0,1,0,0,0.0,0,0,0,0,1,0,PC Components,5.303304908059076,5.4024971854577,0,0,1,5.659482215759621
4.4,0,1,0,0,0.0,0,0,0,0,1,0,"Audio, Sound & Recording Gear",5.303304908059076,5.198220750009751,0,0,1,7.889833751394295
4.3,0,1,0,0,0.19,0,0,0,0,1,0,Printers & Scanners (Hardware),6.2166061010848646,3.6373229671995344,0,1,0,8.405814603432848
4.5,0,0,0,0,0.0,0,0,0,0,1,0,"Office Supplies, Ink & Toner",4.61512051684126,5.75890177387728,0,0,1,6.602587892189336
4.6,0,1,1,0,0.06,0,0,0,0,1,0,Power & Batteries,6.398594934535208,2.8326249356838407,0,0,1,6.385194398997726
4.5,0,1,0,0,0.0,0,0,0,0,1,0,"Chargers, Adapters & Cables",6.2166061010848646,2.301584592660462,0,1,0,7.602401335665818
4.2,0,1,0,0,0.3,0,0,0,0,1,0,Smart Home & Security,4.61512051684126,5.99393648933976,0,0,1,7.226209010100671
4.7,0,0,0,0,0.0,0,0,0,0,1,0,Power & Batteries,6.90875477931522,2.010894999144726,0,1,0,7.528331766707247
4.8,0,1,0,0,0.0,0,0,0,0,1,0,"Chargers, Adapters & Cables",6.2166061010848646,2.9412760877579323,0,0,1,8.400659375160286
4.7,0,1,0,0,0.0,0,0,0,0,1,0,Storage & Memory Cards,6.2166061010848646,3.58324112209094,0,0,1,6.848005274576363
4.6,0,1,0,0,0.17,0,0,0,0,1,0,Small Gadget Accessories (Cases & Protectors),4.61512051684126,6.257667587882639,1,0,0,6.828712071641684
4.7,0,1,0,0,0.34,1,0,0,0,0,0,Computer Peripherals,5.303304908059076,4.9486889658772695,0,0,1,10.462503160399518
4.6,0,0,0,0,0.0,0,0,0,0,1,0,"Audio, Sound & Recording Gear",4.61512051684126,6.089248936257675,1,0,0,6.507277712385012
4.6,0,1,0,0,0.0,0,0,0,0,1,0,Small Gadget Accessories (Cases & Protectors),6.2166061010848646,3.4809323496810087,0,0,1,10.378665273055592
4.5,0,1,0,0,0.0,0,0,0,0,1,0,"Audio, Sound & Recording Gear",5.993961427306569,4.04234926710372,0,0,1,5.877735781779639
4.0,0,0,0,0,0.0,0,0,0,0,1,0,Computer Peripherals,5.303304908059076,5.30325515557766,0,0,1,6.717804695023691
4.4,0,1,0,0,0.0,0,0,0,0,1,0,Cameras & Photography,3.9318256327243257,7.090076835776092,0,0,1,5.849324779946859
4.7,0,1,0,0,0.0,0,0,0,0,1,0,"Office Supplies, Ink & Toner",6.55250788703459,2.6871669901857858,0,1,0,6.059123195581797
4.8,0,1,0,0,0.0,0,0,0,0,1,0,Video Game Consoles & Virtual Reality,3.9318256327243257,7.312553498102598,1,0,0,5.786897381366708
4.1,0,1,0,0,0.0,0,0,0,0,1,0,Computer Peripherals,5.303304908059076,5.827473946998751,0,0,1,5.645446897643238
4.6,0,0,0,0,0.0,0,0,0,0,1,0,Video Game Consoles & Virtual Reality,0.0,3.4008639927609177,0,1,0,8.241703159729818
4.7,0,1,0,0,0.0,0,0,0,0,1,0,"Audio, Sound & Recording Gear",5.303304908059076,5.594711379601839,0,0,1,4.852030263919617
4.5,0,1,0,0,0.35,0,0,0,0,1,0,Power & Batteries,6.90875477931522,2.39698576841553,0,0,1,7.154615356913663
4.2,0,0,0,0,0.0,0,0,0,0,1,0,TV & Video Displays,5.993961427306569,3.1692653243148663,0,1,0,7.404279118037268
4.8,0,1,0,0,0.0,0,0,0,0,1,0,"Audio, Sound & Recording Gear",4.61512051684126,4.875120984409557,0,0,1,3.688879454113936
4.6,0,1,0,0,0.08,0,0,0,0,1,0,TV & Video Displays,4.61512051684126,5.220355825078324,0,0,1,7.133295954896068
4.1,0,1,0,0,0.0,0,0,0,0,1,0,Wearables,5.707110264748875,4.574607880405451,0,0,1,5.950642552587727
4.4,0,0,0,0,0.0,0,0,0,0,1,0,"Audio, Sound & Recording Gear",5.303304908059076,4.9924713234685845,0,0,1,7.488293515159428
4.6,0,0,0,0,0.0,0,0,0,0,1,0,PC Components,4.61512051684126,5.456260844613992,0,0,1,7.59337419312129
3.9,0,1,0,0,0.21,0,0,0,0,1,0,Wearables,4.61512051684126,5.181783550292085,0,0,1,3.970291913552122
4.7,0,0,0,0,0.0,0,0,0,0,1,0,"Office Supplies, Ink & Toner",5.303304908059076,4.543932876516902,0,0,1,6.530877627725885
4.7,0,1,1,0,0.14,0,0,0,0,1,0,TV & Video Displays,4.61512051684126,6.21658614080582,0,0,1,3.258096538021482
4.2,0,1,1,0,0.0,0,0,0,0,1,0,Small Gadget Accessories (Cases & Protectors),6.2166061010848646,3.427189961936409,0,0,1,6.364750756851911
4.6,0,1,0,1,0.0,0,0,0,0,1,0,"Chargers, Adapters & Cables",6.2166061010848646,2.7073833121145063,0,1,0,7.123672785204607
4.0,0,1,0,0,0.0,0,0,0,0,1,0,Computer Peripherals,4.61512051684126,5.225692908827035,0,0,1,6.45833828334479
4.5,0,1,0,0,0.08,0,0,0,0,1,0,Wearables,4.61512051684126,5.94277312806309,0,0,1,5.869296913133774
3.6,0,1,0,0,0.0,0,0,0,0,1,0,Laptops,0.0,8.117011103549032,1,0,0,2.3978952727983707
4.7,0,0,0,0,0.0,0,0,0,0,1,0,TV & Video Displays,5.303304908059076,4.935336870046028,0,0,1,8.066207568006265
4.7,0,1,0,0,0.06,0,0,0,0,1,0,"Office Supplies, Ink & Toner",6.55250788703459,2.8326249356838407,0,1,0,8.110727582974489
4.2,0,1,0,0,0.35,0,0,0,0,1,0,Wearables,4.61512051684126,6.779921907472252,1,0,0,5.572154032177765
4.8,0,1,0,0,0.56,0,0,0,0,1,0,"Office Supplies, Ink & Toner",6.90875477931522,2.468099531471619,0,1,0,9.302919553269277
4.2,0,1,0,0,0.0,0,0,0,0,1,0,Printers & Scanners (Hardware),5.303304908059076,5.081342251254203,0,1,0,9.343121483210002
4.0,0,1,1,0,0.0,0,0,0,0,1,0,"Audio, Sound & Recording Gear",4.61512051684126,6.311644060933786,1,0,0,6.311734809152915
4.7,0,1,0,0,0.14,0,0,0,0,1,0,"Chargers, Adapters & Cables",6.2166061010848646,3.3775875160230218,0,0,1,8.028781162487148
4.8,0,1,0,0,0.0,0,0,0,0,1,0,"Office Supplies, Ink & Toner",6.68586094706836,2.046401687601636,0,1,0,6.553933404025811
4.3,0,1,0,0,0.08,0,0,0,0,1,0,Wearables,5.707110264748875,4.262679877041316,0,0,1,3.5263605246161616
4.6,0,0,0,0,0.0,0,0,0,0,1,0,TV & Video Displays,5.303304908059076,4.622911867464248,0,0,1,6.46302945692067
4.8,0,0,0,0,0.0,0,0,0,0,1,0,PC Components,5.707110264748875,3.7891771754293,0,1,0,5.940171252720432
5.0,0,1,0,0,0.0,0,0,0,0,1,0,TV & Video Displays,3.9318256327243257,5.707077041605631,0,0,1,0.6931471805599453
4.4,0,1,0,0,0.0,0,0,0,0,1,0,"Audio, Sound & Recording Gear",4.61512051684126,5.707110264748875,0,0,1,6.472346294500901
4.5,0,1,0,0,0.06,0,0,0,0,1,0,Computer Peripherals,6.2166061010848646,2.4518667957098,0,1,0,9.991177865663117
4.5,0,0,0,0,0.0,0,0,0,0,1,0,Networking,4.61512051684126,5.30325515557766,0,0,1,6.375024819828097
4.7,0,1,0,0,0.42,0,0,0,0,1,0,Small Gadget Accessories (Cases & Protectors),6.2166061010848646,3.9308447596687337,0,0,1,9.063810579280286
4.9,0,1,0,0,0.0,0,0,0,0,1,0,Small Gadget Accessories (Cases & Protectors),6.2166061010848646,3.316002535598924,0,0,1,3.610917912644224
4.6,0,1,0,0,0.1,0,0,0,0,1,0,PC Components,5.303304908059076,4.663344750039164,0,0,1,6.823286122355687
4.2,0,0,0,0,0.45,0,0,0,0,1,0,Networking,5.303304908059076,5.25227342804663,0,0,1,7.803435056952168
5.0,0,0,0,0,0.0,0,0,0,0,1,0,Cameras & Photography,3.9318256327243257,6.744059186311348,0,0,1,1.791759469228055
4.4,0,1,0,0,0.0,1,0,0,0,0,0,Wearables,6.2166061010848646,2.8898160479624417,0,1,0,9.71739890917293
4.4,0,1,0,0,0.34,0,0,0,0,1,0,"Audio, Sound & Recording Gear",6.2166061010848646,2.5641798306825083,0,1,0,8.53050420547591
4.8,0,0,0,0,0.0,0,0,0,0,1,0,"Office Supplies, Ink & Toner",5.993961427306569,3.711130063048756,0,0,1,5.958424693029782
4.8,0,1,0,0,0.0,0,0,0,0,1,0,TV & Video Displays,5.993961427306569,3.806440242853081,0,1,0,6.410174881966167
4.7,0,0,1,0,0.0,0,0,0,0,1,0,"Chargers, Adapters & Cables",6.2166061010848646,2.7239235502585,0,0,1,11.18375450901049
4.6,0,1,0,0,0.0,0,0,0,0,1,0,"Office Supplies, Ink & Toner",4.61512051684126,5.308218191225299,0,0,1,2.19722457733622
4.5,0,0,0,0,0.0,0,0,0,0,1,0,"Office Supplies, Ink & Toner",5.303304908059076,5.3981627015177525,0,0,1,4.477336814478207
4.6,0,0,0,0,0.0,0,0,0,0,1,0,Laptops,0.0,8.60337088765729,1,0,0,3.1354942159291497
4.7,0,0,0,0,0.0,0,0,0,0,1,0,"Office Supplies, Ink & Toner",4.61512051684126,5.669501540679327,0,0,1,5.846438775057725
4.2,0,1,0,0,0.0,0,0,0,0,1,0,"Audio, Sound & Recording Gear",5.707110264748875,3.6373229671995344,0,1,0,8.37816098272068
4.7,0,1,1,0,0.0,0,0,0,0,1,0,"Office Supplies, Ink & Toner",6.398594934535208,3.1350593387750902,0,1,0,8.918917979908679
4.5,0,1,0,0,0.12,0,0,0,0,1,0,Cameras & Photography,5.707110264748875,5.141605075260502,0,0,1,6.293419278846481
4.3,0,1,0,0,0.11,0,0,0,0,1,0,TV & Video Displays,4.61512051684126,5.638319081511895,0,0,1,7.787382026484701
4.3,0,1,0,0,0.0,0,0,0,0,1,0,Computer Peripherals,6.90875477931522,1.928618651945252,0,1,0,9.496270911389155
4.8,0,1,0,0,0.1,0,0,0,0,1,0,PC Components,5.707110264748875,3.931629535067065,0,1,0,4.30406509320417
4.3,0,1,0,0,0.33,0,0,0,0,1,0,"Audio, Sound & Recording Gear",5.303304908059076,4.330601752681694,0,0,1,7.007600613951853
4.6,0,0,0,0,0.0,0,0,0,0,1,0,"Office Supplies, Ink & Toner",5.303304908059076,4.671800268285854,0,0,1,6.966024187106113
4.7,0,1,0,0,0.0,0,0,0,0,1,0,PC Components,5.993961427306569,4.262539022051294,0,1,0,8.668711839055147
3.7,0,1,0,0,0.11,0,0,0,0,1,0,Computer Peripherals,4.61512051684126,5.19844178112078,0,0,1,5.910796644040527
4.2,0,0,0,0,0.0,0,0,0,0,1,0,Storage & Memory Cards,4.61512051684126,5.098951375144823,0,0,1,3.091042453358316
4.8,0,0,0,0,0.0,0,0,0,0,1,0,"Office Supplies, Ink & Toner",5.303304908059076,4.671800268285854,0,0,1,6.639875833826536
4.5,0,0,0,0,0.0,0,0,0,0,1,0,Tablets & E-readers (DEVICES ONLY),5.303304908059076,3.714303506454095,0,1,0,8.87640491500694
4.5,0,1,0,0,0.0,0,0,0,0,1,0,Cameras & Photography,5.707110264748875,4.3943256902608985,0,0,1,5.655991810819852
4.6,0,1,0,0,0.0,0,0,0,0,1,0,Cameras & Photography,5.993961427306569,4.233381604239311,0,1,0,6.835184586147301
4.1,0,1,0,0,0.0,0,0,0,0,1,0,Small Gadget Accessories (Cases & Protectors),5.707110264748875,3.7133281345162463,0,0,1,5.308267697401205
4.6,0,1,0,0,0.16,0,0,0,0,1,0,Computer Peripherals,6.2166061010848646,3.2577118486533987,0,1,0,8.319717386850606
4.7,0,1,0,0,0.0,0,0,0,0,1,0,Smart Home & Security,5.707110264748875,3.9116229254068062,0,0,1,3.688879454113936
4.3,0,1,0,0,0.23,0,0,0,0,1,0,Computer Peripherals,5.993961427306569,3.6373229671995344,0,0,1,6.715383386334681
4.5,0,1,0,0,0.0,0,0,0,0,1,0,PC Components,4.61512051684126,4.9486889658772695,0,0,1,4.859812404361672
4.4,0,1,0,0,0.0,0,0,0,0,1,0,TV & Video Displays,5.303304908059076,5.141605075260502,0,0,1,4.812184355372417
3.4,0,0,0,0,0.0,0,0,0,0,1,0,"Office Supplies, Ink & Toner",4.61512051684126,5.480638923341991,0,0,1,2.3978952727983707
4.7,0,1,0,0,0.08,0,0,0,0,1,0,Cameras & Photography,3.9318256327243257,7.863266724009573,1,0,0,5.8522024797744745
4.4,0,1,0,0,0.12,0,0,0,0,1,0,Small Gadget Accessories (Cases & Protectors),5.993961427306569,3.7133281345162463,0,0,1,6.135564891081739
4.5,0,1,0,0,0.14,0,0,0,0,1,0,Mobile Cell Phones & Smartphones,5.993961427306569,4.262539022051294,0,0,1,8.537387898701757
4.7,0,0,0,0,0.0,0,0,0,0,1,0,"Office Supplies, Ink & Toner",5.303304908059076,4.330601752681694,0,0,1,6.263398262591624
4.5,0,1,0,1,0.18,0,0,0,0,1,0,"Office Supplies, Ink & Toner",5.707110264748875,4.631227720307381,0,0,1,8.57376254290413
4.2,0,1,0,0,0.0,0,0,0,0,1,0,"Office Supplies, Ink & Toner",4.61512051684126,5.707077041605631,0,0,1,5.7899601708972535
4.4,0,1,1,0,0.0,0,0,0,0,1,0,"Audio, Sound & Recording Gear",5.707110264748875,4.025173103360802,0,0,1,7.8252452914317745
4.7,0,0,0,0,0.0,0,0,0,0,1,0,Power & Batteries,5.993961427306569,2.7656899805486246,0,0,1,7.045776576879511
4.3,0,1,0,0,0.1,0,0,0,0,1,0,Wearables,5.707110264748875,4.6150215020384655,0,0,1,8.451907724717607
4.6,0,1,0,0,0.0,0,0,0,0,1,0,Small Gadget Accessories (Cases & Protectors),5.993961427306569,3.663305202994506,0,0,1,6.673297967767654
4.2,0,1,0,0,0.0,0,0,0,0,1,0,"Audio, Sound & Recording Gear",4.61512051684126,6.2689826408855245,1,0,0,4.158883083359672
5.0,0,0,0,0,0.0,0,0,0,0,1,0,"Office Supplies, Ink & Toner",0.0,6.232231883175741,1,0,0,0.6931471805599453
4.5,0,0,0,0,0.0,0,0,0,0,1,0,Laptops,3.9318256327243257,7.467371066917559,1,0,0,2.70805020110221
4.4,0,0,0,0,0.0,0,0,0,0,1,0,Wearables,0.0,2.63834278867739,0,1,0,4.143134726391533
4.6,0,1,0,0,0.15,0,0,0,0,1,0,Tablets & E-readers (DEVICES ONLY),6.2166061010848646,3.0440461338325417,0,1,0,9.019058793810718
4.8,0,0,0,0,0.0,0,0,0,0,1,0,Computer Peripherals,4.61512051684126,5.4537814691721085,0,0,1,3.1780538303479458
4.5,0,1,0,0,0.13,0,0,0,0,1,0,Video Game Consoles & Virtual Reality,4.61512051684126,6.21658614080582,0,0,1,7.617267813628347
4.1,0,1,1,0,0.0,0,0,0,0,1,0,"Audio, Sound & Recording Gear",5.303304908059076,4.110709916308365,0,0,1,5.575949103146316
4.7,0,1,0,0,0.1,0,0,0,0,1,0,"Chargers, Adapters & Cables",6.2166061010848646,3.39484390768998,0,0,1,3.80666248977032
4.7,0,1,0,0,0.11,0,0,0,0,1,0,Power & Batteries,6.2166061010848646,3.279029747687948,0,0,1,6.444131256700441
4.7,0,1,0,0,0.0,0,0,0,0,1,0,"Office Supplies, Ink & Toner",5.993961427306569,3.4657359027997265,0,0,1,5.170483995038151
3.9,0,0,0,0,0.0,0,0,0,0,1,0,"Audio, Sound & Recording Gear",5.303304908059076,5.064997208782266,0,0,1,6.907755278982137
4.0,0,1,0,0,0.0,0,0,0,0,1,0,Printers & Scanners (Hardware),4.61512051684126,5.241799923712865,0,0,1,3.6635616461296463
4.6,0,0,0,0,0.0,0,0,0,0,1,0,Computer Peripherals,4.61512051684126,4.614625344758847,0,0,1,2.9444389791664403
4.2,0,0,1,0,0.0,0,0,0,0,1,0,"Office Supplies, Ink & Toner",4.61512051684126,6.290346169813363,1,0,0,6.505784060128229
4.7,0,1,0,0,0.3,0,0,0,0,1,0,"Office Supplies, Ink & Toner",6.55250788703459,2.8981194446869907,0,1,0,6.892641641172089
4.7,0,1,0,0,0.09,0,0,0,0,1,0,"Office Supplies, Ink & Toner",5.707110264748875,4.3819016268607305,0,0,1,6.498282149476434
4.4,0,0,1,0,0.0,0,0,0,0,1,0,Laptops,5.303304908059076,5.017279836814924,0,0,1,8.760766624241956
4.3,0,1,0,0,0.0,0,0,0,0,1,0,Small Gadget Accessories (Cases & Protectors),6.2166061010848646,2.995232148512309,0,1,0,8.319717386850606
4.7,0,1,0,0,0.0,0,0,0,0,1,0,Small Gadget Accessories (Cases & Protectors),5.707110264748875,4.948405217560121,0,0,1,5.641907070938114
4.6,0,0,0,0,0.08,0,0,0,0,1,0,Small Gadget Accessories (Cases & Protectors),6.2166061010848646,3.2577118486533987,0,0,1,10.182784568453467
4.4,0,1,0,0,0.36,0,0,0,0,1,0,Wearables,5.707110264748875,4.5107496103686,0,0,1,5.365976015021851
4.5,0,1,0,0,0.25,0,0,0,0,1,0,PC Components,5.993961427306569,4.233961566558017,0,1,0,7.643003635560718
4.5,0,1,0,0,0.06,0,0,0,0,1,0,Small Gadget Accessories (Cases & Protectors),6.2166061010848646,2.8898160479624417,0,1,0,5.82600010738045
4.5,0,1,0,0,0.28,0,0,0,0,1,0,"Office Supplies, Ink & Toner",6.55250788703459,3.0281994636914926,0,1,0,7.744569809354496
4.6,0,1,0,0,0.0,0,0,0,0,1,0,TV & Video Displays,6.2166061010848646,1.9671123567059163,0,1,0,10.02273618035412
4.4,0,1,0,0,0.0,0,0,0,0,1,0,"Audio, Sound & Recording Gear",5.707110264748875,3.988798844230196,0,0,1,6.135564891081739
4.3,0,0,0,0,0.0,0,0,0,0,1,0,Computer Peripherals,5.707110264748875,3.8916161956504833,0,0,1,6.866933284461882
4.7,0,1,0,0,0.0,0,0,0,0,1,0,"Audio, Sound & Recording Gear",5.303304908059076,5.252221070655064,0,0,1,7.00033446027523
4.7,0,1,0,0,0.0,0,0,0,0,1,0,Wearables,5.993961427306569,3.9869449319454056,0,0,1,7.046647277848756
4.6,0,1,0,0,0.19,0,0,0,0,1,0,Smart Home & Security,6.2166061010848646,3.58324112209094,0,1,0,7.501082124259871
4.8,0,1,0,0,0.2,0,0,0,0,1,0,Computer Peripherals,6.398594934535208,2.771963526845863,0,1,0,8.073091199693154
4.6,0,0,0,0,0.0,0,0,0,0,1,0,TV & Video Displays,5.303304908059076,4.983538126211888,0,0,1,2.772588722239781
4.6,0,1,0,0,0.0,0,0,0,0,1,0,Power & Batteries,6.90875477931522,1.6054298910365616,0,1,0,7.703910209616311
4.6,0,1,0,0,0.0,0,0,0,0,1,0,"Office Supplies, Ink & Toner",6.2166061010848646,2.8524391037275145,0,1,0,7.686162303492906
4.4,0,1,0,0,0.0,0,0,0,0,1,0,Small Gadget Accessories (Cases & Protectors),5.707110264748875,4.795707897553386,0,0,1,7.517520850603031
4.6,0,0,0,0,0.0,0,0,0,0,1,0,"Audio, Sound & Recording Gear",5.303304908059076,4.560591142590124,0,0,1,6.612041034833092
4.4,0,0,0,0,0.0,0,0,0,0,1,0,Other Electronics,5.303304908059076,4.927181218763463,0,0,1,5.54907608489522
4.2,0,1,0,0,0.0,0,0,0,0,1,0,Laptops,4.61512051684126,5.521460917862246,0,0,1,5.476463551931511
4.6,0,0,0,0,0.0,0,0,0,0,1,0,Laptops,5.707110264748875,4.382026634673881,0,1,0,4.663439094112067
4.5,0,1,0,0,0.0,0,0,0,0,1,0,Small Gadget Accessories (Cases & Protectors),6.55250788703459,2.63834278867739,0,1,0,11.13515820530174
4.6,0,1,0,0,0.06,0,0,0,0,1,0,"Chargers, Adapters & Cables",5.303304908059076,4.69125613490122,1,0,0,8.561784074744113
4.5,0,0,0,0,0.0,0,0,0,0,1,0,Laptops,3.9318256327243257,7.186136734470963,0,0,1,2.70805020110221
4.7,0,1,0,0,0.0,0,0,0,0,1,0,Small Gadget Accessories (Cases & Protectors),6.90875477931522,1.809926773183504,0,1,0,8.192570471152173
3.7,0,0,0,0,0.0,0,0,0,0,1,0,Computer Peripherals,4.61512051684126,5.940144936584692,1,0,0,4.290459441148391
4.8,0,0,0,0,0.0,0,0,0,0,1,0,PC Components,4.61512051684126,4.6150215020384655,0,0,1,4.143134726391533
4.0,0,1,0,0,0.0,0,0,0,0,1,0,Wearables,5.303304908059076,4.663439094112067,0,0,1,5.389071729816501
4.4,0,1,1,0,0.0,0,0,0,0,1,0,Cameras & Photography,4.61512051684126,5.017213609456379,0,0,1,4.836281906951478
4.4,0,0,0,0,0.0,0,0,0,0,1,0,Computer Peripherals,3.9318256327243257,7.438965713483813,1,0,0,4.564348191467836
4.8,0,1,0,0,0.14,0,0,0,0,1,0,Small Gadget Accessories (Cases & Protectors),6.90875477931522,2.0781907597781832,0,1,0,5.43372200355424
4.4,0,1,0,0,0.0,0,0,0,0,1,0,Computer Peripherals,4.61512051684126,5.117933930384341,0,0,1,8.768418726857403
4.6,0,0,0,0,0.0,0,0,0,0,1,0,PC Components,4.61512051684126,5.081342251254203,0,0,1,4.356708826689592
4.6,0,1,1,0,0.29,0,0,0,0,1,0,TV & Video Displays,4.61512051684126,4.875120984409557,0,0,1,8.555836815008442
4.7,0,1,0,0,0.18,0,0,0,0,1,0,"Office Supplies, Ink & Toner",5.993961427306569,3.22207071576472,0,1,0,6.677083461247136
4.1,0,1,0,0,0.0,0,0,0,0,1,0,Wearables,5.303304908059076,5.062531739884758,0,0,1,4.143134726391533
4.6,0,0,0,0,0.0,0,0,0,0,1,0,Small Gadget Accessories (Cases & Protectors),5.707110264748875,4.112020747235043,0,0,1,5.153291594497779
4.7,0,1,0,0,0.0,0,0,0,0,1,0,Cameras & Photography,0.0,8.242493153187626,1,0,0,5.739792912179234
4.5,0,1,0,0,0.0,0,0,0,0,1,0,Laptops,3.9318256327243257,6.364750756851911,0,0,1,3.5263605246161616
4.3,0,1,0,0,0.0,0,0,0,0,1,0,Laptops,4.61512051684126,6.29340079438729,0,0,1,4.31748811353631
4.5,0,1,0,0,0.0,0,0,0,0,1,0,TV & Video Displays,5.303304908059076,4.575638383382054,0,0,1,9.02509454366498
4.4,0,0,0,0,0.0,0,0,0,0,1,0,"Office Supplies, Ink & Toner",5.993961427306569,3.76096753050819,0,0,1,7.631431664576906
4.3,0,1,1,0,0.0,0,0,0,0,1,0,TV & Video Displays,4.61512051684126,5.700443573390687,0,0,1,5.8664680569332965
4.7,0,1,0,0,0.11,0,0,0,0,1,0,Computer Peripherals,4.61512051684126,5.252221070655064,0,0,1,10.501279552279218
4.6,1,1,0,0,0.0,0,0,0,0,1,0,Power & Batteries,5.707110264748875,2.39698576841553,0,0,1,4.990432586778736
4.7,0,1,0,0,0.0,0,0,0,0,1,0,Storage & Memory Cards,5.707110264748875,3.433664571799657,0,0,1,6.52649485957079
4.3,0,0,0,0,0.0,0,0,0,0,1,0,"Audio, Sound & Recording Gear",5.303304908059076,4.662967284714308,0,0,1,8.401108712395436
4.6,0,1,0,0,0.33,0,0,0,0,1,0,"Chargers, Adapters & Cables",6.2166061010848646,2.7713379403381286,0,0,1,7.01301578963963
4.3,0,1,0,0,0.05,0,0,0,0,1,0,Mobile Cell Phones & Smartphones,5.303304908059076,4.563827222453709,0,0,1,7.01571242048723
4.6,0,1,0,0,0.0,0,0,0,0,1,0,Computer Peripherals,5.303304908059076,4.795707897553386,0,0,1,4.382026634673881
4.0,0,1,0,0,0.0,0,0,0,0,1,0,"Chargers, Adapters & Cables",5.303304908059076,4.795707897553386,1,0,0,6.551080335043404
4.7,0,1,1,0,0.18,0,0,0,0,1,0,Computer Peripherals,5.707110264748875,4.795707897553386,0,0,1,8.934586870389676
4.7,0,1,0,0,0.0,0,0,0,0,1,0,Storage & Memory Cards,4.61512051684126,4.9486889658772695,0,0,1,5.552959584921617
4.5,0,1,1,0,0.3,0,0,0,0,1,0,Computer Peripherals,5.993961427306569,3.433664571799657,0,1,0,6.810142450115136
4.4,0,1,0,0,0.0,0,0,0,0,1,0,"Office Supplies, Ink & Toner",5.303304908059076,5.404027820970151,0,0,1,4.543294782270004
4.6,0,0,1,0,0.0,0,0,0,0,1,0,Computer Peripherals,5.707110264748875,3.663305202994506,0,0,1,11.82644339869352
4.1,0,1,0,0,0.05,0,0,0,0,1,0,Storage & Memory Cards,5.993961427306569,4.418720118610357,0,0,1,2.8903717578961645
4.3,0,1,0,0,0.14,0,0,0,0,1,0,Computer Peripherals,5.993961427306569,3.58324112209094,0,1,0,4.343805421853684
4.6,0,1,0,0,0.0,0,0,0,0,1,0,"Office Supplies, Ink & Toner",5.303304908059076,4.848116364598481,0,0,1,5.765191102784844
4.3,0,0,0,0,0.0,0,0,0,0,1,0,Laptops,4.61512051684126,5.214881408306002,0,0,1,6.089044875446846
4.6,0,1,1,0,0.06,0,0,0,0,1,0,Computer Peripherals,5.707110264748875,4.3943256902608985,0,0,1,5.3471075307174685
4.1,0,1,0,0,0.28,0,0,0,0,1,0,Cameras & Photography,5.993961427306569,4.018003328965378,0,1,0,6.38856140554563
4.4,0,0,0,0,0.0,0,0,0,0,1,0,"Office Supplies, Ink & Toner",6.68586094706836,2.9517803860248084,0,1,0,2.8903717578961645
4.7,0,0,0,0,0.0,0,0,0,0,1,0,"Office Supplies, Ink & Toner",6.2166061010848646,3.338967305126021,0,1,0,8.192016914536875
4.6,0,1,0,0,0.0,0,0,0,0,1,0,Other Electronics,6.68586094706836,2.8326249356838407,0,1,0,6.958448393297656
4.6,0,1,0,0,0.2,0,0,0,0,1,0,TV & Video Displays,4.61512051684126,5.521460917862246,0,0,1,8.114922974204593
4.6,0,1,0,0,0.0,0,0,0,0,1,0,Wearables,4.61512051684126,5.602081919829862,0,0,1,6.375024819828097
4.5,0,1,0,0,0.28,1,0,0,0,0,0,PC Components,5.303304908059076,4.8519521358677,0,0,1,4.8283137373023015
4.2,1,1,1,0,0.17,0,0,0,0,1,0,Small Gadget Accessories (Cases & Protectors),6.90875477931522,3.433664571799657,0,0,1,8.24380842366528
4.4,0,1,0,0,0.0,0,0,0,0,1,0,Power & Batteries,4.61512051684126,5.484755438853831,1,0,0,5.010635294096256
3.8,0,1,0,0,0.0,0,0,0,0,1,0,Other Electronics,5.707110264748875,3.5254777821724925,0,1,0,1.9459101490553128
4.8,0,1,1,0,0.33,0,0,0,0,1,0,"Office Supplies, Ink & Toner",6.398594934535208,3.332204510175204,0,1,0,9.474549088242322
4.4,0,1,0,0,0.0,0,0,0,0,1,0,Small Gadget Accessories (Cases & Protectors),6.2166061010848646,2.612273245708441,0,1,0,7.311886164077165
4.0,0,1,0,0,0.18,0,0,0,0,1,0,Networking,5.303304908059076,5.141546590598088,0,0,1,8.704833909687792
4.7,0,1,0,0,0.08,0,0,0,0,1,0,"Office Supplies, Ink & Toner",6.2166061010848646,3.218475744846861,0,1,0,7.628031126930335
4.1,0,1,0,0,0.0,0,0,0,0,1,0,PC Components,0.0,7.650163941195406,1,0,0,2.995732273553991
4.6,0,1,1,0,0.0,0,0,0,0,1,0,Laptops,4.61512051684126,5.70694413799378,0,0,1,4.248495242049359
4.4,0,0,0,0,0.0,0,0,0,0,1,0,Small Gadget Accessories (Cases & Protectors),5.303304908059076,3.869324250895031,0,0,1,6.74993119378857
4.0,0,1,0,0,0.0,0,0,0,0,1,0,Mobile Cell Phones & Smartphones,5.993961427306569,3.433664571799657,0,1,0,7.89989532313973
4.6,0,1,0,0,0.0,0,0,0,0,1,0,"Office Supplies, Ink & Toner",6.68586094706836,2.281361456542419,0,1,0,5.799092654460526
4.8,0,0,0,0,0.0,0,0,0,0,1,0,Computer Peripherals,5.303304908059076,4.795707897553386,0,0,1,4.795790545596741
4.2,0,1,0,0,0.0,0,0,0,0,1,0,Small Gadget Accessories (Cases & Protectors),5.993961427306569,3.9308447596687337,0,0,1,7.1592919047975645
4.7,0,1,0,0,0.0,0,0,0,0,1,0,"Chargers, Adapters & Cables",5.707110264748875,4.330601752681694,0,0,1,4.290459441148391
4.3,0,1,0,0,0.07,0,0,0,0,1,0,Computer Peripherals,4.61512051684126,5.068841307160618,0,0,1,4.762173934797756
5.0,0,1,0,0,0.75,0,0,0,0,1,0,Wearables,5.303304908059076,4.795707897553386,0,0,1,2.995732273553991
4.3,0,1,0,0,0.2,0,0,0,0,1,0,Cameras & Photography,5.707110264748875,4.110709916308365,0,1,0,5.003946305945459
4.4,0,1,1,0,0.22,0,0,0,0,1,0,TV & Video Displays,3.9318256327243257,6.111445166307853,0,0,1,4.143134726391533
4.1,0,1,0,0,0.0,0,0,0,0,1,0,PC Components,3.9318256327243257,7.170880792087884,1,0,0,2.6390573296152584
4.6,0,1,0,0,0.0,0,0,0,0,1,0,TV & Video Displays,4.61512051684126,5.703782474656201,0,0,1,7.379632152609552
4.4,0,1,0,0,0.27,0,0,0,0,1,0,"Chargers, Adapters & Cables",5.993961427306569,3.6635616461296463,0,0,1,6.190315405853148
4.2,0,0,0,0,0.0,0,0,0,0,1,0,"Office Supplies, Ink & Toner",4.61512051684126,5.450566239085699,0,0,1,4.812184355372417
4.0,0,1,0,0,0.15,0,0,0,0,1,0,"Chargers, Adapters & Cables",5.303304908059076,4.6150215020384655,0,0,1,6.7580945044277305
3.9,0,0,0,0,0.0,0,0,0,0,1,0,PC Components,5.303304908059076,4.9486889658772695,0,0,1,8.372860820526318
4.2,0,1,0,0,0.0,0,0,0,0,1,0,Other Electronics,5.303304908059076,5.003879189599248,0,0,1,6.687108607866515
4.3,0,1,0,0,0.0,0,0,0,0,1,0,Laptops,4.61512051684126,5.991464547107982,0,0,1,6.356107660695892
3.2,0,1,0,0,0.17,0,0,0,0,1,0,Networking,5.303304908059076,4.795707897553386,0,0,1,2.70805020110221
2.8,0,1,0,0,0.0,0,0,0,0,1,0,Storage & Memory Cards,4.61512051684126,6.255730847711197,1,0,0,2.5649493574615367
4.4,0,1,0,0,0.0,0,0,0,0,1,0,TV & Video Displays,4.61512051684126,6.589600253246707,0,0,1,6.192362489474872
4.6,0,1,0,0,0.0,0,0,0,0,1,0,Laptops,5.993961427306569,4.110873864173311,0,1,0,3.610917912644224
4.4,0,0,0,0,0.0,0,0,0,0,1,0,"Office Supplies, Ink & Toner",4.61512051684126,5.161867433410139,0,0,1,3.4011973816621555
4.2,0,1,0,0,0.0,0,0,0,0,1,0,TV & Video Displays,5.303304908059076,4.709440107163888,0,0,1,4.852030263919617
4.5,0,1,0,1,0.0,0,0,0,0,1,0,Computer Peripherals,6.2166061010848646,2.39698576841553,0,1,0,9.795178249029275
4.8,0,0,0,0,0.0,0,0,0,0,1,0,Storage & Memory Cards,5.303304908059076,3.366950942933564,0,0,1,8.3133619511344
4.4,0,1,0,0,0.0,0,0,0,0,1,0,Computer Peripherals,5.303304908059076,5.860757733031528,0,0,1,5.575949103146316
4.6,0,1,0,0,0.33,0,0,0,0,1,0,"Chargers, Adapters & Cables",6.2166061010848646,3.0440461338325417,0,0,1,6.684611727667927
4.3,0,1,0,0,0.0,0,0,0,0,1,0,"Audio, Sound & Recording Gear",5.303304908059076,5.135739611790679,0,0,1,7.38770923908104
4.4,0,1,0,0,0.05,0,0,0,0,1,0,Storage & Memory Cards,6.2166061010848646,2.3513752571634776,0,1,0,8.067462667010057
4.6,0,0,0,0,0.0,0,0,0,0,1,0,Small Gadget Accessories (Cases & Protectors),6.2166061010848646,2.39698576841553,0,1,0,6.97914527506881
3.7,0,0,0,0,0.0,0,0,0,0,1,0,Computer Peripherals,6.2166061010848646,3.0577676644734435,0,1,0,6.551080335043404
4.6,0,1,0,0,0.2,0,0,0,0,1,0,Computer Peripherals,4.61512051684126,5.638319081511895,0,0,1,4.0943445622221
3.9,0,1,1,0,0.0,0,0,0,0,1,0,"Office Supplies, Ink & Toner",5.707110264748875,5.252221070655064,0,0,1,7.518064181233078
4.6,0,0,0,0,0.0,0,0,0,0,1,0,Cameras & Photography,4.61512051684126,5.799092654460526,0,0,1,7.848543482456679
4.5,0,1,0,0,0.0,0,0,0,0,1,0,"Audio, Sound & Recording Gear",6.2166061010848646,3.5304697173662944,0,1,0,8.932872621931374
3.8,0,1,0,0,0.15,0,0,0,0,1,0,Cameras & Photography,5.993961427306569,3.7133281345162463,0,1,0,5.60947179518496
4.7,0,1,0,0,0.07,0,0,0,0,1,0,"Chargers, Adapters & Cables",5.993961427306569,3.4654233539614268,0,0,1,5.4638318050256105
4.4,0,1,0,0,0.0,0,0,0,0,1,0,TV & Video Displays,3.9318256327243257,6.194405391104672,0,0,1,5.204006687076795
5.0,0,0,0,0,0.0,0,0,0,0,1,0,Cameras & Photography,3.9318256327243257,7.6236370589140945,1,0,0,2.079441541679836
4.8,0,1,0,0,0.07,0,0,0,0,1,0,"Audio, Sound & Recording Gear",3.9318256327243257,7.313880169386086,1,0,0,1.791759469228055
4.6,0,1,0,0,0.46,0,0,0,0,1,0,"Office Supplies, Ink & Toner",5.707110264748875,4.334672938290411,0,0,1,5.996452088619021
4.6,0,1,0,0,0.11,0,0,0,0,1,0,"Office Supplies, Ink & Toner",5.993961427306569,3.610377225958979,0,0,1,6.683360945766275
4.5,0,1,1,0,0.0,0,0,0,0,1,0,"Chargers, Adapters & Cables",6.90875477931522,2.652537491171952,0,1,0,9.017604776833355
4.6,0,0,0,0,0.0,0,0,0,0,1,0,Laptops,4.61512051684126,6.579251212010101,0,0,1,3.9889840465642745
4.2,0,0,0,0,0.0,0,0,0,0,1,0,Power & Batteries,5.303304908059076,4.7586635069452,1,0,0,6.208590026096629
4.8,0,0,0,0,0.0,0,0,0,0,1,0,Power & Batteries,6.2166061010848646,3.340030946424668,0,0,1,6.736966958001855
4.0,0,1,0,0,0.0,0,0,0,0,1,0,Wearables,5.303304908059076,4.330601752681694,0,0,1,3.4011973816621555
4.7,0,0,0,0,0.0,0,0,0,0,1,0,"Audio, Sound & Recording Gear",6.2166061010848646,3.9166124577619534,0,1,0,3.6375861597263857
4.6,0,1,0,0,0.0,0,0,0,0,1,0,Cameras & Photography,5.303304908059076,5.176149732573829,0,0,1,6.206575926724928
4.7,0,1,0,0,0.14,0,0,0,0,1,0,"Audio, Sound & Recording Gear",5.993961427306569,3.8284239815518326,0,1,0,8.535425959677298
4.4,0,1,0,0,0.0,0,0,0,0,1,0,"Audio, Sound & Recording Gear",5.303304908059076,4.700480365792417,0,0,1,6.023447592961033
4.8,0,1,0,0,0.32,0,0,0,0,1,0,"Office Supplies, Ink & Toner",6.55250788703459,2.8970163006148333,0,1,0,7.724446645633537
4.5,0,1,0,0,0.3,0,0,0,0,1,0,"Audio, Sound & Recording Gear",5.707110264748875,4.5107496103686,0,0,1,4.859812404361672
4.5,0,0,0,0,0.0,0,0,0,0,1,0,TV & Video Displays,3.9318256327243257,5.7461073393012025,0,0,1,6.664409020350408
4.8,0,0,0,0,0.0,0,0,0,0,1,0,"Office Supplies, Ink & Toner",5.303304908059076,4.380650688493951,0,0,1,6.184148890937483
4.5,0,0,0,0,0.08,0,0,0,0,1,0,Other Electronics,6.2166061010848646,3.664842876285695,0,1,0,6.139884552226255
3.8,0,0,1,0,0.0,0,0,0,0,1,0,Printers & Scanners (Hardware),3.9318256327243257,6.758082889958425,1,0,0,2.833213344056216
4.4,0,0,0,0,0.0,0,0,0,0,1,0,Cameras & Photography,4.61512051684126,5.906151726753934,0,0,1,6.658011045870748
4.6,0,1,0,0,0.09,0,0,0,0,1,0,Computer Peripherals,6.2166061010848646,3.1780538303479458,0,1,0,6.182084906716632
4.4,0,1,0,0,0.0,0,0,0,0,1,0,PC Components,5.303304908059076,4.262539022051294,0,1,0,8.15507488781144
4.0,0,0,0,0,0.0,0,0,0,0,1,0,Computer Peripherals,4.61512051684126,5.71042701737487,0,0,1,4.477336814478207
4.8,0,1,0,0,0.0,0,0,0,0,1,0,Computer Peripherals,5.707110264748875,4.329416684401584,0,0,1,2.9444389791664403
4.4,0,1,0,0,0.0,1,0,0,0,0,0,Smart Home & Security,5.707110264748875,4.02535169073515,0,0,1,5.8944028342648505
4.0,0,1,0,0,0.07,0,0,0,0,1,0,Smart Home & Security,5.303304908059076,4.6149224774307696,0,0,1,7.130098510125578
4.6,0,1,0,0,0.18,0,0,0,0,1,0,"Office Supplies, Ink & Toner",5.303304908059076,4.83723383467686,0,0,1,6.318968113746434
4.5,0,1,0,0,0.0,0,0,0,0,1,0,"Office Supplies, Ink & Toner",6.90875477931522,1.885553348514416,0,1,0,6.206575926724928
4.3,0,1,0,0,0.13,0,0,0,0,1,0,PC Components,5.303304908059076,5.017213609456379,0,0,1,6.633318433280377
4.1,0,1,0,0,0.0,0,0,0,0,1,0,Wearables,6.2166061010848646,3.349904087274605,0,1,0,8.871224644409553
4.6,0,1,0,0,0.0,0,0,0,0,1,0,Wearables,4.61512051684126,5.94277312806309,0,0,1,8.292298107063221
4.2,0,1,0,0,0.0,0,0,0,0,1,0,Laptops,3.9318256327243257,6.242203810012991,0,0,1,5.60947179518496
4.0,0,1,0,0,0.2,0,0,0,0,1,0,PC Components,4.61512051684126,4.709259894512472,0,0,1,3.6635616461296463
4.7,0,0,0,0,0.0,0,0,0,0,1,0,Wearables,5.303304908059076,4.875120984409557,0,0,1,9.62832676063802
4.7,0,1,1,0,0.0,0,0,0,0,1,0,Power & Batteries,5.707110264748875,3.8556642717587617,0,0,1,7.854381210652365
4.7,0,1,0,0,0.0,0,0,0,0,1,0,Storage & Memory Cards,3.9318256327243257,6.302618975744905,1,0,0,5.4638318050256105
4.7,0,0,0,0,0.0,0,0,0,0,1,0,"Audio, Sound & Recording Gear",3.9318256327243257,7.937728205100218,1,0,0,5.225746673713202
4.1,0,0,0,0,0.0,0,0,0,0,1,0,Video Game Consoles & Virtual Reality,4.61512051684126,5.3981627015177525,0,0,1,6.602587892189336
4.3,0,1,0,0,0.1,0,0,0,0,1,0,Small Gadget Accessories (Cases & Protectors),5.303304908059076,4.6150215020384655,0,0,1,5.6937321388027
4.4,0,1,0,0,0.0,0,0,0,0,1,0,Computer Peripherals,4.61512051684126,4.927253685157205,0,0,1,7.15305163493748
4.1,0,1,0,0,0.0,0,0,0,0,1,0,TV & Video Displays,5.303304908059076,4.5107496103686,0,0,1,1.791759469228055
4.4,0,0,1,0,0.33,0,0,0,0,1,0,Small Gadget Accessories (Cases & Protectors),6.2166061010848646,3.610647605844363,0,0,1,8.693999567522082
4.2,0,1,0,0,0.0,0,0,0,0,1,0,"Office Supplies, Ink & Toner",4.61512051684126,5.643147436118846,0,0,1,6.049733455231958
4.3,0,1,0,0,0.27,0,0,0,0,1,0,Power & Batteries,6.398594934535208,2.611539300721366,0,0,1,7.311886164077165
4.6,0,1,0,0,0.0,0,0,0,0,1,0,PC Components,4.61512051684126,5.484755438853831,0,0,1,5.605802066295998
4.3,0,1,1,0,0.0,0,0,0,0,1,0,"Audio, Sound & Recording Gear",4.61512051684126,5.302757494574058,0,0,1,4.61512051684126
4.7,0,1,0,0,0.29,1,0,0,0,0,0,"Chargers, Adapters & Cables",6.90875477931522,2.301584592660462,0,1,0,9.138629524422182
4.8,0,0,0,0,0.0,0,0,0,0,1,0,Networking,5.303304908059076,4.984496636486561,0,0,1,4.330733340286331
4.3,0,0,0,0,0.0,0,0,0,0,1,0,"Office Supplies, Ink & Toner",4.61512051684126,5.01655109452556,0,0,1,2.3978952727983707
4.7,0,0,0,0,0.0,0,0,0,0,1,0,Laptops,4.61512051684126,6.274743188672893,0,0,1,4.672828834461906
4.3,0,0,0,0,0.0,0,0,0,0,1,0,"Office Supplies, Ink & Toner",4.61512051684126,6.047112097946797,1,0,0,4.262679877041316
4.6,0,1,0,0,0.0,0,0,0,0,1,0,Small Gadget Accessories (Cases & Protectors),6.2166061010848646,3.530762586016799,0,0,1,8.017307507688582
4.6,0,1,0,0,0.18,0,0,0,0,1,0,"Chargers, Adapters & Cables",6.2166061010848646,3.1350593387750902,0,0,1,8.352790135124629
4.5,0,1,0,0,0.0,0,0,0,0,1,0,Computer Peripherals,5.707110264748875,3.3568971227655755,0,1,0,5.4510384535657
4.5,0,1,0,0,0.0,0,0,0,0,1,0,Small Gadget Accessories (Cases & Protectors),6.2166061010848646,2.9439125248241944,0,1,0,6.823286122355687
4.6,0,0,0,0,0.0,0,0,0,0,1,0,"Office Supplies, Ink & Toner",5.303304908059076,4.380901001386372,0,0,1,9.351318965235755
3.9,0,1,0,0,0.4,0,0,0,0,1,0,Printers & Scanners (Hardware),5.303304908059076,5.707077041605631,0,0,1,5.313205979041787
4.1,0,1,0,0,0.25,0,0,0,0,1,0,Smart Home & Security,5.993961427306569,4.3943256902608985,0,0,1,7.010311867307229
4.6,0,0,0,0,0.12,0,0,0,0,1,0,TV & Video Displays,5.707110264748875,4.3943256902608985,0,0,1,7.658227526161352
4.1,0,1,0,0,0.0,0,0,0,0,1,0,TV & Video Displays,4.61512051684126,6.1092475827643655,0,0,1,6.664409020350408
4.6,0,1,0,0,0.0,0,0,0,0,1,0,PC Components,6.2166061010848646,3.4008639927609177,0,1,0,7.841885928984623
4.8,0,1,0,0,0.16,0,0,0,0,1,0,"Office Supplies, Ink & Toner",5.993961427306569,3.2577118486533987,0,1,0,7.356918242356021
4.3,0,1,0,0,0.23,0,0,0,0,1,0,PC Components,5.303304908059076,4.867457524419928,0,0,1,5.1298987149230735
4.4,0,0,0,0,0.0,0,0,0,0,1,0,Smart Home & Security,4.61512051684126,6.254251799026743,1,0,0,5.926926025970411
4.5,0,0,0,0,0.0,0,0,0,0,1,0,Computer Peripherals,4.61512051684126,5.278114659230517,0,0,1,3.80666248977032
4.4,0,1,0,0,0.0,0,0,0,0,1,0,TV & Video Displays,5.303304908059076,5.075173815233827,0,0,1,6.478509642208569
4.8,0,0,0,0,0.0,0,0,0,0,1,0,"Audio, Sound & Recording Gear",3.9318256327243257,6.999413343378745,1,0,0,3.1780538303479458
4.5,0,1,0,0,0.0,0,0,0,0,1,0,Power & Batteries,5.993961427306569,3.931629535067065,0,0,1,6.839476438228843
4.8,0,0,0,0,0.15,0,0,0,0,1,0,Video Game Consoles & Virtual Reality,0.0,3.6375861597263857,0,1,0,7.908019444632471
4.9,0,0,0,0,0.0,0,0,0,0,1,0,Cameras & Photography,4.61512051684126,6.601216531680051,0,0,1,5.942799375126701
4.4,0,1,0,0,0.15,0,0,0,0,1,0,Networking,4.61512051684126,6.066084887978432,0,0,1,2.4849066497880004
4.3,0,1,0,0,0.0,0,0,0,0,1,0,"Audio, Sound & Recording Gear",5.303304908059076,4.110709916308365,0,0,1,5.484796933490655
4.2,0,1,0,0,0.13,0,0,0,0,1,0,Other Electronics,5.303304908059076,4.969743852720179,0,0,1,7.116394144093465
4.1,0,1,0,0,0.0,0,0,0,0,1,0,Smart Home & Security,4.61512051684126,6.538125351882924,1,0,0,6.368187186350492
4.7,0,1,0,0,0.05,0,0,0,0,1,0,"Office Supplies, Ink & Toner",5.303304908059076,5.123904453822123,0,0,1,7.268920128193722
4.9,0,1,0,0,0.1,0,0,0,0,1,0,Small Gadget Accessories (Cases & Protectors),5.993961427306569,3.6373229671995344,0,0,1,3.970291913552122
4.3,0,1,0,0,0.14,0,0,0,0,1,0,Storage & Memory Cards,4.61512051684126,5.429301768343455,0,0,1,4.3694478524670215
4.6,0,0,0,0,0.0,0,0,0,0,1,0,PC Components,5.303304908059076,4.91228717107848,0,0,1,6.507277712385012
4.8,0,0,0,0,0.0,0,0,0,0,1,0,Cameras & Photography,6.2166061010848646,4.158570534521372,0,1,0,9.788974165747367
4.6,0,1,0,0,0.2,0,0,0,0,1,0,TV & Video Displays,5.993961427306569,3.58351893845611,0,1,0,5.68697535633982
4.4,0,0,0,0,0.0,0,0,0,0,1,0,Computer Peripherals,3.9318256327243257,6.552493621597604,1,0,0,6.437751649736401
4.6,0,1,0,0,0.0,0,0,0,0,1,0,Small Gadget Accessories (Cases & Protectors),6.398594934535208,3.1458749319837103,0,0,1,9.136047767394327
0.0,0,0,0,0,0.0,0,0,0,0,1,0,PC Components,0.0,6.996205620166021,1,0,0,0.0
4.7,0,1,0,0,0.0,0,0,0,0,1,0,Small Gadget Accessories (Cases & Protectors),5.707110264748875,3.663305202994506,0,0,1,6.095824562432225
4.5,0,1,0,0,0.0,0,0,0,0,1,0,Wearables,6.2166061010848646,2.995232148512309,0,1,0,8.816853240627426
4.2,0,1,0,0,0.17,0,0,0,0,1,0,Computer Peripherals,5.303304908059076,4.9486889658772695,0,0,1,4.787491742782046
3.4,0,0,0,0,0.0,0,0,0,0,1,0,Laptops,4.61512051684126,5.375278407684165,0,0,1,5.83773044716594
4.6,0,1,0,0,0.0,0,0,0,0,1,0,TV & Video Displays,3.9318256327243257,7.426549072397305,1,0,0,6.249975242259483
4.5,0,1,0,0,0.09,0,0,0,0,1,0,PC Components,4.61512051684126,5.814100680633255,0,0,1,4.532599493153256
4.5,0,0,0,0,0.2,0,0,0,0,1,0,Cameras & Photography,0.0,8.342601680684194,1,0,0,3.8918202981106265
4.2,0,0,0,0,0.0,0,0,0,0,1,0,Wearables,6.2166061010848646,3.1350593387750902,0,1,0,6.486160788944089
4.5,0,1,0,0,0.0,0,0,0,0,1,0,Computer Peripherals,6.2166061010848646,2.652537491171952,0,1,0,7.011213987350367
4.6,0,1,0,0,0.0,0,0,0,0,1,0,Small Gadget Accessories (Cases & Protectors),6.2166061010848646,3.663305202994506,0,0,1,5.916202062607435
4.6,0,1,0,0,0.0,0,0,0,0,1,0,Wearables,4.61512051684126,6.29156913955832,1,0,0,7.789868559054706
5.0,0,1,0,0,0.0,0,0,0,0,1,0,Laptops,3.9318256327243257,6.779921907472252,0,0,1,1.0986122886681098
4.4,0,1,0,0,0.23,0,0,0,0,1,0,TV & Video Displays,5.303304908059076,4.875120984409557,0,0,1,5.062595033026967
4.7,0,1,0,0,0.0,0,0,0,0,1,0,Power & Batteries,6.90875477931522,1.8702625307159984,0,1,0,8.013012110368916
4.8,0,1,1,0,0.0,0,0,0,0,1,0,"Office Supplies, Ink & Toner",6.68586094706836,2.349468678892896,0,1,0,6.364750756851911
4.6,0,0,0,0,0.0,0,0,0,0,1,0,Power & Batteries,6.2166061010848646,3.386083743852107,0,0,1,8.68609172787805
4.0,0,0,0,0,0.24,0,0,0,0,1,0,Networking,5.707110264748875,4.684905154006945,0,0,1,2.8903717578961645
4.6,0,1,0,0,0.13,0,0,0,0,1,0,PC Components,5.707110264748875,4.330601752681694,0,1,0,4.770684624465665
4.7,0,1,0,0,0.0,0,0,0,0,1,0,"Office Supplies, Ink & Toner",5.707110264748875,4.3943256902608985,0,0,1,7.40671073017764
4.2,0,1,0,0,0.0,0,1,0,0,0,0,Computer Peripherals,5.993961427306569,3.4011973816621555,0,1,0,5.318119993844216
4.7,0,1,0,0,0.0,0,0,0,0,1,0,"Chargers, Adapters & Cables",5.303304908059076,4.570578741218473,0,0,1,3.367295829986474
4.2,0,1,0,0,0.0,1,0,0,0,0,0,Printers & Scanners (Hardware),4.61512051684126,6.398578295461671,0,0,1,5.6937321388027
4.4,0,1,0,0,0.0,0,0,0,0,1,0,"Office Supplies, Ink & Toner",5.993961427306569,3.52311998561896,0,0,1,10.583144142913572
4.8,0,1,0,0,0.0,0,0,0,0,1,0,Storage & Memory Cards,5.303304908059076,4.30433532695801,0,0,1,4.934473933130692
3.8,0,1,0,0,0.11,0,0,0,0,1,0,Computer Peripherals,5.303304908059076,5.252221070655064,0,0,1,4.382026634673881
4.2,0,1,0,0,0.0,0,0,0,0,1,0,Cameras & Photography,5.993961427306569,3.67046086858992,0,1,0,9.532568788180548
4.4,0,1,0,0,0.16,0,0,0,0,1,0,"Audio, Sound & Recording Gear",5.303304908059076,4.058026299547989,0,0,1,3.58351893845611
4.3,0,1,0,0,0.0,0,0,0,0,1,0,Laptops,4.61512051684126,5.963579343618446,0,0,1,6.856461984594587
4.7,0,1,0,0,0.0,0,0,0,0,1,0,"Office Supplies, Ink & Toner",5.707110264748875,4.5107496103686,0,0,1,7.522400231387125
4.7,0,1,0,0,0.29,0,0,0,0,1,0,PC Components,5.303304908059076,4.605170185988092,0,0,1,9.208037722913508
4.9,0,0,0,0,0.0,0,0,0,0,1,0,Cameras & Photography,5.993961427306569,3.741471904233107,0,1,0,3.332204510175204
4.3,0,1,0,0,0.0,0,0,0,0,1,0,Laptops,5.993961427306569,3.366950942933564,0,1,0,9.247828816387177
4.2,0,1,0,0,0.0,0,0,0,0,1,0,Wearables,5.707110264748875,3.931629535067065,0,0,1,6.895682697747868
4.5,0,1,0,0,0.0,0,0,0,0,1,0,"Office Supplies, Ink & Toner",5.303304908059076,5.648269764725942,0,0,1,7.459914766241105
4.6,0,0,0,0,0.0,0,0,0,0,1,0,Mobile Cell Phones & Smartphones,5.303304908059076,5.225692908827035,0,0,1,8.843470781627381
4.4,0,1,0,0,0.0,0,0,0,0,1,0,Laptops,5.707110264748875,4.23945449739721,0,1,0,3.4011973816621555
4.4,0,1,1,0,0.0,0,0,0,0,1,0,"Office Supplies, Ink & Toner",6.55250788703459,2.995232148512309,0,1,0,8.862908295118627
4.7,0,1,0,0,0.0,0,0,0,0,1,0,"Office Supplies, Ink & Toner",6.55250788703459,2.652537491171952,0,1,0,7.48324441607385
4.5,0,0,0,0,0.0,0,0,0,0,1,0,Cameras & Photography,3.9318256327243257,7.380579925414574,0,0,1,5.955837369464831
4.2,0,1,0,0,0.25,0,0,0,0,1,0,Small Gadget Accessories (Cases & Protectors),6.2166061010848646,3.0440461338325417,0,1,0,9.269646477873591
4.6,0,0,0,0,0.19,0,0,0,0,1,0,"Audio, Sound & Recording Gear",5.993961427306569,3.6373229671995344,0,1,0,8.597297435657898
4.1,0,0,0,0,0.15,0,0,0,0,1,0,PC Components,4.61512051684126,6.530863050360161,0,0,1,1.9459101490553128
4.6,0,1,0,0,0.0,0,0,0,0,1,0,"Chargers, Adapters & Cables",5.303304908059076,4.795707897553386,1,0,0,6.887552571664617
4.0,0,1,0,0,0.0,0,0,0,0,1,0,TV & Video Displays,4.61512051684126,6.552493621597604,0,0,1,5.003946305945459
4.6,0,1,0,0,0.0,0,0,0,0,1,0,"Office Supplies, Ink & Toner",5.303304908059076,4.795707897553386,0,0,1,7.409136443920128
4.2,0,1,0,0,0.0,0,0,0,0,1,0,"Audio, Sound & Recording Gear",4.61512051684126,4.966265346360316,0,0,1,8.791638037085997
4.2,0,1,0,0,0.0,0,0,0,0,1,0,Laptops,4.61512051684126,5.860757733031528,0,0,1,4.882801922586371
4.8,0,1,0,0,0.0,0,0,0,0,1,0,Other Electronics,4.61512051684126,4.976733742420574,0,0,1,6.0330862217988015
4.6,0,0,0,0,0.0,0,0,0,0,1,0,TV & Video Displays,4.61512051684126,5.111927545578128,0,0,1,7.716460800176355
4.7,0,1,0,0,0.0,0,0,0,0,1,0,Cameras & Photography,3.9318256327243257,7.243512974665482,0,0,1,5.0238805208462765
4.5,0,0,0,0,0.0,0,0,0,0,1,0,Cameras & Photography,3.9318256327243257,7.24422751560335,0,0,1,4.969813299576001
4.8,0,1,0,0,0.0,0,0,0,0,1,0,"Office Supplies, Ink & Toner",6.398594934535208,2.859339648648436,0,1,0,8.271292652979412
4.3,0,0,0,0,0.0,0,0,0,0,1,0,TV & Video Displays,5.303304908059076,4.5217885770490405,0,0,1,4.762173934797756
4.7,0,1,0,0,0.09,0,0,0,0,1,0,"Office Supplies, Ink & Toner",6.2166061010848646,2.8616292890305104,0,1,0,9.75909741657673
3.9,0,1,0,0,0.0,0,0,0,0,1,0,"Audio, Sound & Recording Gear",6.2166061010848646,3.660222744864132,0,1,0,5.545177444479562
4.5,0,0,1,0,0.0,0,0,0,0,1,0,Small Gadget Accessories (Cases & Protectors),6.2166061010848646,2.301584592660462,0,1,0,9.719684899460376
4.8,0,1,0,0,0.0,0,0,0,0,1,0,Power & Batteries,6.398594934535208,2.8975680247667595,0,0,1,5.572154032177765
4.5,0,0,0,1,0.3,0,0,0,0,1,0,"Chargers, Adapters & Cables",6.2166061010848646,2.394252281519869,0,1,0,8.589327789175437
4.4,0,1,0,0,0.08,0,0,0,0,1,0,Mobile Cell Phones & Smartphones,5.707110264748875,4.317354771313298,0,0,1,4.48863636973214
3.9,0,1,0,0,0.0,0,0,0,0,1,0,Wearables,4.61512051684126,5.707077041605631,0,0,1,4.04305126783455
4.4,0,1,0,0,0.11,0,0,0,0,1,0,"Audio, Sound & Recording Gear",5.993961427306569,3.508855256368665,0,1,0,4.718498871295094
4.7,0,1,0,0,0.0,0,0,0,0,1,0,Small Gadget Accessories (Cases & Protectors),4.61512051684126,6.431314978744242,1,0,0,4.174387269895637
4.6,0,1,0,0,0.0,0,0,0,0,1,0,"Office Supplies, Ink & Toner",5.303304908059076,5.262534736408265,0,0,1,4.770684624465665
4.9,0,0,0,0,0.0,0,0,0,0,1,0,Cameras & Photography,0.0,7.313853519952718,0,0,1,6.295266001439646
4.7,0,0,0,0,0.0,0,0,0,0,1,0,"Office Supplies, Ink & Toner",5.303304908059076,4.166355098198372,0,0,1,5.342334251964811
4.6,0,1,0,0,0.0,0,0,0,0,1,0,Laptops,3.9318256327243257,6.685848462595922,0,0,1,4.356708826689592
4.1,0,1,0,0,0.0,0,0,0,0,1,0,"Office Supplies, Ink & Toner",4.61512051684126,5.441811466186766,0,0,1,4.624972813284271
4.5,0,1,0,0,0.0,0,0,0,0,1,0,Wearables,3.9318256327243257,7.313220387090301,1,0,0,2.079441541679836
4.7,0,1,0,0,0.0,0,0,0,0,1,0,"Chargers, Adapters & Cables",6.90875477931522,1.5851452198650555,0,1,0,7.133295954896068
4.3,0,1,0,0,0.2,0,0,0,0,1,0,Printers & Scanners (Hardware),4.61512051684126,6.21658614080582,0,0,1,7.369600720526409
3.9,0,0,0,0,0.0,0,0,0,0,1,0,Wearables,5.303304908059076,5.375232110316162,0,0,1,6.3835066348840055
4.6,0,1,0,0,0.14,0,0,0,0,1,0,Small Gadget Accessories (Cases & Protectors),6.2166061010848646,3.58324112209094,0,0,1,4.454347296253507
4.2,0,1,0,0,0.17,0,0,0,0,1,0,TV & Video Displays,3.9318256327243257,6.86791197205757,1,0,0,6.159095388491933
4.5,0,1,0,0,0.0,0,0,0,0,1,0,"Audio, Sound & Recording Gear",5.707110264748875,4.110709916308365,0,0,1,4.795790545596741
4.4,0,1,0,0,0.24,0,0,0,0,1,0,PC Components,4.61512051684126,5.402632335812676,0,0,1,4.718498871295094
4.4,0,0,0,0,0.0,0,0,0,0,1,0,"Office Supplies, Ink & Toner",4.61512051684126,6.001142563659253,1,0,0,4.060443010546419
4.0,0,1,0,0,0.0,0,0,0,0,1,0,Wearables,5.993961427306569,3.931629535067065,0,0,1,5.220355825078324
4.3,0,0,0,0,0.62,0,0,0,0,1,0,Networking,5.303304908059076,5.293053536872938,0,0,1,8.139440521874608
4.5,0,1,1,0,0.0,0,0,0,0,1,0,"Audio, Sound & Recording Gear",4.61512051684126,4.874815570953721,0,0,1,5.7899601708972535
4.8,1,1,0,0,0.4,0,0,0,0,1,0,"Chargers, Adapters & Cables",6.90875477931522,3.931629535067065,0,0,1,4.189654742026425
4.7,0,1,0,0,0.0,0,0,0,0,1,0,PC Components,6.2166061010848646,2.3504224224082058,0,1,0,8.653470809708786
4.5,0,1,0,0,0.1,0,0,0,0,1,0,"Audio, Sound & Recording Gear",4.61512051684126,5.3518107389880365,0,0,1,8.033009498596668
4.2,0,0,1,0,0.0,0,0,0,0,1,0,Printers & Scanners (Hardware),4.61512051684126,5.99116450209898,0,0,1,6.091309882077698
4.6,0,1,0,0,0.0,0,0,0,0,1,0,Small Gadget Accessories (Cases & Protectors),5.303304908059076,4.941642422609304,0,0,1,6.269096283706261
4.6,0,1,0,0,0.0,0,0,0,0,1,0,Computer Peripherals,4.61512051684126,6.255730847711197,1,0,0,6.2422232654551655
4.4,0,0,0,0,0.0,0,0,0,0,1,0,Cameras & Photography,4.61512051684126,5.91350300563827,0,0,1,5.513428746164983
4.5,0,0,0,0,0.0,0,0,0,0,1,0,Tablets & E-readers (DEVICES ONLY),5.707110264748875,3.958524839079566,0,0,1,4.430816798843313
4.3,0,1,0,0,0.05,0,0,0,0,1,0,Wearables,6.2166061010848646,2.3504224224082058,0,1,0,8.246695943718557
4.3,0,1,0,0,0.0,0,0,0,0,1,0,"Audio, Sound & Recording Gear",4.61512051684126,5.6937321388027,0,0,1,6.658011045870748
4.7,0,0,0,0,0.0,0,0,0,0,1,0,Power & Batteries,6.90875477931522,1.9065751436566365,0,1,0,6.473890696352274
4.6,0,1,0,0,0.0,0,0,0,0,1,0,Wearables,6.398594934535208,2.6354795082673745,0,1,0,6.525029657843462
4.4,0,1,0,0,0.0,0,0,0,0,1,0,"Chargers, Adapters & Cables",6.2166061010848646,2.179286876649552,0,1,0,8.546946149565585
4.6,0,1,0,0,0.17,0,0,0,0,1,0,"Audio, Sound & Recording Gear",4.61512051684126,5.442374419541463,0,0,1,7.6953031349635665
4.7,0,0,0,0,0.05,0,0,0,0,1,0,"Chargers, Adapters & Cables",6.2166061010848646,3.0440461338325417,0,0,1,5.093750200806762
4.7,0,1,1,0,0.0,0,0,0,0,1,0,Small Gadget Accessories (Cases & Protectors),5.707110264748875,4.007333185232471,0,0,1,5.648974238161206
4.7,0,0,0,0,0.0,0,0,0,0,1,0,Networking,5.303304908059076,5.077358926139164,0,0,1,6.941190055068375
4.7,0,1,0,0,0.22,0,0,0,0,1,0,Small Gadget Accessories (Cases & Protectors),6.2166061010848646,3.7123518102990793,0,0,1,10.22066774577672
4.6,0,0,0,0,0.0,0,0,0,0,1,0,"Chargers, Adapters & Cables",6.2166061010848646,3.8501476017100575,0,0,1,6.942156705699469
4.6,0,1,0,0,0.0,0,0,0,0,1,0,"Office Supplies, Ink & Toner",5.303304908059076,5.023156574649928,0,0,1,6.496774990185863
4.6,0,1,0,0,0.0,0,0,0,0,1,0,"Audio, Sound & Recording Gear",4.61512051684126,5.141605075260502,0,0,1,7.328437352895162
4.2,0,0,0,0,0.0,0,0,0,0,1,0,Laptops,3.9318256327243257,6.492239835020471,0,0,1,4.499809670330265
4.2,0,1,0,0,0.0,0,0,0,0,1,0,Mobile Cell Phones & Smartphones,5.303304908059076,5.0561821090522265,0,0,1,6.855408798609928
4.7,0,1,0,0,0.0,0,0,0,0,1,0,"Office Supplies, Ink & Toner",5.993961427306569,3.94332785525656,0,0,1,6.645090969505644
4.4,0,1,0,0,0.08,0,0,0,0,1,0,Wearables,6.2166061010848646,3.2577118486533987,0,1,0,6.278521424165844
4.5,0,1,0,0,0.34,0,0,0,0,1,0,"Audio, Sound & Recording Gear",4.61512051684126,5.003946305945459,0,0,1,6.932447891572509
3.9,0,1,0,0,0.34,0,0,0,0,1,0,"Audio, Sound & Recording Gear",5.303304908059076,5.153233789358886,0,0,1,5.7899601708972535
4.1,0,0,0,0,0.0,0,0,0,0,1,0,Networking,4.61512051684126,5.837701292221988,0,0,1,9.633972784039797
4.3,0,0,0,0,0.0,0,0,0,0,1,0,Laptops,3.9318256327243257,6.19644412779452,0,0,1,5.521460917862246
4.5,0,0,0,0,0.17,0,0,0,0,1,0,Computer Peripherals,5.303304908059076,3.610647605844363,0,0,1,3.555348061489413
4.1,0,0,0,0,0.0,0,0,0,0,1,0,PC Components,4.61512051684126,5.297767215242556,0,0,1,5.616771097666572
4.5,0,0,0,0,0.0,0,0,0,0,1,0,Power & Batteries,4.61512051684126,6.1734110335718535,1,0,0,4.941642422609304
4.4,0,1,0,0,0.0,0,0,0,0,1,0,TV & Video Displays,4.61512051684126,5.94277312806309,0,0,1,5.081404364984463
4.4,0,1,0,1,0.0,0,0,0,0,1,0,"Audio, Sound & Recording Gear",6.2166061010848646,2.7073833121145063,0,1,0,9.849875783087478
4.5,0,1,0,0,0.0,0,0,0,0,1,0,Power & Batteries,4.61512051684126,6.040254711277414,1,0,0,6.104793232414985
4.7,0,1,0,0,0.0,0,0,0,0,1,0,"Audio, Sound & Recording Gear",4.61512051684126,5.135798437050262,0,0,1,7.1785454837637
5.0,0,1,0,0,0.27,0,0,0,0,1,0,Small Gadget Accessories (Cases & Protectors),3.9318256327243257,6.621392336096254,1,0,0,1.3862943611198906
4.3,0,0,0,0,0.0,0,0,0,0,1,0,PC Components,4.61512051684126,5.431317368009281,0,0,1,5.805134968916488
4.5,0,1,1,0,0.0,0,0,0,0,1,0,Small Gadget Accessories (Cases & Protectors),4.61512051684126,5.707077041605631,1,0,0,4.663439094112067
4.4,0,0,0,0,0.0,0,0,0,0,1,0,"Office Supplies, Ink & Toner",5.303304908059076,5.017213609456379,0,0,1,5.942799375126701
3.6,0,1,0,0,0.0,0,0,0,0,1,0,"Office Supplies, Ink & Toner",5.303304908059076,5.040129369323958,0,0,1,3.828641396489095
4.6,0,0,0,0,0.0,0,0,0,0,1,0,"Audio, Sound & Recording Gear",4.61512051684126,5.141605075260502,0,0,1,9.05543941075822
3.9,1,1,1,0,0.34,0,0,0,0,1,0,Cameras & Photography,6.2166061010848646,5.991464547107982,0,0,1,7.234898420314831
4.8,0,0,0,0,0.0,0,0,0,0,1,0,Mobile Cell Phones & Smartphones,3.9318256327243257,6.5101839329930735,1,0,0,2.5649493574615367
4.6,0,1,0,0,0.0,0,0,0,0,1,0,"Chargers, Adapters & Cables",6.2166061010848646,2.381396273418336,0,1,0,8.658692753689937
4.0,0,1,0,0,0.06,0,0,0,0,1,0,Other Electronics,4.61512051684126,5.463789431246498,0,0,1,4.8283137373023015
4.6,0,0,0,0,0.0,0,0,0,0,1,0,"Chargers, Adapters & Cables",5.993961427306569,3.7035217308508064,0,0,1,11.13290878131565
3.9,0,1,0,0,0.32,0,0,0,0,1,0,Small Gadget Accessories (Cases & Protectors),5.707110264748875,4.5107496103686,0,0,1,8.261268150577648
4.7,0,0,0,0,0.0,0,0,0,0,1,0,PC Components,5.303304908059076,4.6150215020384655,0,0,1,7.300472814267799
4.7,0,1,0,0,0.0,0,0,0,0,1,0,"Office Supplies, Ink & Toner",5.993961427306569,3.5260663637080247,0,0,1,6.496774990185863
4.5,0,1,0,0,0.0,0,0,0,0,1,0,Power & Batteries,5.993961427306569,3.4242626545931514,0,0,1,4.912654885736052
4.0,0,1,1,0,0.0,0,0,0,0,1,0,Printers & Scanners (Hardware),3.9318256327243257,6.111445166307853,0,0,1,3.4011973816621555
4.6,0,1,0,0,0.11,0,0,0,0,1,0,Power & Batteries,6.90875477931522,1.9387416595767009,0,1,0,6.073044534100405
4.1,0,1,1,0,0.0,0,0,0,0,1,0,Laptops,4.61512051684126,6.111445166307853,0,0,1,5.14166355650266
4.7,0,0,0,0,0.0,0,0,0,0,1,0,"Office Supplies, Ink & Toner",5.303304908059076,4.867457524419928,0,0,1,6.598509028614515
3.9,0,0,0,0,0.0,0,0,0,0,1,0,Computer Peripherals,4.61512051684126,4.658331734102323,0,0,1,6.502790045915623
4.4,0,0,0,0,0.0,0,0,0,0,1,0,Computer Peripherals,5.303304908059076,4.646504049481068,0,0,1,7.587817219993427
4.4,0,0,0,0,0.0,0,0,0,0,1,0,Printers & Scanners (Hardware),4.61512051684126,5.80099992537156,0,0,1,5.236441962829949
4.5,0,1,0,0,0.0,1,0,0,0,0,0,"Audio, Sound & Recording Gear",5.707110264748875,4.173771695853422,0,0,1,7.469654172932128
4.8,0,1,0,0,0.48,0,0,0,0,1,0,Computer Peripherals,6.2166061010848646,3.5260663637080247,0,1,0,10.017173316939944
4.8,0,1,0,0,0.08,0,0,0,0,1,0,"Office Supplies, Ink & Toner",6.55250788703459,2.101692150614656,0,1,0,6.86484777797086
4.7,0,1,0,0,0.09,0,0,0,0,1,0,PC Components,5.303304908059076,5.623981404452646,0,0,1,7.057036981697891
4.6,0,1,0,0,0.13,0,0,0,0,1,0,"Audio, Sound & Recording Gear",5.707110264748875,4.110709916308365,0,0,1,6.001414877961151
4.6,0,1,0,0,0.06,0,0,0,0,1,0,Cameras & Photography,6.2166061010848646,2.9439125248241944,0,1,0,8.127995055771946
4.2,0,1,0,0,0.0,0,0,0,0,1,0,"Audio, Sound & Recording Gear",4.61512051684126,6.21658614080582,1,0,0,3.295836866004329
3.8,0,1,0,0,0.1,0,0,0,0,1,0,PC Components,4.61512051684126,5.828945617610208,0,0,1,1.791759469228055
4.4,0,0,0,0,0.0,0,0,0,0,1,0,Wearables,5.303304908059076,4.491105229700119,0,0,1,6.709304340258298
4.1,0,0,0,0,0.09,0,0,0,0,1,0,"Chargers, Adapters & Cables",6.2166061010848646,3.1350593387750902,0,0,1,5.572154032177765
4.4,0,1,0,1,0.0,0,0,0,0,1,0,Laptops,4.61512051684126,5.521460917862246,0,0,1,4.406719247264253
3.9,0,1,0,0,0.16,0,0,0,0,1,0,TV & Video Displays,3.9318256327243257,7.131690516829846,1,0,0,4.158883083359672
5.0,0,0,0,0,0.0,0,0,0,0,1,0,"Office Supplies, Ink & Toner",0.0,6.232231883175741,1,0,0,1.0986122886681098
4.7,0,1,0,0,0.11,0,0,0,0,1,0,"Office Supplies, Ink & Toner",5.707110264748875,3.998017198595007,0,0,1,6.444131256700441
4.1,0,1,0,0,0.0,0,0,0,0,1,0,Computer Peripherals,4.61512051684126,5.081342251254203,0,0,1,6.150602768446279
4.5,0,1,0,0,0.16,0,0,0,0,1,0,"Audio, Sound & Recording Gear",3.9318256327243257,5.993562345190128,0,0,1,4.290459441148391
4.6,0,1,0,0,0.0,0,0,0,0,1,0,Cameras & Photography,5.707110264748875,4.7018430732483525,0,0,1,5.170483995038151
4.8,0,1,0,0,0.0,0,0,0,0,1,0,Laptops,5.303304908059076,4.605170185988092,0,1,0,8.496582237512113
4.0,0,0,1,0,0.0,0,0,0,0,1,0,"Office Supplies, Ink & Toner",3.9318256327243257,5.437600933650423,0,0,1,4.736198448394496
4.4,0,0,0,0,0.0,0,0,0,0,1,0,"Chargers, Adapters & Cables",4.61512051684126,5.081093757744817,1,0,0,7.119635638017636
4.0,0,1,0,0,0.0,0,0,0,0,1,0,Laptops,4.61512051684126,5.43372200355424,0,0,1,6.83087423464618
4.6,0,0,0,0,0.0,0,0,0,0,1,0,"Audio, Sound & Recording Gear",5.303304908059076,4.875120984409557,0,0,1,5.720311776607412
4.5,0,1,0,0,0.0,0,0,0,0,1,0,Computer Peripherals,5.303304908059076,4.767969076293182,0,0,1,7.206377291472252
4.7,0,1,0,0,0.25,0,0,0,0,1,0,Cameras & Photography,5.993961427306569,3.0440461338325417,0,1,0,3.9889840465642745
4.2,0,0,0,0,0.0,0,0,0,0,1,0,Computer Peripherals,5.993961427306569,3.218475744846861,0,1,0,6.594413459749778
4.6,0,0,0,0,0.0,0,0,0,0,1,0,PC Components,5.707110264748875,3.737431494696102,0,1,0,7.445417556701687
4.4,0,1,0,0,0.0,0,0,0,0,1,0,Printers & Scanners (Hardware),4.61512051684126,6.274743188672893,0,0,1,6.403574197934815
4.1,0,0,0,0,0.21,0,0,0,0,1,0,Computer Peripherals,6.2166061010848646,3.663305202994506,0,0,1,6.118097198041348
3.7,0,0,0,0,0.21,0,0,0,0,1,0,Computer Peripherals,5.303304908059076,5.51338842277136,0,0,1,3.4339872044851463
4.4,0,0,0,0,0.0,0,0,0,0,1,0,Wearables,0.0,3.4008639927609177,0,1,0,3.1780538303479458
4.7,0,0,0,0,0.0,0,0,0,0,1,0,"Office Supplies, Ink & Toner",5.303304908059076,4.356708826689592,0,0,1,7.761744984658913
4.3,0,1,0,0,0.0,0,0,0,0,1,0,Mobile Cell Phones & Smartphones,5.707110264748875,4.093510881473524,0,0,1,8.992184362173012
4.1,0,1,1,0,0.0,0,0,0,0,1,0,"Audio, Sound & Recording Gear",5.303304908059076,4.3943256902608985,0,0,1,4.983606621708336
3.9,0,1,0,0,0.0,0,0,0,0,1,0,Computer Peripherals,5.303304908059076,4.6150215020384655,0,0,1,7.871692664323645
4.2,0,1,0,0,0.0,0,0,0,0,1,0,Printers & Scanners (Hardware),3.9318256327243257,6.21658614080582,0,0,1,5.981414211254481
3.8,0,1,1,0,0.0,0,0,0,0,1,0,Computer Peripherals,4.61512051684126,5.017213609456379,0,0,1,6.617402977974478
4.7,0,1,0,0,0.0,0,0,0,0,1,0,Networking,5.303304908059076,4.709440107163888,0,0,1,5.883322388488279
4.5,0,1,0,0,0.0,0,0,0,0,1,0,TV & Video Displays,5.303304908059076,4.382026634673881,0,0,1,5.484796933490655
4.6,0,1,0,0,0.0,0,0,0,0,1,0,"Office Supplies, Ink & Toner",5.993961427306569,3.09058780456667,0,1,0,5.796057750765372
4.8,0,1,0,0,0.18,0,0,0,0,1,0,TV & Video Displays,4.61512051684126,5.99393648933976,0,0,1,2.4849066497880004
4.8,0,0,0,0,0.0,0,0,0,0,1,0,"Office Supplies, Ink & Toner",5.303304908059076,4.912581353620868,0,0,1,6.12029741895095
4.7,0,1,0,0,0.22,0,0,0,0,1,0,TV & Video Displays,6.2166061010848646,2.627562950189524,0,1,0,7.636752112435779
4.8,1,1,0,0,0.41,0,0,0,0,1,0,Power & Batteries,10.59665973278358,3.6883793290722537,0,0,1,11.157449801606978
4.7,0,1,0,0,0.0,0,0,0,0,1,0,"Audio, Sound & Recording Gear",4.61512051684126,5.075173815233827,0,0,1,7.978310969867722
4.3,0,1,0,0,0.0,0,0,0,0,1,0,TV & Video Displays,5.707110264748875,3.7133281345162463,0,1,0,6.958448393297656
4.4,0,0,0,0,0.0,0,0,0,0,1,0,Small Gadget Accessories (Cases & Protectors),6.2166061010848646,2.673458756332591,0,1,0,7.300472814267799
4.3,0,0,0,0,0.2,0,0,0,0,1,0,"Audio, Sound & Recording Gear",5.707110264748875,4.262539022051294,0,0,1,8.457867725331422
4.1,0,1,1,0,0.2,0,0,0,0,1,0,Smart Home & Security,5.303304908059076,4.6150215020384655,0,0,1,7.20414929203594
4.5,0,1,0,0,0.33,0,0,0,0,1,0,"Chargers, Adapters & Cables",5.993961427306569,4.110709916308365,0,0,1,6.340359303727752
4.7,0,1,0,0,0.09,0,0,0,0,1,0,"Chargers, Adapters & Cables",5.303304908059076,4.709440107163888,1,0,0,7.198183577101943
4.4,0,1,0,0,0.0,0,0,0,0,1,0,Laptops,0.0,7.549609165154532,1,0,0,6.775366090936392
4.6,0,1,0,0,0.0,0,0,0,0,1,0,"Audio, Sound & Recording Gear",4.61512051684126,5.30325515557766,0,0,1,4.997212273764115
4.2,0,0,0,0,0.0,0,0,0,0,1,0,PC Components,5.303304908059076,4.9486889658772695,0,0,1,6.137727054086234
4.5,0,0,0,0,0.0,0,0,0,0,1,0,TV & Video Displays,3.9318256327243257,7.044032897274685,1,0,0,7.3938782901077555
4.7,0,0,0,0,0.0,0,0,0,0,1,0,"Office Supplies, Ink & Toner",5.303304908059076,4.380650688493951,0,0,1,6.133398042996649
4.2,0,1,0,0,0.39,0,0,0,0,1,0,Computer Peripherals,5.707110264748875,4.3943256902608985,0,0,1,6.073044534100405
4.9,0,0,0,0,0.0,0,0,0,0,1,0,PC Components,3.9318256327243257,6.387771177431235,0,0,1,2.772588722239781
4.5,0,1,0,0,0.0,0,0,0,0,1,0,PC Components,4.61512051684126,6.026493796027377,0,0,1,3.6375861597263857
4.6,0,1,0,0,0.0,0,0,0,0,1,0,Storage & Memory Cards,4.61512051684126,5.616589262953823,0,0,1,5.111987788356544
4.5,1,1,0,1,0.0,0,0,0,0,1,0,"Audio, Sound & Recording Gear",0.0,3.6373229671995344,0,1,0,1.791759469228055
4.6,0,1,0,0,0.22,0,0,0,0,1,0,PC Components,5.303304908059076,4.5107496103686,0,1,0,9.404343433543977
4.8,0,1,0,0,0.24,0,0,0,0,1,0,Small Gadget Accessories (Cases & Protectors),5.993961427306569,3.5248888540047054,0,0,1,7.412764017426562
4.6,0,1,0,0,0.0,0,0,0,0,1,0,"Chargers, Adapters & Cables",6.2166061010848646,2.0781907597781832,0,1,0,9.66871413573975
4.0,0,0,0,0,0.17,0,0,0,0,1,0,Laptops,5.303304908059076,4.795707897553386,0,1,0,7.331714969726466
4.2,0,1,0,0,0.0,0,0,0,0,1,0,Computer Peripherals,5.303304908059076,4.6150215020384655,0,0,1,8.304989580140361
4.2,0,1,0,0,0.0,0,0,0,0,1,0,Tablets & E-readers (DEVICES ONLY),4.61512051684126,5.521420917062225,0,0,1,4.990432586778736
5.0,0,0,0,0,0.0,0,0,0,0,1,0,Computer Peripherals,4.61512051684126,5.673323267171493,0,0,1,1.6094379124341005
4.4,0,1,0,0,0.2,0,0,0,0,1,0,Mobile Cell Phones & Smartphones,5.707110264748875,3.931629535067065,0,0,1,3.4011973816621555
4.7,0,0,0,0,0.0,0,0,0,0,1,0,Small Gadget Accessories (Cases & Protectors),5.707110264748875,3.7133281345162463,0,0,1,3.258096538021482
4.9,0,1,0,0,0.32,0,0,0,0,1,0,Power & Batteries,6.68586094706836,2.6369121732688705,0,0,1,4.584967478670572
4.6,0,1,0,0,0.15,0,0,0,0,1,0,PC Components,6.2166061010848646,2.558002204858551,0,1,0,7.412764017426562
4.0,0,0,0,0,0.0,0,0,0,0,1,0,PC Components,4.61512051684126,5.43153621033426,0,0,1,6.180016653652572
4.3,0,1,0,0,0.0,0,0,0,0,1,0,Mobile Cell Phones & Smartphones,5.303304908059076,4.778703236748966,0,0,1,7.470793774195062
4.7,0,1,0,0,0.2,0,0,0,0,1,0,PC Components,5.707110264748875,3.758871825933971,0,1,0,7.704811922932594
4.6,0,0,0,0,0.0,0,0,0,0,1,0,TV & Video Displays,4.61512051684126,5.010635294096256,0,0,1,4.912654885736052
4.9,0,1,0,0,0.0,0,0,0,0,1,0,Computer Peripherals,6.2166061010848646,2.995732273553991,0,1,0,6.3473892096560105
3.6,0,1,1,0,0.0,0,0,0,0,1,0,Printers & Scanners (Hardware),3.9318256327243257,7.05702836839637,1,0,0,6.115892125483034
4.2,0,1,0,0,0.0,1,0,0,0,0,0,Computer Peripherals,6.2166061010848646,2.301584592660462,0,1,0,8.701845363548474
3.8,0,1,0,0,0.0,0,0,0,0,1,0,"Audio, Sound & Recording Gear",5.303304908059076,5.272794409316951,0,0,1,4.477336814478207
4.3,0,1,0,0,0.0,0,0,0,0,1,0,TV & Video Displays,3.9318256327243257,7.090076835776092,1,0,0,6.401917196727186
3.8,0,0,1,0,0.0,0,0,0,0,1,0,"Office Supplies, Ink & Toner",4.61512051684126,6.363028103540465,1,0,0,5.170483995038151
4.2,0,0,0,0,0.0,0,0,0,0,1,0,Video Game Consoles & Virtual Reality,5.303304908059076,4.174233411906258,0,0,1,8.532278828834277
4.0,0,1,0,0,0.11,0,0,0,0,1,0,PC Components,4.61512051684126,5.981388958410378,0,0,1,4.248495242049359
4.7,0,1,1,0,0.0,0,0,0,0,1,0,Cameras & Photography,5.993961427306569,3.432372999130605,0,1,0,6.674561391814426
4.6,0,1,0,0,0.0,0,0,0,0,1,0,Computer Peripherals,5.707110264748875,3.701301974112493,0,0,1,5.828945617610208
4.4,0,1,0,0,0.32,0,0,0,0,1,0,"Chargers, Adapters & Cables",6.2166061010848646,3.2577118486533987,0,0,1,7.3632795869630385
4.1,0,1,1,0,0.31,0,0,0,0,1,0,"Office Supplies, Ink & Toner",5.993961427306569,3.610647605844363,0,0,1,8.251403065380556
4.6,0,1,0,0,0.0,0,0,0,0,1,0,"Office Supplies, Ink & Toner",5.707110264748875,4.03229183781909,0,0,1,7.757478766584179
4.7,0,0,0,0,0.0,0,0,0,0,1,0,Power & Batteries,6.2166061010848646,1.99061032797322,0,1,0,8.229777750081887
4.6,0,1,0,0,0.0,0,0,0,0,1,0,"Audio, Sound & Recording Gear",4.61512051684126,5.158480421360237,0,0,1,6.70808408385307
4.2,0,1,0,0,0.23,0,0,0,0,1,0,Wearables,5.303304908059076,4.709440107163888,0,0,1,6.656726524178391
4.7,0,1,0,0,0.0,0,0,0,0,1,0,"Office Supplies, Ink & Toner",5.993961427306569,3.3054204262683866,0,1,0,8.611411866655219
4.4,0,1,0,0,0.42,0,0,0,0,1,0,"Chargers, Adapters & Cables",5.707110264748875,3.931629535067065,0,0,1,7.375882148215011
4.8,0,0,1,0,0.24,0,0,0,0,1,0,"Chargers, Adapters & Cables",6.2166061010848646,2.63834278867739,0,1,0,7.827240901752812
4.6,0,1,0,0,0.17,0,0,0,0,1,0,Storage & Memory Cards,6.2166061010848646,2.5641798306825083,0,1,0,10.302632731899472
4.6,0,1,0,0,0.11,0,0,0,0,1,0,PC Components,5.303304908059076,4.9486889658772695,0,0,1,5.733341276897746
4.7,0,1,0,0,0.17,0,0,0,0,1,0,TV & Video Displays,6.2166061010848646,2.9433857931817817,0,1,0,7.701200180857446
4.8,0,1,0,0,0.0,0,0,0,0,1,0,Cameras & Photography,4.61512051684126,5.298317366548036,0,0,1,6.102558594613569
4.3,0,1,0,0,0.08,0,0,0,0,1,0,PC Components,6.2166061010848646,3.433664571799657,0,1,0,6.20455776256869
5.0,0,1,0,0,0.0,0,0,0,0,1,0,"Office Supplies, Ink & Toner",4.61512051684126,5.98113639488931,1,0,0,0.6931471805599453
4.2,0,1,0,1,0.0,0,0,0,0,1,0,"Audio, Sound & Recording Gear",5.707110264748875,4.110053855927281,0,0,1,4.653960350157523
4.4,0,1,0,0,0.0,0,0,0,0,1,0,Laptops,3.9318256327243257,6.386896154237773,0,0,1,4.532599493153256
4.1,0,1,0,0,0.0,0,0,0,0,1,0,PC Components,3.9318256327243257,6.835184586147301,1,0,0,2.079441541679836
4.1,0,1,0,0,0.15,0,0,0,0,1,0,Mobile Cell Phones & Smartphones,6.2166061010848646,3.133317936506554,0,1,0,8.886823846515187
4.6,0,1,0,0,0.0,0,0,0,0,1,0,TV & Video Displays,3.9318256327243257,7.262628600974241,1,0,0,5.537334267018537
4.7,0,0,0,0,0.0,0,0,0,0,1,0,Power & Batteries,6.68586094706836,2.511223958105374,0,0,1,9.591034531092426
4.7,0,1,0,0,0.0,0,0,0,0,1,0,"Office Supplies, Ink & Toner",6.55250788703459,2.4840729690394228,0,1,0,8.047829357457841
4.6,1,1,0,0,0.0,0,0,0,0,1,0,PC Components,5.707110264748875,4.248352374701448,0,1,0,6.07073772800249
4.9,1,1,0,0,0.0,0,0,0,0,1,0,PC Components,0.0,3.724246597951228,0,1,0,4.060443010546419
4.8,0,1,0,0,0.0,0,0,0,0,1,0,Storage & Memory Cards,6.2166061010848646,3.1350593387750902,0,1,0,5.44673737166631
4.4,0,1,0,0,0.45,0,0,0,0,1,0,Small Gadget Accessories (Cases & Protectors),6.2166061010848646,3.2546289945740186,0,0,1,3.218875824868201
4.7,0,1,0,0,0.62,0,0,0,0,1,0,Small Gadget Accessories (Cases & Protectors),6.2166061010848646,3.9308447596687337,0,0,1,9.149740749847252
4.6,0,1,0,0,0.0,0,0,0,0,1,0,Laptops,5.303304908059076,4.5107496103686,0,1,0,4.532599493153256
4.4,0,1,0,0,0.0,0,0,0,0,1,0,Laptops,4.61512051684126,5.645446897643238,0,0,1,4.77912349311153
4.4,0,0,0,0,0.12,0,0,0,0,1,0,Laptops,3.9318256327243257,7.170119543449628,0,0,1,3.218875824868201
4.4,0,1,1,0,0.0,0,0,0,0,1,0,Printers & Scanners (Hardware),3.9318256327243257,5.99393648933976,0,0,1,3.912023005428146
4.4,0,1,0,0,0.0,0,0,0,0,1,0,Wearables,5.303304908059076,4.394202210604015,0,0,1,4.934473933130692
4.0,0,1,1,0,0.13,0,0,0,0,1,0,Cameras & Photography,5.303304908059076,5.016948656152848,0,0,1,7.584264818389059
4.3,0,1,0,0,0.0,0,0,0,0,1,0,Computer Peripherals,4.61512051684126,4.795707897553386,0,0,1,4.852030263919617
4.8,0,0,0,0,0.0,0,0,0,0,1,0,Tablets & E-readers (DEVICES ONLY),4.61512051684126,4.95660140560377,0,0,1,3.713572066704308
4.6,0,0,0,0,0.0,0,0,0,0,1,0,Storage & Memory Cards,0.0,6.551080335043404,1,0,0,6.812345094177479
4.6,0,0,0,0,0.15,0,0,0,0,1,0,Computer Peripherals,5.993961427306569,3.295466427029913,0,1,0,5.313205979041787
4.4,0,0,0,0,0.0,0,0,0,0,1,0,"Chargers, Adapters & Cables",5.707110264748875,3.915616540938277,0,0,1,5.762051382780177
4.5,0,0,1,0,0.24,0,0,0,0,1,0,"Chargers, Adapters & Cables",5.303304908059076,4.5107496103686,0,0,1,7.066466970136958
4.8,0,0,0,0,0.0,0,0,0,0,1,0,"Office Supplies, Ink & Toner",5.303304908059076,4.794881041213901,0,0,1,6.7580945044277305
4.6,0,1,0,0,0.0,0,0,0,0,1,0,"Audio, Sound & Recording Gear",5.303304908059076,3.871201010907891,0,1,0,8.889446165318288
4.0,0,1,0,0,0.0,0,0,0,0,1,0,Computer Peripherals,5.707110264748875,3.8284239815518326,0,0,1,6.807934943699926
4.0,0,1,0,0,0.1,0,0,0,0,1,0,Storage & Memory Cards,4.61512051684126,5.30325515557766,0,0,1,4.127134385045092
4.3,0,1,1,0,0.0,0,0,0,0,1,0,TV & Video Displays,0.0,5.916175108066267,0,0,1,3.295836866004329
3.9,0,1,0,0,0.15,0,0,0,0,1,0,Computer Peripherals,5.303304908059076,4.875120984409557,0,0,1,6.093569770045136
4.2,0,0,0,0,0.0,0,0,0,0,1,0,Laptops,3.9318256327243257,6.54534966033442,0,0,1,7.094234845924755
3.9,0,0,0,0,0.0,0,0,0,0,1,0,Computer Peripherals,4.61512051684126,5.881342714348445,0,0,1,6.131226489483141
4.6,0,0,0,0,0.25,0,0,0,0,1,0,Computer Peripherals,4.61512051684126,5.30325515557766,0,0,1,4.762173934797756
4.5,0,1,0,0,0.2,0,0,0,0,1,0,"Chargers, Adapters & Cables",6.2166061010848646,2.39698576841553,0,1,0,9.795568210316636
4.5,0,0,0,0,0.0,0,0,0,0,1,0,Cameras & Photography,3.9318256327243257,7.533693709848633,0,0,1,7.356279876550748
4.3,0,1,0,0,0.0,0,0,0,0,1,0,"Audio, Sound & Recording Gear",4.61512051684126,5.2521687105220565,0,0,1,6.932447891572509
4.3,0,1,1,0,0.0,0,0,0,0,1,0,Mobile Cell Phones & Smartphones,6.2166061010848646,2.395164274287139,0,1,0,8.080546965824498
4.6,0,1,0,0,0.0,0,0,0,0,1,0,Power & Batteries,6.803505257608338,2.110213200346589,0,1,0,9.11007795003779
4.6,0,1,0,0,0.15,0,0,0,0,1,0,Wearables,5.707110264748875,4.025173103360802,0,0,1,6.703188113240863
4.5,0,0,0,0,0.0,0,0,0,0,1,0,TV & Video Displays,4.61512051684126,5.295764109760319,0,0,1,5.834810737062605
4.6,0,0,0,0,0.0,0,0,0,0,1,0,Cameras & Photography,4.61512051684126,4.941642422609304,0,0,1,7.369600720526409
4.8,0,1,1,0,0.0,0,0,0,0,1,0,Small Gadget Accessories (Cases & Protectors),5.303304908059076,4.110053855927281,0,0,1,3.7612001156935615
4.2,0,1,0,0,0.0,0,0,0,0,1,0,TV & Video Displays,3.9318256327243257,6.80128303447162,1,0,0,6.118097198041348
4.1,0,1,1,0,0.0,0,0,0,0,1,0,"Audio, Sound & Recording Gear",4.61512051684126,4.262539022051294,0,0,1,3.9889840465642745
4.7,0,1,0,0,0.0,0,0,0,0,1,0,Small Gadget Accessories (Cases & Protectors),5.303304908059076,4.5107496103686,0,0,1,6.846943139585379
4.3,0,0,0,0,0.0,0,0,0,0,1,0,PC Components,4.61512051684126,5.252221070655064,0,0,1,5.41610040220442
4.7,0,0,0,0,0.0,0,0,0,0,1,0,"Chargers, Adapters & Cables",5.707110264748875,4.143134726391533,0,0,1,6.228511003591184
4.4,0,1,0,0,0.4,0,0,0,0,1,0,Small Gadget Accessories (Cases & Protectors),6.2166061010848646,3.433664571799657,0,0,1,4.31748811353631
4.6,0,1,0,0,0.08,0,0,0,0,1,0,"Chargers, Adapters & Cables",6.2166061010848646,3.2168738221975275,0,0,1,5.308267697401205
4.6,0,1,0,0,0.14,0,0,0,0,1,0,TV & Video Displays,5.303304908059076,5.293254572205575,0,0,1,8.180320874773685
4.8,0,0,0,0,0.0,0,0,0,0,1,0,PC Components,5.303304908059076,5.17042717524212,0,0,1,5.983936280687191
4.7,0,1,0,0,0.0,0,0,0,0,1,0,PC Components,4.61512051684126,5.136327708726,0,0,1,4.897839799950911
4.2,0,0,0,0,0.0,0,0,0,0,1,0,Mobile Cell Phones & Smartphones,5.303304908059076,3.58324112209094,0,1,0,6.937314081223682
4.6,0,1,0,0,0.45,0,0,0,0,1,0,Small Gadget Accessories (Cases & Protectors),6.2166061010848646,3.1350593387750902,0,0,1,8.74862232231722
4.8,0,0,0,0,0.0,0,0,0,0,1,0,"Office Supplies, Ink & Toner",5.303304908059076,5.197889111713543,0,0,1,7.204892510204673
4.8,0,1,0,0,0.0,0,0,0,0,1,0,TV & Video Displays,5.707110264748875,3.71284009155878,0,1,0,5.087596335232384
3.7,0,0,1,0,0.0,0,0,0,0,1,0,"Office Supplies, Ink & Toner",5.707110264748875,4.2903224454635405,0,0,1,6.421622267806518
4.4,0,1,0,0,0.22,0,0,0,0,1,0,"Audio, Sound & Recording Gear",4.61512051684126,5.771409969996787,0,0,1,7.093404625868766
4.5,0,1,0,0,0.0,0,0,0,0,1,0,Other Electronics,4.61512051684126,5.99393648933976,0,0,1,4.127134385045092
4.7,0,1,0,0,0.4,0,0,0,0,1,0,Small Gadget Accessories (Cases & Protectors),6.2166061010848646,2.771963526845863,0,1,0,5.783825182329737
4.7,0,1,0,0,0.0,0,0,0,0,1,0,Computer Peripherals,6.2166061010848646,2.39698576841553,0,1,0,9.187378760338836
4.4,0,1,0,0,0.25,0,0,0,0,1,0,"Audio, Sound & Recording Gear",5.707110264748875,4.110709916308365,0,0,1,6.824373670043086
4.6,0,1,0,0,0.45,0,0,0,0,1,0,Wearables,3.9318256327243257,7.003965054029298,1,0,0,5.4510384535657
4.6,0,0,1,0,0.0,0,0,0,0,1,0,Small Gadget Accessories (Cases & Protectors),5.707110264748875,3.5801800371905954,0,0,1,8.464214266625351
4.8,0,1,1,0,0.0,0,0,0,0,1,0,"Office Supplies, Ink & Toner",6.398594934535208,2.196112848483529,0,1,0,11.675613880104502
4.8,0,1,0,0,0.0,0,0,0,0,1,0,"Chargers, Adapters & Cables",5.993961427306569,3.0081547935525483,0,0,1,8.428361977709622
4.5,0,1,0,0,0.0,0,0,0,0,1,0,"Audio, Sound & Recording Gear",5.303304908059076,4.499809670330265,0,0,1,6.866933284461882
4.0,0,0,0,0,0.0,0,0,0,0,1,0,TV & Video Displays,5.707110264748875,3.709906821306012,0,1,0,9.09549053029724
4.8,0,0,0,0,0.0,0,0,0,0,1,0,"Office Supplies, Ink & Toner",5.303304908059076,4.866687938419193,0,0,1,6.535241271013659
4.5,0,1,0,0,0.2,0,0,0,0,1,0,TV & Video Displays,6.2166061010848646,3.2577118486533987,0,1,0,6.890609120147166
4.6,0,1,0,0,0.0,0,0,0,0,1,0,"Office Supplies, Ink & Toner",4.61512051684126,5.709930205242435,0,0,1,5.808142489980444
4.5,0,1,0,0,0.07,0,0,0,0,1,0,Computer Peripherals,5.707110264748875,3.931629535067065,0,0,1,4.727387818712341
4.6,0,1,0,0,0.12,0,0,0,0,1,0,Laptops,3.9318256327243257,7.293017679772782,0,0,1,3.713572066704308
4.5,0,1,0,0,0.0,0,0,0,0,1,0,Cameras & Photography,4.61512051684126,6.54965074223381,0,0,1,5.634789603169249
4.6,0,1,0,0,0.4,0,0,0,0,1,0,"Office Supplies, Ink & Toner",6.2166061010848646,3.2577118486533987,0,1,0,5.808142489980444
4.5,0,1,0,0,0.0,0,0,0,0,1,0,Wearables,5.707110264748875,3.6375861597263857,0,1,0,8.518592212329946
4.3,0,1,0,0,0.0,0,0,0,0,1,0,Laptops,5.707110264748875,3.1354942159291497,0,1,0,7.379008127628304
4.3,0,1,1,0,0.0,0,0,0,0,1,0,Mobile Cell Phones & Smartphones,5.303304908059076,4.9486889658772695,0,0,1,5.5053315359323625
4.8,0,1,0,0,0.38,0,0,0,0,1,0,"Chargers, Adapters & Cables",6.90875477931522,2.196112848483529,0,1,0,8.755264763314685
4.2,0,1,0,1,0.25,0,0,0,0,1,0,Computer Peripherals,5.303304908059076,4.795377237056036,0,0,1,9.666815400992093
4.4,0,1,0,1,0.0,0,0,0,0,1,0,Laptops,4.61512051684126,5.521460917862246,0,0,1,2.70805020110221
4.4,0,1,0,0,0.0,0,0,0,0,1,0,Small Gadget Accessories (Cases & Protectors),5.993961427306569,3.9259259105971376,0,0,1,8.857941984804711
3.7,0,0,0,0,0.0,0,0,0,0,1,0,Video Game Consoles & Virtual Reality,4.61512051684126,5.081342251254203,0,0,1,6.638567789166521
4.1,0,0,0,0,0.0,0,0,0,0,1,0,PC Components,3.9318256327243257,5.863403877040464,0,0,1,3.610917912644224
4.5,0,1,0,0,0.0,0,0,0,0,1,0,Computer Peripherals,5.303304908059076,4.59511985013459,0,0,1,6.975413927455952
4.4,0,1,1,0,0.06,0,0,0,0,1,0,Smart Home & Security,6.2166061010848646,3.703028877218356,0,1,0,5.71042701737487
4.5,0,1,0,0,0.7,0,0,0,0,1,0,Small Gadget Accessories (Cases & Protectors),6.2166061010848646,3.931629535067065,0,0,1,7.697575346802343
4.6,0,1,0,0,0.0,0,0,0,0,1,0,Cameras & Photography,3.9318256327243257,6.76849321164863,0,0,1,6.452048954437226
4.4,0,1,0,0,0.11,0,0,0,0,1,0,"Audio, Sound & Recording Gear",5.303304908059076,5.247024072160486,0,0,1,5.908082938168931
4.8,0,0,0,0,0.0,0,0,0,0,1,0,Storage & Memory Cards,5.303304908059076,4.358118089622206,0,0,1,9.215029361462314
3.5,0,0,1,0,0.0,0,0,0,0,1,0,Networking,3.9318256327243257,5.707077041605631,0,0,1,2.4849066497880004
4.7,0,1,0,0,0.24,0,0,0,0,1,0,"Office Supplies, Ink & Toner",6.55250788703459,2.4414770918606643,0,1,0,9.076237387452702
4.8,0,1,0,0,0.0,0,0,0,0,1,0,"Office Supplies, Ink & Toner",6.2166061010848646,2.7073833121145063,0,1,0,7.458186157340487
4.0,0,1,0,0,0.0,0,0,0,0,1,0,Mobile Cell Phones & Smartphones,4.61512051684126,4.686750172980514,0,0,1,4.189654742026425
4.3,0,0,0,0,0.19,0,0,0,0,1,0,Computer Peripherals,5.707110264748875,4.213164097564083,0,0,1,6.710523109452428
4.1,0,0,0,0,0.0,0,0,0,0,1,0,"Audio, Sound & Recording Gear",5.707110264748875,3.713572066704308,0,1,0,6.642486801367256
4.6,0,1,0,0,0.08,0,0,0,0,1,0,"Office Supplies, Ink & Toner",5.707110264748875,4.248495242049359,0,0,1,8.142354276849835
3.7,0,1,0,0,0.23,0,0,0,0,1,0,Wearables,4.61512051684126,5.398117451625214,0,0,1,5.220355825078324
4.2,0,1,0,0,0.11,0,0,0,0,1,0,Cameras & Photography,4.61512051684126,5.19844178112078,0,0,1,5.680172609017068
4.5,0,1,0,0,0.0,0,0,0,0,1,0,"Audio, Sound & Recording Gear",5.303304908059076,4.969743852720179,0,0,1,6.214608098422191
4.0,0,0,0,0,0.0,0,0,0,0,1,0,Mobile Cell Phones & Smartphones,5.707110264748875,3.6653549090669792,0,0,1,7.786551806428712
4.1,0,1,0,0,0.0,0,0,0,0,1,0,Wearables,6.2166061010848646,4.905200701620736,0,0,1,4.68213122712422
4.9,0,1,0,0,0.0,0,0,0,0,1,0,TV & Video Displays,5.303304908059076,4.867534450455582,0,0,1,4.499809670330265
4.3,0,1,0,0,0.25,0,0,0,0,1,0,Computer Peripherals,6.2166061010848646,3.0440461338325417,0,1,0,7.232010331664759
4.6,0,1,0,0,0.0,0,0,0,0,1,0,Computer Peripherals,4.61512051684126,5.003946305945459,0,0,1,7.1846291527173145
4.2,0,0,0,0,0.19,0,0,0,0,1,0,Tablets & E-readers (DEVICES ONLY),5.303304908059076,4.875197323201151,0,0,1,6.84587987526405
4.4,0,1,0,0,0.0,0,0,0,0,1,0,Power & Batteries,6.2166061010848646,3.0440461338325417,0,0,1,8.17526610411206
4.3,0,1,0,1,0.05,0,0,0,0,1,0,Small Gadget Accessories (Cases & Protectors),4.61512051684126,5.351621138570348,1,0,0,8.137688184977605
4.7,0,1,0,0,0.09,0,0,0,0,1,0,"Audio, Sound & Recording Gear",5.707110264748875,4.025173103360802,0,0,1,7.673223121121708
4.3,0,0,0,0,0.0,0,0,0,0,1,0,Computer Peripherals,5.303304908059076,4.262539022051294,0,0,1,5.676753802268282
4.6,0,1,0,0,0.07,0,0,0,0,1,0,"Office Supplies, Ink & Toner",5.303304908059076,4.454231010422805,0,0,1,4.8283137373023015
4.4,0,1,0,0,0.0,0,0,0,0,1,0,Wearables,4.61512051684126,5.10594547390058,0,0,1,6.356107660695892
4.6,0,1,0,0,0.23,0,0,0,0,1,0,Computer Peripherals,5.303304908059076,4.18950321539533,0,0,1,8.469472455204826
3.9,0,1,0,0,0.0,0,0,0,0,1,0,"Audio, Sound & Recording Gear",3.9318256327243257,5.641516923918676,0,0,1,3.4339872044851463
4.4,0,1,0,0,0.0,0,0,0,0,1,0,"Office Supplies, Ink & Toner",5.303304908059076,4.691347882229144,0,0,1,6.911747300251674
4.4,0,1,0,0,0.09,0,0,0,0,1,0,Computer Peripherals,4.61512051684126,5.480222169845649,0,0,1,4.90527477843843
4.6,0,1,0,0,0.0,0,0,0,0,1,0,Small Gadget Accessories (Cases & Protectors),6.2166061010848646,2.0731719286662407,0,1,0,8.049746290952191
3.7,0,1,1,0,0.31,0,0,0,0,1,0,"Office Supplies, Ink & Toner",4.61512051684126,6.042609080431154,1,0,0,7.444248649496705
4.0,0,1,0,0,0.0,0,0,0,0,1,0,Computer Peripherals,5.303304908059076,5.017213609456379,0,0,1,6.408528791059498
4.6,0,1,0,0,0.0,0,0,0,0,1,0,PC Components,5.303304908059076,4.564244019375446,0,1,0,7.207118856207756
3.8,0,1,0,0,0.0,0,0,0,0,1,0,"Office Supplies, Ink & Toner",5.303304908059076,3.58324112209094,0,0,1,4.248495242049359
4.7,0,1,0,0,0.35,0,0,0,0,1,0,Storage & Memory Cards,6.2166061010848646,3.039749158970765,0,1,0,7.848153086199526
4.8,0,1,0,0,0.0,0,0,0,0,1,0,Small Gadget Accessories (Cases & Protectors),3.9318256327243257,7.438965713483813,1,0,0,3.1354942159291497
4.3,0,0,1,0,0.31,0,0,0,0,1,0,Printers & Scanners (Hardware),4.61512051684126,6.042609080431154,0,0,1,5.648974238161206
5.0,0,1,0,0,0.0,0,0,0,0,1,0,Other Electronics,3.9318256327243257,7.170119543449628,1,0,0,0.6931471805599453
4.5,0,1,0,0,0.0,0,0,0,0,1,0,"Audio, Sound & Recording Gear",4.61512051684126,5.916202062607435,0,0,1,8.215006432761575
4.8,0,0,0,0,0.0,0,0,0,0,1,0,Printers & Scanners (Hardware),5.303304908059076,4.912140047347156,0,1,0,6.703188113240863
4.3,0,0,0,0,0.0,0,0,0,0,1,0,TV & Video Displays,5.303304908059076,3.987686909349136,0,1,0,7.323830566202317
4.6,0,1,0,0,0.47,0,0,0,0,1,0,"Audio, Sound & Recording Gear",5.993961427306569,4.0943445622221,0,0,1,6.082218910376446
4.5,0,0,0,0,0.0,0,0,0,0,1,0,"Audio, Sound & Recording Gear",4.61512051684126,6.907755278982137,1,0,0,7.950502434808851
4.6,0,1,0,0,0.0,0,0,0,0,1,0,TV & Video Displays,5.303304908059076,3.7495040759303713,0,1,0,5.181783550292085
4.5,0,1,1,0,0.0,0,0,0,0,1,0,Small Gadget Accessories (Cases & Protectors),6.2166061010848646,3.26918863874179,0,0,1,9.320897362540826
4.4,0,1,0,0,0.16,0,0,0,0,1,0,PC Components,4.61512051684126,6.21658614080582,0,0,1,7.103322062526113
4.6,0,1,0,0,0.2,0,0,0,0,1,0,Computer Peripherals,4.61512051684126,5.620364633176702,0,0,1,6.950814768442584
4.3,0,1,0,0,0.0,0,0,0,0,1,0,Laptops,3.9318256327243257,6.295266001439646,0,0,1,4.709530201312334
4.5,0,0,0,0,0.0,0,0,0,0,1,0,Laptops,5.707110264748875,4.020877410340228,0,1,0,6.913737350659685
4.6,0,0,0,0,0.0,0,0,0,0,1,0,Video Game Consoles & Virtual Reality,4.61512051684126,5.707110264748875,0,0,1,8.674880467251832
4.5,0,1,0,0,0.0,0,0,0,0,1,0,"Office Supplies, Ink & Toner",4.61512051684126,5.700443573390687,0,0,1,5.3981627015177525
4.6,0,1,0,0,0.0,0,0,0,0,1,0,TV & Video Displays,5.707110264748875,3.7133281345162463,0,1,0,8.070906088787819
4.2,0,1,0,0,0.35,0,0,0,0,1,0,Wearables,5.303304908059076,4.614625344758847,0,0,1,6.6293632534374485
4.1,0,1,1,0,0.14,0,0,0,0,1,0,Wearables,6.90875477931522,2.0781907597781832,0,1,0,7.785720896534624
4.7,0,0,0,0,0.0,0,0,0,0,1,0,PC Components,4.61512051684126,5.267806611343015,0,0,1,8.966866554188723
4.4,0,1,0,0,0.0,0,0,0,0,1,0,"Chargers, Adapters & Cables",5.707110264748875,2.976039640208255,0,0,1,6.967909201801884
4.5,0,0,0,0,0.12,0,0,0,0,1,0,Video Game Consoles & Virtual Reality,5.993961427306569,3.258096538021482,0,1,0,6.565264970035361
4.2,0,0,0,0,0.0,0,0,0,0,1,0,Computer Peripherals,5.303304908059076,4.663344750039164,0,0,1,6.625392368007956
4.6,0,1,0,0,0.0,0,0,0,0,1,0,Storage & Memory Cards,6.2166061010848646,2.171336806384092,0,1,0,12.60505679753865
4.5,0,0,0,0,0.0,0,0,0,0,1,0,TV & Video Displays,4.61512051684126,4.9486889658772695,0,0,1,5.1647859739235145
4.8,0,0,0,0,0.0,0,0,0,0,1,0,"Office Supplies, Ink & Toner",4.61512051684126,5.9398817371306265,1,0,0,2.8903717578961645
4.6,0,0,0,0,0.0,0,0,0,0,1,0,TV & Video Displays,4.61512051684126,4.874433672915854,0,0,1,6.535241271013659
4.3,0,0,0,0,0.0,0,0,0,0,1,0,Cameras & Photography,4.61512051684126,4.930653695666623,0,0,1,4.31748811353631
4.2,0,1,0,0,0.25,0,0,0,0,1,0,"Audio, Sound & Recording Gear",6.2166061010848646,3.713572066704308,0,1,0,7.655864017616056
4.7,0,1,0,0,0.34,0,0,0,0,1,0,PC Components,4.61512051684126,5.993712019648461,0,0,1,6.977281341630747
4.5,0,1,0,0,0.1,1,0,0,0,0,0,Small Gadget Accessories (Cases & Protectors),6.2166061010848646,2.39698576841553,0,1,0,9.191463316206494
4.7,0,1,0,0,0.2,0,0,0,0,1,0,"Chargers, Adapters & Cables",6.2166061010848646,3.0440461338325417,0,0,1,6.683360945766275
3.7,0,0,1,0,0.0,0,0,0,0,1,0,Printers & Scanners (Hardware),5.303304908059076,5.564482092412441,0,0,1,5.262690188904886
4.6,0,1,0,0,0.0,0,0,0,0,1,0,Computer Peripherals,5.303304908059076,4.382026634673881,0,0,1,7.470224135899966
4.5,0,1,0,0,0.47,0,0,0,0,1,0,"Audio, Sound & Recording Gear",6.2166061010848646,2.9439125248241944,0,1,0,8.865170419651774
4.5,0,1,0,0,0.0,0,0,0,0,1,0,"Audio, Sound & Recording Gear",5.993961427306569,3.177637076851603,0,1,0,8.102283624480073
4.7,0,0,0,0,0.0,0,0,0,0,1,0,PC Components,4.61512051684126,4.6150215020384655,0,0,1,6.858565034791365
4.2,0,0,1,0,0.0,1,0,0,0,0,0,Laptops,4.61512051684126,5.303304908059076,0,0,1,6.373319789577012
4.4,0,1,0,0,0.29,0,0,0,0,1,0,"Audio, Sound & Recording Gear",5.303304908059076,5.017213609456379,0,0,1,9.247732491193243
4.8,0,1,0,0,0.0,0,0,0,0,1,0,Computer Peripherals,6.2166061010848646,2.740194654428777,0,1,0,5.616771097666572
4.2,0,0,0,0,0.0,0,0,0,0,1,0,Laptops,4.61512051684126,5.796057750765372,0,0,1,7.035268599281097
4.6,1,1,0,0,0.0,0,0,0,0,1,0,PC Components,0.0,6.214608098422191,0,0,1,5.209486152841421
3.5,0,0,0,0,0.0,0,0,0,0,1,0,Video Game Consoles & Virtual Reality,4.61512051684126,5.135739611790679,0,0,1,4.7535901911063645
4.3,0,1,0,0,0.0,0,0,0,0,1,0,Laptops,3.9318256327243257,6.326149473155099,0,0,1,4.68213122712422
4.4,0,1,0,0,0.06,0,0,0,0,1,0,TV & Video Displays,5.303304908059076,4.6149224774307696,0,0,1,6.646390514847729
5.0,0,1,0,0,0.38,0,0,0,0,1,0,Small Gadget Accessories (Cases & Protectors),5.303304908059076,4.3943256902608985,0,0,1,2.079441541679836
4.5,0,0,0,0,0.0,0,0,0,0,1,0,"Office Supplies, Ink & Toner",5.303304908059076,4.085135623136791,0,0,1,6.206575926724928
3.9,0,1,0,0,0.0,0,0,0,0,1,0,Printers & Scanners (Hardware),0.0,6.903747257584598,1,0,0,1.9459101490553128
4.8,0,0,0,0,0.0,0,0,0,0,1,0,Laptops,3.9318256327243257,7.090901495650648,0,0,1,2.302585092994046
4.4,0,1,0,0,0.0,0,0,0,0,1,0,"Audio, Sound & Recording Gear",5.707110264748875,3.8916161956504833,0,1,0,7.044032897274685
4.6,0,0,0,0,0.25,0,0,0,0,1,0,"Chargers, Adapters & Cables",6.2166061010848646,2.196112848483529,0,1,0,9.676524215119054
4.8,0,1,0,0,0.0,0,0,0,0,1,0,Small Gadget Accessories (Cases & Protectors),5.993961427306569,3.3995293245614584,0,0,1,8.186185994226083
4.3,0,1,0,0,0.0,0,0,0,0,1,0,Computer Peripherals,4.61512051684126,5.855071922202427,0,0,1,5.66988092298052
4.6,0,1,0,0,0.0,0,0,0,0,1,0,Small Gadget Accessories (Cases & Protectors),6.2166061010848646,3.2561716096118976,0,0,1,7.784889295655098
4.6,0,0,1,0,0.0,0,0,0,0,1,0,Cameras & Photography,4.61512051684126,5.129602813160299,0,0,1,9.614270969992395
3.7,0,0,0,0,0.0,0,0,0,0,1,0,TV & Video Displays,3.9318256327243257,6.274743188672893,0,0,1,4.30406509320417
4.0,0,1,0,0,0.0,0,0,0,0,1,0,Wearables,5.993961427306569,4.110709916308365,0,0,1,6.293419278846481
4.6,0,0,0,0,0.0,0,0,0,0,1,0,Power & Batteries,4.61512051684126,5.18604412406525,1,0,0,7.461640392208575
4.4,0,0,1,0,0.0,0,0,0,0,1,0,TV & Video Displays,3.9318256327243257,7.694392802629421,1,0,0,5.4638318050256105
4.6,0,1,0,0,0.22,0,0,0,0,1,0,"Audio, Sound & Recording Gear",6.2166061010848646,3.0349529867072724,0,1,0,8.348537825386098
4.0,0,0,0,0,0.0,0,0,0,0,1,0,Computer Peripherals,5.303304908059076,4.614526280912116,0,0,1,8.773229786032473
4.6,0,1,0,0,0.1,0,0,0,0,1,0,"Chargers, Adapters & Cables",5.707110264748875,3.492864570187979,0,0,1,5.298317366548036
4.7,0,1,0,0,0.0,0,0,0,0,1,0,"Office Supplies, Ink & Toner",5.707110264748875,4.060270581888349,0,0,1,6.86484777797086
3.9,1,1,0,1,0.08,0,0,0,0,1,0,"Audio, Sound & Recording Gear",6.2166061010848646,3.518091133133655,0,1,0,8.754002933494261
4.6,0,1,0,0,0.0,0,0,0,0,1,0,"Audio, Sound & Recording Gear",5.303304908059076,4.614625344758847,0,0,1,5.652489180268651
4.7,0,1,0,0,0.0,0,0,0,0,1,0,Power & Batteries,5.303304908059076,4.454231010422805,1,0,0,6.7580945044277305
4.5,0,0,0,0,0.0,0,0,0,0,1,0,Power & Batteries,5.707110264748875,3.931629535067065,0,0,1,7.607878073278507
4.8,0,0,0,0,0.0,0,0,0,0,1,0,Cameras & Photography,6.2166061010848646,3.7612001156935615,0,1,0,7.1891677384203225
3.9,0,0,0,0,0.0,0,0,0,0,1,0,Networking,5.303304908059076,4.875120984409557,0,0,1,6.683360945766275
4.1,0,1,1,0,0.0,0,0,0,0,1,0,Printers & Scanners (Hardware),3.9318256327243257,6.685848462595922,0,0,1,3.951243718581428
4.7,0,1,0,0,0.57,0,0,0,0,1,0,Other Electronics,6.2166061010848646,2.079441541679836,0,1,0,8.440528106480752
4.1,0,1,0,0,0.0,0,0,0,0,1,0,Laptops,4.61512051684126,5.753587996191707,0,0,1,2.9444389791664403
4.7,0,1,0,0,0.0,0,0,0,0,1,0,PC Components,5.303304908059076,4.5107496103686,0,1,0,5.313205979041787
4.8,0,0,0,0,0.0,0,0,0,0,1,0,Storage & Memory Cards,0.0,5.693934138601387,0,0,1,8.57810012631976
4.4,0,0,0,0,0.0,0,0,0,0,1,0,Laptops,4.61512051684126,5.786897381366708,0,0,1,6.0473721790462776
4.7,0,1,0,0,0.0,0,0,0,0,1,0,"Chargers, Adapters & Cables",6.2166061010848646,2.5160822672564502,0,1,0,3.1354942159291497
4.4,0,0,0,0,0.0,0,0,0,0,1,0,TV & Video Displays,4.61512051684126,5.271459912378154,0,0,1,3.4657359027997265
4.1,0,1,0,0,0.0,0,0,0,0,1,0,"Audio, Sound & Recording Gear",5.993961427306569,3.077312260546414,0,1,0,6.335054251498059
4.7,0,1,0,0,0.3,0,0,0,0,1,0,TV & Video Displays,4.61512051684126,5.886104031450156,0,0,1,4.68213122712422
4.8,0,0,0,0,0.0,0,0,0,0,1,0,"Office Supplies, Ink & Toner",4.61512051684126,5.9398817371306265,1,0,0,3.218875824868201
4.9,0,1,0,0,0.0,0,0,0,0,1,0,Small Gadget Accessories (Cases & Protectors),5.993961427306569,3.433664571799657,0,0,1,6.645090969505644
4.3,0,1,0,0,0.17,0,0,0,0,1,0,"Chargers, Adapters & Cables",5.707110264748875,4.110709916308365,0,0,1,8.21716859576607
4.7,0,0,0,0,0.0,0,0,0,0,1,0,Tablets & E-readers (DEVICES ONLY),5.303304908059076,4.204543354520176,0,0,1,5.267858159063328
4.2,0,1,0,0,0.0,0,0,0,0,1,0,Cameras & Photography,4.61512051684126,5.111987788356544,0,0,1,5.634789603169249
4.3,1,1,0,0,0.42,0,0,0,0,1,0,"Chargers, Adapters & Cables",8.517393171418904,4.356580613342406,0,0,1,6.395261598115449
4.8,0,0,0,0,0.0,0,0,0,0,1,0,"Audio, Sound & Recording Gear",3.9318256327243257,6.478478919770434,1,0,0,6.786716950605081
4.1,0,1,0,0,0.0,0,0,0,0,1,0,"Audio, Sound & Recording Gear",5.303304908059076,5.04336059870896,0,0,1,6.889591308354466
4.5,0,1,0,0,0.24,0,0,0,0,1,0,PC Components,4.61512051684126,4.990364557253896,0,0,1,8.211482916445066
4.7,0,1,1,0,0.05,0,0,0,0,1,0,TV & Video Displays,5.707110264748875,3.969914483843924,0,1,0,11.747198849271191
4.5,0,1,0,0,0.11,0,0,0,0,1,0,PC Components,3.9318256327243257,5.5093883366279774,0,0,1,1.0986122886681098
4.6,0,1,0,0,0.16,0,0,0,0,1,0,"Audio, Sound & Recording Gear",6.2166061010848646,2.2975725511705014,0,1,0,8.364973978438726
5.0,0,0,0,0,0.0,0,0,0,0,1,0,Storage & Memory Cards,3.9318256327243257,5.901813325155335,0,0,1,1.9459101490553128
4.7,0,1,0,0,0.12,0,0,0,0,1,0,"Office Supplies, Ink & Toner",6.68586094706836,2.1815467646169897,0,1,0,7.173191742486599
4.7,0,1,1,0,0.0,0,0,0,0,1,0,Small Gadget Accessories (Cases & Protectors),6.2166061010848646,2.39698576841553,0,1,0,9.913091288678824
3.8,0,1,0,0,0.09,0,0,0,0,1,0,Computer Peripherals,5.303304908059076,4.18950321539533,0,0,1,7.814399633804487
3.9,0,1,0,0,0.0,0,0,0,0,1,0,Networking,4.61512051684126,5.496922293415092,0,0,1,4.948759890378168
4.5,0,1,0,0,0.0,0,0,0,0,1,0,Computer Peripherals,5.707110264748875,3.6373229671995344,0,0,1,5.942799375126701
4.4,0,1,0,0,0.0,0,0,0,0,1,0,Computer Peripherals,4.61512051684126,4.927181218763463,0,0,1,3.610917912644224
4.7,0,1,0,0,0.41,0,0,0,0,1,0,Power & Batteries,6.68586094706836,3.0430928449138284,0,0,1,7.334329350300536
4.3,0,1,0,0,0.0,0,0,0,0,1,0,"Audio, Sound & Recording Gear",3.9318256327243257,6.552493621597604,1,0,0,5.068904202220232
4.8,0,1,0,0,0.0,0,0,0,0,1,0,"Office Supplies, Ink & Toner",4.61512051684126,6.1675164908883415,1,0,0,3.8918202981106265
4.3,0,1,0,0,0.0,0,0,0,0,1,0,Cameras & Photography,5.707110264748875,3.7133281345162463,0,1,0,8.197538739721184
4.4,0,1,0,0,0.11,0,0,0,0,1,0,Computer Peripherals,5.707110264748875,3.8284239815518326,0,0,1,4.343805421853684
4.7,0,1,0,0,0.0,0,0,0,0,1,0,Cameras & Photography,5.993961427306569,3.3655702040190043,0,1,0,7.01211529430638
4.6,0,0,0,0,0.0,0,0,0,0,1,0,Laptops,5.303304908059076,4.454231010422805,0,1,0,4.564348191467836
4.2,0,0,0,0,0.85,0,0,0,0,1,0,Wearables,5.303304908059076,5.7348934696812535,0,0,1,7.106606137727303
4.3,0,0,0,0,0.2,0,0,0,0,1,0,Computer Peripherals,5.707110264748875,3.988798844230196,0,0,1,3.4339872044851463
4.5,0,0,0,0,0.0,0,0,0,0,1,0,PC Components,5.303304908059076,3.828641396489095,0,1,0,6.501289670540389
4.8,0,1,0,0,0.0,0,0,0,0,1,0,PC Components,4.61512051684126,5.278063637520769,0,0,1,3.912023005428146
4.2,0,0,0,0,0.0,0,0,0,0,1,0,Mobile Cell Phones & Smartphones,5.303304908059076,3.884446237657912,0,0,1,5.755742213586912
4.5,0,1,0,0,0.0,0,0,0,0,1,0,TV & Video Displays,4.61512051684126,6.107824348224177,0,0,1,7.149916836132109
4.1,0,1,0,0,0.05,0,0,0,0,1,0,Cameras & Photography,5.707110264748875,4.110709916308365,0,1,0,5.010635294096256
4.1,0,1,0,0,0.0,0,0,0,0,1,0,Mobile Cell Phones & Smartphones,4.61512051684126,5.111987788356544,0,0,1,5.529429087511423
4.5,0,1,0,0,0.0,0,0,0,0,1,0,"Chargers, Adapters & Cables",5.303304908059076,4.510309904964132,0,0,1,8.409385238781931
4.6,0,1,0,0,0.26,0,0,0,0,1,0,Storage & Memory Cards,5.993961427306569,3.295466427029913,0,0,1,9.148677711584076
4.4,0,1,0,0,0.0,0,0,0,0,1,0,Laptops,0.0,7.638174159217316,1,0,0,2.5649493574615367
4.8,0,0,0,0,0.0,0,0,0,0,1,0,Power & Batteries,6.68586094706836,2.66374994220563,0,0,1,7.756195343948118
4.7,0,0,0,0,0.0,0,0,0,0,1,0,Power & Batteries,6.55250788703459,2.3933394562625097,0,0,1,9.95551058060328
3.6,0,0,0,0,0.0,0,0,0,0,1,0,Laptops,3.9318256327243257,6.385312435875956,0,0,1,3.091042453358316
4.0,0,1,0,0,0.0,0,0,0,0,1,0,Computer Peripherals,4.61512051684126,5.525413097700675,0,0,1,6.709304340258298
4.5,0,1,0,0,0.0,0,0,0,0,1,0,Small Gadget Accessories (Cases & Protectors),5.993961427306569,3.295466427029913,0,0,1,6.008813185442595
4.5,0,1,0,0,0.0,0,0,0,0,1,0,"Chargers, Adapters & Cables",5.707110264748875,2.67552700939665,0,1,0,6.555356891810665
4.7,0,1,0,0,0.05,0,0,0,0,1,0,Power & Batteries,6.55250788703459,2.379546134130174,0,0,1,7.476472381163905
4.6,0,1,0,0,0.06,0,0,0,0,1,0,Power & Batteries,5.993961427306569,2.9439125248241944,0,0,1,7.085901464365611
4.8,0,1,0,0,0.0,0,0,0,0,1,0,"Chargers, Adapters & Cables",6.2166061010848646,2.769458829230853,0,0,1,6.343880434126331
4.5,0,1,0,0,0.0,0,0,0,0,1,0,"Audio, Sound & Recording Gear",4.61512051684126,4.919907930463299,0,0,1,8.40200678160712
4.5,0,1,1,0,0.0,0,0,0,0,1,0,"Audio, Sound & Recording Gear",3.9318256327243257,6.398511736398798,1,0,0,6.453624998892692
3.9,0,1,0,0,0.0,0,0,0,0,1,0,Small Gadget Accessories (Cases & Protectors),4.61512051684126,4.983538126211888,1,0,0,3.332204510175204
4.3,0,1,0,0,0.25,0,0,0,0,1,0,Storage & Memory Cards,5.303304908059076,4.3943256902608985,0,0,1,6.442540166468199
4.6,0,1,0,0,0.0,0,0,0,0,1,0,Laptops,5.303304908059076,4.6150215020384655,0,1,0,5.111987788356544
4.7,0,1,0,0,0.0,0,0,0,0,1,0,"Office Supplies, Ink & Toner",6.2166061010848646,3.18179681662678,0,1,0,7.1693500166706
4.8,0,0,0,0,0.0,0,0,0,0,1,0,PC Components,3.9318256327243257,5.66988092298052,0,0,1,4.406719247264253
4.0,0,1,0,0,0.15,0,0,0,0,1,0,Other Electronics,5.993961427306569,3.0440461338325417,0,1,0,7.1180162044653335
4.4,0,1,0,0,0.0,0,0,0,0,1,0,"Audio, Sound & Recording Gear",4.61512051684126,5.480638923341991,0,0,1,4.532599493153256
4.8,0,1,0,0,0.0,0,0,0,0,1,0,Cameras & Photography,5.707110264748875,3.762129915853529,0,1,0,7.344072850573066
4.5,0,1,0,0,0.0,0,0,0,0,1,0,Computer Peripherals,5.303304908059076,4.51085950651685,0,0,1,7.313886831633462
5.0,0,1,0,0,0.05,0,0,0,0,1,0,"Office Supplies, Ink & Toner",4.61512051684126,5.700443573390687,0,0,1,1.791759469228055
4.4,0,1,1,0,0.38,0,0,0,0,1,0,Cameras & Photography,5.303304908059076,5.170199863767594,0,0,1,6.556778356158042
4.4,0,1,0,0,0.46,0,0,0,0,1,0,Small Gadget Accessories (Cases & Protectors),5.707110264748875,4.510309904964132,0,0,1,5.187385805840755
4.5,0,1,0,0,0.16,0,0,0,0,1,0,PC Components,4.61512051684126,5.480638923341991,0,0,1,5.762051382780177
4.4,0,1,0,0,0.0,0,0,0,0,1,0,"Chargers, Adapters & Cables",6.55250788703459,2.39698576841553,0,1,0,7.667158255319148
4.6,0,1,0,0,0.0,0,0,0,0,1,0,Networking,4.61512051684126,5.298317366548036,0,0,1,5.25227342804663
4.5,0,1,0,0,0.52,0,0,0,0,1,0,"Chargers, Adapters & Cables",6.2166061010848646,2.8627721462977607,0,0,1,9.085910293598008
4.5,0,1,1,0,0.0,0,0,0,0,1,0,Small Gadget Accessories (Cases & Protectors),5.707110264748875,3.4008639927609177,0,0,1,7.660114319173928
4.0,0,1,0,0,0.05,0,0,0,0,1,0,Computer Peripherals,4.61512051684126,4.875120984409557,0,0,1,7.970740390007095
4.5,0,1,1,0,0.28,0,0,0,0,1,0,Computer Peripherals,5.707110264748875,3.7133281345162463,0,0,1,8.981304494957135
4.5,0,1,1,0,0.0,0,0,0,0,1,0,PC Components,6.90875477931522,2.196112848483529,0,1,0,8.799058378546453
4.4,0,1,0,0,0.17,0,0,0,0,1,0,Small Gadget Accessories (Cases & Protectors),5.707110264748875,3.7534960971999087,0,0,1,4.127134385045092
4.5,0,1,0,0,0.22,0,0,0,0,1,0,Networking,3.9318256327243257,6.803494158767612,1,0,0,5.187385805840755
4.3,0,1,0,0,0.22,0,0,0,0,1,0,"Office Supplies, Ink & Toner",4.61512051684126,5.779168201562091,0,0,1,5.802118375377063
4.6,0,1,0,0,0.0,0,0,0,0,1,0,TV & Video Displays,6.2166061010848646,2.0781907597781832,0,1,0,10.416520737844118
4.2,0,1,0,0,0.0,1,0,0,0,0,0,"Audio, Sound & Recording Gear",5.303304908059076,4.418720118610357,0,0,1,7.261225091971921
4.5,0,1,0,0,0.33,0,0,0,0,1,0,Computer Peripherals,5.707110264748875,3.433664571799657,0,1,0,6.400257445308821
3.8,0,1,0,0,0.12,0,0,0,0,1,0,Computer Peripherals,4.61512051684126,5.181165381737178,0,0,1,4.04305126783455
4.4,0,1,0,0,0.0,0,0,0,0,1,0,Computer Peripherals,5.303304908059076,4.3943256902608985,0,0,1,6.61338421837956
4.4,0,0,0,0,0.0,0,0,0,0,1,0,"Office Supplies, Ink & Toner",4.61512051684126,5.504884281457445,0,0,1,6.442540166468199
4.3,0,1,0,0,0.07,0,0,0,0,1,0,Smart Home & Security,4.61512051684126,5.993836731253038,0,0,1,4.127134385045092
3.9,0,0,0,0,0.05,0,0,0,0,1,0,PC Components,4.61512051684126,5.703782474656201,0,0,1,4.454347296253507
4.5,0,1,1,0,0.12,0,0,0,0,1,0,Computer Peripherals,5.303304908059076,4.875120984409557,0,0,1,5.147494476813453
4.3,0,0,0,0,0.15,0,0,0,0,1,0,Small Gadget Accessories (Cases & Protectors),5.303304908059076,4.262539022051294,0,0,1,7.534762657037537
4.3,0,0,0,0,0.0,0,0,0,0,1,0,Computer Peripherals,5.303304908059076,4.7535901911063645,0,0,1,6.7226297948554485
4.3,0,1,0,0,0.0,0,0,0,0,1,0,Wearables,5.303304908059076,4.6150215020384655,0,0,1,6.282266746896006
4.1,0,0,1,0,0.3,0,0,0,0,1,0,Computer Peripherals,4.61512051684126,5.141605075260502,0,0,1,6.440946540632921
2.3,0,1,0,0,0.0,0,0,0,0,1,0,Storage & Memory Cards,3.9318256327243257,5.831853151340319,0,0,1,2.302585092994046
4.8,0,1,0,0,0.0,0,0,0,0,1,0,PC Components,5.303304908059076,4.972725721023036,0,0,1,9.33820574297408
4.5,0,0,0,0,0.0,0,0,0,0,1,0,"Audio, Sound & Recording Gear",5.303304908059076,4.81112688587948,0,0,1,6.267200548541362
4.4,0,1,0,0,0.0,0,0,0,0,1,0,"Chargers, Adapters & Cables",5.707110264748875,3.4378506993101907,0,0,1,8.293299358711323
4.7,0,0,0,0,0.0,1,0,0,0,0,0,"Chargers, Adapters & Cables",4.61512051684126,4.86576365274914,1,0,0,5.402677381872279
4.5,0,1,0,0,0.07,0,0,0,0,1,0,"Audio, Sound & Recording Gear",3.9318256327243257,5.707077041605631,0,0,1,4.007333185232471
4.6,0,1,0,0,0.0,0,0,0,0,1,0,"Office Supplies, Ink & Toner",5.303304908059076,3.609294974771094,0,0,1,7.566828479208331
4.4,0,1,0,0,0.0,0,0,0,0,1,0,PC Components,3.9318256327243257,6.214608098422191,0,0,1,7.543273346705446
4.2,0,1,0,0,0.1,0,0,0,0,1,0,Wearables,5.303304908059076,4.6150215020384655,0,0,1,7.200424892944957
4.6,0,1,0,0,0.07,0,0,0,0,1,0,PC Components,4.61512051684126,5.814100680633255,0,0,1,4.59511985013459
4.4,1,1,0,0,0.0,0,0,0,0,1,0,TV & Video Displays,0.0,4.875120984409557,0,0,1,2.5649493574615367
4.7,1,0,0,0,0.17,0,0,0,0,1,0,TV & Video Displays,9.210440366976515,3.610647605844363,0,1,0,11.621106997814756
4.5,1,1,0,0,0.25,0,0,0,0,1,0,TV & Video Displays,4.61512051684126,6.042609080431154,0,0,1,6.495265555937008
4.2,0,0,0,0,0.0,0,0,0,0,1,0,Computer Peripherals,4.61512051684126,5.30325515557766,0,0,1,4.23410650459726
4.6,0,1,0,0,0.36,0,0,0,0,1,0,"Office Supplies, Ink & Toner",4.61512051684126,5.953217359924479,1,0,0,5.634789603169249
4.4,0,0,1,0,0.0,0,0,0,0,1,0,Cameras & Photography,4.61512051684126,5.637108341388208,0,0,1,8.841448244098858
4.7,0,0,0,0,0.15,0,0,0,0,1,0,Tablets & E-readers (DEVICES ONLY),5.993961427306569,3.331847303527362,0,1,0,6.464588303689961
4.5,0,1,0,0,0.0,0,0,0,0,1,0,"Audio, Sound & Recording Gear",5.707110264748875,3.433664571799657,0,1,0,7.372118028337787
4.3,0,1,0,0,0.11,0,0,0,0,1,0,Smart Home & Security,5.303304908059076,4.510639702141858,0,0,1,2.3978952727983707
4.6,0,1,0,0,0.16,0,0,0,0,1,0,Power & Batteries,5.707110264748875,3.911822985425479,0,0,1,7.526178913346146
4.5,0,1,0,0,0.0,0,0,0,0,1,0,Computer Peripherals,3.9318256327243257,6.320750308477328,1,0,0,3.1780538303479458
3.8,0,1,0,0,0.0,0,0,0,0,1,0,Smart Home & Security,5.303304908059076,4.3943256902608985,0,0,1,5.537334267018537
4.6,0,0,0,0,0.0,0,0,0,0,1,0,Laptops,3.9318256327243257,7.170888478512505,0,0,1,3.8501476017100575
4.6,0,0,0,0,0.0,0,0,0,0,1,0,Cameras & Photography,3.9318256327243257,6.744059186311348,0,0,1,3.555348061489413
3.4,0,0,0,0,0.0,0,0,0,0,1,0,PC Components,0.0,6.186208623900494,0,0,1,4.897839799950911
4.4,0,1,0,0,0.0,0,0,0,0,1,0,"Audio, Sound & Recording Gear",4.61512051684126,5.521460917862246,0,0,1,5.659482215759621
4.9,0,1,0,0,0.15,0,0,0,0,1,0,TV & Video Displays,4.61512051684126,5.393627546352362,0,0,1,3.7612001156935615
4.4,0,0,0,0,0.0,0,0,0,0,1,0,Power & Batteries,4.61512051684126,5.398117451625214,1,0,0,4.219507705176107
4.3,0,1,0,0,0.0,0,0,0,0,1,0,PC Components,4.61512051684126,5.480597255807245,0,0,1,6.79346613258001
4.3,0,0,0,0,0.2,0,0,0,0,1,0,"Office Supplies, Ink & Toner",5.303304908059076,4.453998398186353,0,0,1,6.648984550024776
4.6,0,1,1,0,0.0,0,0,0,0,1,0,Cameras & Photography,5.707110264748875,3.849083205654272,0,1,0,6.766191714660351
4.1,0,0,0,0,0.0,0,0,0,0,1,0,"Office Supplies, Ink & Toner",4.61512051684126,5.525413097700675,0,0,1,8.33758794211651
4.1,0,0,0,0,0.0,0,0,0,0,1,0,Small Gadget Accessories (Cases & Protectors),5.707110264748875,3.7123518102990793,0,0,1,3.784189633918261
4.4,0,1,0,0,0.1,0,0,0,0,1,0,"Audio, Sound & Recording Gear",4.61512051684126,5.278063637520769,0,0,1,5.84354441703136
4.8,0,1,0,0,0.22,0,0,0,0,1,0,PC Components,4.61512051684126,5.438079308923196,0,0,1,6.638567789166521
4.9,0,1,0,0,0.0,0,0,0,0,1,0,"Office Supplies, Ink & Toner",4.61512051684126,4.18950321539533,0,0,1,3.044522437723423
4.7,0,1,0,0,0.0,0,0,0,0,1,0,Storage & Memory Cards,5.303304908059076,4.488524003868771,0,0,1,5.402677381872279
4.6,0,1,0,0,0.0,0,0,0,0,1,0,"Audio, Sound & Recording Gear",4.61512051684126,5.176093233802662,0,0,1,4.90527477843843
4.6,0,1,0,1,0.0,0,0,0,0,1,0,"Office Supplies, Ink & Toner",6.2166061010848646,2.8616292890305104,0,1,0,7.059617628291383
4.5,0,1,0,0,0.17,0,0,0,0,1,0,PC Components,0.0,7.4960917926896915,1,0,0,2.302585092994046
4.6,0,1,0,0,0.0,0,0,0,0,1,0,"Chargers, Adapters & Cables",6.2166061010848646,2.1186622548331173,0,1,0,7.455876687491824
4.6,0,1,1,0,0.41,0,0,0,0,1,0,"Chargers, Adapters & Cables",5.707110264748875,3.7133281345162463,0,0,1,5.700443573390687
4.3,0,0,0,0,0.0,0,0,0,0,1,0,TV & Video Displays,3.9318256327243257,6.150602768446279,0,0,1,7.546446273746024
4.1,0,1,0,0,0.0,0,0,0,0,1,0,Computer Peripherals,6.2166061010848646,2.2364452904895007,0,1,0,8.84779106484485
4.6,0,1,0,0,0.0,0,0,0,0,1,0,Storage & Memory Cards,5.993961427306569,2.9439125248241944,0,1,0,8.159374736775426
4.6,0,1,0,0,0.33,0,0,0,0,1,0,TV & Video Displays,5.993961427306569,3.433664571799657,0,1,0,8.52912176228151
3.9,0,1,0,0,0.0,0,0,0,0,1,0,Printers & Scanners (Hardware),4.61512051684126,4.709440107163888,0,1,0,5.209486152841421
4.7,0,0,0,0,0.0,0,0,0,0,1,0,Cameras & Photography,3.9318256327243257,6.694821925742783,0,0,1,5.41164605185504
4.1,0,1,1,0,0.0,0,0,0,0,1,0,TV & Video Displays,5.303304908059076,4.709079649378603,0,0,1,7.8434564043761155
4.7,0,1,0,0,0.0,0,0,0,0,1,0,Cameras & Photography,5.303304908059076,4.51085950651685,0,0,1,7.109879463072272
4.3,0,1,0,0,0.0,0,0,0,0,1,0,PC Components,5.707110264748875,3.49620448524049,0,1,0,6.959398512133975
4.7,0,1,0,0,0.0,0,0,0,0,1,0,Small Gadget Accessories (Cases & Protectors),6.398594934535208,2.9512577834521614,0,1,0,8.423980809694058
4.4,0,1,0,0,0.0,0,0,0,0,1,0,"Audio, Sound & Recording Gear",6.2166061010848646,2.5922651681085,0,1,0,6.683360945766275
4.1,0,0,0,0,0.0,0,0,0,0,1,0,"Chargers, Adapters & Cables",4.61512051684126,4.638604962074329,0,0,1,3.555348061489413
4.2,0,0,0,0,0.0,0,0,0,0,1,0,TV & Video Displays,3.9318256327243257,6.589449036986547,0,0,1,7.095064377287131
4.5,0,1,0,0,0.67,0,0,0,0,1,0,Small Gadget Accessories (Cases & Protectors),5.993961427306569,4.110709916308365,0,0,1,5.030437921392435
4.2,0,0,0,0,0.0,0,0,0,0,1,0,Small Gadget Accessories (Cases & Protectors),5.707110264748875,3.801314883443725,0,0,1,7.964850887447313
4.6,0,1,0,0,0.0,0,0,0,0,1,0,PC Components,5.993961427306569,3.4011973816621555,0,1,0,6.659293919683638
4.8,0,0,0,0,0.0,0,0,0,0,1,0,Storage & Memory Cards,4.61512051684126,5.246708232814807,0,0,1,3.871201010907891
4.7,0,1,0,0,0.0,0,0,0,0,1,0,Wearables,4.61512051684126,6.122470879449363,1,0,0,4.795790545596741
4.6,0,0,0,0,0.0,0,0,0,0,1,0,Power & Batteries,6.55250788703459,1.247032293786383,0,1,0,9.377717481384314
4.5,0,0,1,0,0.0,0,0,0,0,1,0,Power & Batteries,5.707110264748875,3.198673117550681,0,0,1,6.601230118728877
4.6,0,0,0,0,0.0,0,0,0,0,1,0,Cameras & Photography,5.303304908059076,4.48796198508255,0,0,1,6.049733455231958
4.6,0,0,0,0,0.0,0,0,0,0,1,0,Cameras & Photography,4.61512051684126,5.243227400230077,0,0,1,5.123963979403259
5.0,0,1,0,0,0.0,0,0,0,0,1,0,Laptops,0.0,6.63462021717088,0,0,1,1.3862943611198906
4.5,0,1,0,0,0.0,0,0,0,0,1,0,"Office Supplies, Ink & Toner",6.55250788703459,2.281361456542419,0,1,0,7.787382026484701
4.7,0,0,0,0,0.0,0,0,0,0,1,0,"Office Supplies, Ink & Toner",3.9318256327243257,4.662400819442363,0,0,1,7.2991214627108
4.7,0,1,0,0,0.07,0,0,0,0,1,0,Small Gadget Accessories (Cases & Protectors),4.61512051684126,5.016948656152848,1,0,0,6.295266001439646
4.5,0,1,1,0,0.0,0,0,0,0,1,0,"Office Supplies, Ink & Toner",5.993961427306569,3.487069220736119,0,0,1,8.787525625532906
4.4,0,1,0,0,0.38,0,0,0,0,1,0,"Office Supplies, Ink & Toner",5.303304908059076,4.605170185988092,0,0,1,5.365976015021851
4.2,0,1,0,0,0.0,0,0,0,0,1,0,Wearables,5.707110264748875,4.4487502667167895,0,0,1,6.777646593635117
4.4,0,1,1,0,0.0,0,0,0,0,1,0,"Chargers, Adapters & Cables",5.707110264748875,3.931629535067065,0,0,1,3.80666248977032
4.6,0,1,0,0,0.0,0,0,0,0,1,0,"Office Supplies, Ink & Toner",6.2166061010848646,3.0440461338325417,0,1,0,5.176149732573829
5.0,0,0,0,0,0.0,0,0,0,0,1,0,"Office Supplies, Ink & Toner",0.0,6.232428369992108,1,0,0,1.0986122886681098
4.5,0,1,0,0,0.0,0,0,0,0,1,0,Wearables,5.707110264748875,4.3943256902608985,0,0,1,7.486613313139955
4.5,0,1,0,0,0.0,0,0,0,0,1,0,TV & Video Displays,5.993961427306569,3.433664571799657,0,1,0,7.763021309018518
4.4,0,1,0,0,0.0,0,0,0,0,1,0,"Chargers, Adapters & Cables",6.2166061010848646,3.0223742045004123,0,0,1,10.380404728050932
4.4,0,1,1,0,0.0,0,0,0,0,1,0,TV & Video Displays,4.61512051684126,5.375232110316162,0,0,1,4.31748811353631
4.9,0,0,0,0,0.0,0,0,0,0,1,0,Laptops,3.9318256327243257,6.478463558197409,0,0,1,3.218875824868201
4.8,0,0,0,0,0.0,0,0,0,0,1,0,"Office Supplies, Ink & Toner",4.61512051684126,4.866687938419193,0,0,1,6.53813982376767
4.5,0,1,0,0,0.3,0,0,0,0,1,0,TV & Video Displays,5.303304908059076,4.6150215020384655,0,0,1,4.890349128221754
4.6,0,1,0,0,0.0,0,0,0,0,1,0,"Chargers, Adapters & Cables",6.68586094706836,2.1162555148025524,0,1,0,5.365976015021851
4.6,0,1,1,0,0.0,0,0,0,0,1,0,Small Gadget Accessories (Cases & Protectors),5.303304908059076,4.261975403606051,0,0,1,3.9889840465642745
4.6,0,1,0,0,0.0,0,0,0,0,1,0,Small Gadget Accessories (Cases & Protectors),5.303304908059076,4.510309904964132,0,0,1,5.981414211254481
4.6,0,0,0,0,0.0,0,0,0,0,1,0,Cameras & Photography,3.9318256327243257,7.542748844771572,0,0,1,4.74493212836325
4.4,0,1,0,0,0.18,0,0,0,0,1,0,TV & Video Displays,5.707110264748875,3.433664571799657,0,1,0,9.555205857955418
4.7,0,1,0,0,0.14,0,0,0,0,1,0,TV & Video Displays,4.61512051684126,4.9486889658772695,0,0,1,6.021023349349527
4.7,0,1,0,0,0.0,0,0,0,0,1,0,Laptops,0.0,7.450050499617523,1,0,0,1.6094379124341005
4.1,0,0,0,0,0.0,0,0,0,0,1,0,Mobile Cell Phones & Smartphones,4.61512051684126,5.484796933490655,0,0,1,3.912023005428146
4.6,0,1,0,0,0.0,0,0,0,0,1,0,Small Gadget Accessories (Cases & Protectors),6.2166061010848646,2.93651291389402,0,1,0,8.823353485113792
4.3,0,0,0,0,0.0,0,0,0,0,1,0,Storage & Memory Cards,4.61512051684126,5.30325515557766,0,0,1,5.934894195619588
4.6,0,1,0,0,0.2,0,0,0,0,1,0,Cameras & Photography,5.303304908059076,4.795707897553386,0,0,1,6.735780014242327
4.1,0,1,0,1,0.14,0,0,0,0,1,0,Computer Peripherals,3.9318256327243257,6.216506295705272,1,0,0,7.195937226475569
4.6,0,1,0,0,0.19,0,0,0,0,1,0,"Chargers, Adapters & Cables",5.993961427306569,3.295466427029913,0,0,1,6.853299093186078
4.4,0,1,0,0,0.0,0,0,0,0,1,0,"Audio, Sound & Recording Gear",5.993961427306569,3.849934813114724,0,1,0,5.176149732573829
4.7,0,1,0,0,0.0,0,0,0,0,1,0,"Office Supplies, Ink & Toner",4.61512051684126,5.700075612724874,0,0,1,6.92951677076365
4.6,0,1,0,0,0.45,0,0,0,0,1,0,"Office Supplies, Ink & Toner",6.68586094706836,2.537657215173529,0,1,0,7.959625305098115
4.6,0,1,0,0,0.15,0,0,0,0,1,0,TV & Video Displays,4.61512051684126,6.552493621597604,0,0,1,6.263398262591624
4.7,0,0,0,0,0.0,0,0,0,0,1,0,"Office Supplies, Ink & Toner",5.303304908059076,4.671800268285854,0,0,1,6.60934924316738
4.2,0,1,0,0,0.22,0,0,0,0,1,0,Printers & Scanners (Hardware),4.61512051684126,5.442374419541463,0,0,1,7.16703787691222
4.7,1,1,0,0,0.0,0,0,0,0,1,0,Storage & Memory Cards,0.0,4.3943256902608985,0,0,1,2.70805020110221
4.4,0,1,0,0,0.49,0,0,0,0,1,0,"Office Supplies, Ink & Toner",5.303304908059076,4.2903224454635405,0,0,1,8.180320874773685
4.3,0,1,1,0,0.0,0,0,0,0,1,0,"Office Supplies, Ink & Toner",5.303304908059076,4.0427003290697625,0,0,1,5.556828061699537
4.4,0,0,0,0,0.0,0,0,0,0,1,0,TV & Video Displays,3.9318256327243257,5.249599699750607,0,0,1,2.3978952727983707
5.0,0,0,0,0,0.0,0,0,0,0,1,0,"Chargers, Adapters & Cables",4.61512051684126,5.897126394731892,1,0,0,1.791759469228055
4.7,0,1,0,0,0.0,0,0,0,0,1,0,"Chargers, Adapters & Cables",5.993961427306569,3.400196881328572,0,0,1,7.54274354536855
4.3,0,1,0,0,0.0,0,0,0,0,1,0,Laptops,4.61512051684126,5.99393648933976,0,0,1,6.470799503782602
4.6,0,1,0,0,0.0,0,0,0,0,1,0,Computer Peripherals,4.61512051684126,4.912581353620868,0,0,1,5.303304908059076
4.6,0,1,0,0,0.12,0,0,0,0,1,0,PC Components,4.61512051684126,5.327779076697656,0,0,1,6.073044534100405
4.6,0,1,0,0,0.0,0,0,0,0,1,0,"Audio, Sound & Recording Gear",5.303304908059076,5.198220750009751,0,0,1,7.071573364211532
4.7,0,1,0,0,0.0,0,1,0,0,0,0,Computer Peripherals,5.707110264748875,3.931629535067065,0,0,1,7.937731775260109
3.9,0,0,0,0,0.0,0,0,0,0,1,0,"Audio, Sound & Recording Gear",4.61512051684126,4.669364898030088,0,0,1,7.123672785204607
3.5,0,0,0,0,0.0,0,0,0,0,1,0,TV & Video Displays,3.9318256327243257,6.111445166307853,0,0,1,6.061456918928017
4.8,0,1,0,0,0.0,0,0,0,0,1,0,"Office Supplies, Ink & Toner",4.61512051684126,5.085371640210273,0,0,1,3.6375861597263857
4.7,0,1,0,0,0.0,0,0,0,0,1,0,Cameras & Photography,5.707110264748875,3.433664571799657,0,1,0,5.996452088619021
4.5,0,1,0,0,0.0,0,0,0,0,1,0,Cameras & Photography,3.9318256327243257,5.703782474656201,0,0,1,2.3978952727983707
4.1,0,1,0,0,0.0,0,0,0,0,1,0,TV & Video Displays,6.2166061010848646,2.733717947850788,0,1,0,8.602453035367061
4.5,0,1,0,0,0.32,0,0,0,0,1,0,"Office Supplies, Ink & Toner",4.61512051684126,5.19844178112078,0,0,1,4.330733340286331
4.7,0,1,0,0,0.0,0,0,0,0,1,0,Power & Batteries,6.2166061010848646,2.2975725511705014,0,1,0,8.467162257810672
4.4,0,0,0,0,0.0,0,0,0,0,1,0,"Audio, Sound & Recording Gear",4.61512051684126,5.464975218875384,0,0,1,5.648974238161206
4.6,0,0,0,0,0.0,0,0,0,0,1,0,"Office Supplies, Ink & Toner",4.61512051684126,5.9398817371306265,1,0,0,2.9444389791664403
4.4,0,1,0,0,0.18,0,0,0,0,1,0,"Audio, Sound & Recording Gear",4.61512051684126,5.075173815233827,0,0,1,5.267858159063328
4.6,0,1,0,0,0.0,1,0,0,0,0,0,"Office Supplies, Ink & Toner",5.303304908059076,4.1470951276076295,0,0,1,6.363028103540465
5.0,0,1,0,0,0.0,0,0,0,0,1,0,Computer Peripherals,3.9318256327243257,6.824373670043086,1,0,0,1.3862943611198906
4.6,0,1,0,0,0.1,0,0,0,0,1,0,PC Components,3.9318256327243257,7.090901495650648,1,0,0,2.9444389791664403
4.3,0,1,0,0,0.0,0,0,0,0,1,0,Small Gadget Accessories (Cases & Protectors),5.707110264748875,3.58324112209094,0,0,1,7.157735484249907
4.7,0,1,0,0,0.09,0,0,0,0,1,0,Power & Batteries,6.803505257608338,1.8687205103641835,0,1,0,6.987490247000991
4.4,0,0,0,1,0.37,0,0,0,0,1,0,Small Gadget Accessories (Cases & Protectors),6.2166061010848646,3.218075504697432,0,0,1,8.337827262447915
4.5,0,0,0,0,0.0,0,0,0,0,1,0,"Office Supplies, Ink & Toner",4.61512051684126,4.584865432647727,0,0,1,6.63200177739563
4.8,0,1,1,0,0.0,0,0,0,0,1,0,"Office Supplies, Ink & Toner",5.707110264748875,3.58324112209094,0,0,1,4.8283137373023015
4.2,0,0,0,0,0.0,0,0,0,0,1,0,"Audio, Sound & Recording Gear",4.61512051684126,5.035262863920986,0,0,1,4.574710978503383
4.6,0,1,0,0,0.36,0,0,0,0,1,0,Cameras & Photography,5.707110264748875,4.368814740701652,0,0,1,8.286521373681236
4.7,0,1,0,0,0.31,0,0,0,0,1,0,Computer Peripherals,5.303304908059076,4.6150215020384655,0,0,1,5.198497031265826
4.6,0,1,0,0,0.0,0,0,0,0,1,0,"Audio, Sound & Recording Gear",5.303304908059076,4.303389189156809,0,0,1,3.8501476017100575
4.7,0,1,0,0,0.0,0,0,0,0,1,0,"Chargers, Adapters & Cables",5.303304908059076,4.089834406744215,0,0,1,8.566744970245486
4.7,0,1,1,0,0.0,1,0,0,0,0,0,Small Gadget Accessories (Cases & Protectors),6.2166061010848646,2.39698576841553,0,1,0,8.984443032465352
4.5,0,1,0,0,0.0,0,0,0,0,1,0,"Audio, Sound & Recording Gear",5.707110264748875,3.8709926558701535,0,1,0,6.253828811575473
4.4,0,1,0,0,0.0,0,0,0,0,1,0,"Office Supplies, Ink & Toner",4.61512051684126,4.663344750039164,0,0,1,7.090076835776092
5.0,0,1,0,0,0.0,0,0,0,0,1,0,Cameras & Photography,0.0,4.18950321539533,0,1,0,2.3978952727983707
4.4,0,1,0,0,0.11,0,0,0,0,1,0,Small Gadget Accessories (Cases & Protectors),4.61512051684126,5.19844178112078,1,0,0,3.58351893845611
4.2,0,1,0,0,0.1,0,0,0,0,1,0,Wearables,5.707110264748875,3.0440461338325417,0,1,0,7.162397497355718
4.2,0,1,0,0,0.0,0,0,0,0,1,0,Wearables,6.2166061010848646,3.238286218388024,0,1,0,6.8001700683022
3.9,0,1,0,0,0.0,0,0,0,0,1,0,"Audio, Sound & Recording Gear",5.993961427306569,4.418720118610357,0,0,1,3.871201010907891
4.1,0,1,0,0,0.1,0,0,0,0,1,0,Small Gadget Accessories (Cases & Protectors),6.2166061010848646,3.0440461338325417,0,1,0,6.295266001439646
4.7,0,1,0,0,0.0,0,0,0,0,1,0,PC Components,5.303304908059076,4.795707897553386,0,0,1,5.043425116919247
4.3,0,1,0,0,0.24,0,0,0,0,1,0,TV & Video Displays,5.303304908059076,4.330601752681694,0,0,1,4.875197323201151
4.7,0,1,0,0,0.21,0,0,0,0,1,0,"Chargers, Adapters & Cables",4.61512051684126,5.24164118935448,1,0,0,7.120444372392488
4.7,0,1,0,0,0.2,0,0,0,0,1,0,PC Components,3.9318256327243257,5.991464547107982,0,0,1,4.060443010546419
4.8,0,1,0,0,0.0,0,0,0,0,1,0,Small Gadget Accessories (Cases & Protectors),5.303304908059076,4.393831680123644,0,0,1,7.796469243086058
4.2,0,1,0,0,0.0,0,0,0,0,1,0,Laptops,3.9318256327243257,6.666956792429207,0,0,1,2.19722457733622
4.6,0,0,0,0,0.0,0,0,0,0,1,0,PC Components,4.61512051684126,5.673288902319859,0,0,1,4.852030263919617
4.4,0,0,0,0,0.0,0,1,0,0,0,0,"Audio, Sound & Recording Gear",5.993961427306569,3.58351893845611,0,1,0,6.234410725718371
4.6,0,1,0,0,0.13,0,0,0,0,1,0,Cameras & Photography,4.61512051684126,5.438079308923196,0,0,1,6.74993119378857
4.4,0,1,0,0,0.16,0,0,0,0,1,0,Computer Peripherals,5.993961427306569,3.4008639927609177,0,1,0,8.365206834418355
4.8,0,1,0,0,0.0,0,0,0,0,1,0,Tablets & E-readers (DEVICES ONLY),6.2166061010848646,2.771963526845863,0,1,0,6.021023349349527
4.0,0,1,0,0,0.0,0,0,0,0,1,0,PC Components,4.61512051684126,6.023786518570106,0,0,1,2.70805020110221
4.4,0,1,0,0,0.0,0,0,0,0,1,0,Printers & Scanners (Hardware),3.9318256327243257,5.91350300563827,0,0,1,5.780743515792329
4.6,0,0,1,0,0.0,0,0,0,0,1,0,TV & Video Displays,3.9318256327243257,7.089243155027514,1,0,0,5.707110264748875
4.6,0,1,0,0,0.0,0,0,0,0,1,0,"Audio, Sound & Recording Gear",5.707110264748875,3.686125665917315,0,1,0,5.537334267018537
4.6,0,1,0,0,0.44,0,0,0,0,1,0,"Audio, Sound & Recording Gear",6.2166061010848646,2.995232148512309,0,1,0,8.890961212781146
4.6,0,1,0,0,0.12,0,0,0,0,1,0,"Office Supplies, Ink & Toner",5.303304908059076,4.836202538722539,0,0,1,5.575949103146316
4.6,0,1,1,0,0.0,0,0,0,0,1,0,TV & Video Displays,4.61512051684126,5.703782474656201,0,0,1,8.895903562215581
4.5,1,1,0,0,0.0,0,0,0,0,1,0,Networking,5.707110264748875,3.295466427029913,0,1,0,10.465044312708477
4.4,0,1,0,0,0.0,0,0,0,0,1,0,PC Components,4.61512051684126,5.135798437050262,0,0,1,6.461468176353717
4.4,0,0,0,0,0.0,0,0,0,0,1,0,TV & Video Displays,3.9318256327243257,5.170370352217415,0,0,1,3.218875824868201
4.6,1,1,0,0,0.13,0,0,0,0,1,0,Other Electronics,4.61512051684126,3.433664571799657,0,1,0,7.004881989712859
4.5,0,1,0,0,0.16,0,0,0,0,1,0,"Audio, Sound & Recording Gear",5.303304908059076,4.077367938014984,0,0,1,7.746300662231439
4.6,0,1,0,0,0.0,0,0,0,0,1,0,Laptops,6.2166061010848646,3.4654233539614268,0,1,0,5.978885764901122
4.6,0,1,0,1,0.19,0,0,0,0,1,0,Small Gadget Accessories (Cases & Protectors),5.707110264748875,3.7133281345162463,0,0,1,6.840546529288687
4.6,0,0,0,0,0.0,0,0,0,0,1,0,"Office Supplies, Ink & Toner",5.303304908059076,4.874357275803628,0,0,1,6.674561391814426
4.6,0,1,0,0,0.32,0,0,0,0,1,0,"Chargers, Adapters & Cables",5.993961427306569,3.2577118486533987,0,0,1,8.94663520890585
4.6,0,1,0,0,0.0,0,0,0,0,1,0,TV & Video Displays,5.707110264748875,3.433664571799657,0,1,0,6.401917196727186
3.6,0,1,1,0,0.07,0,0,0,0,1,0,Networking,4.61512051684126,6.552493621597604,1,0,0,4.770684624465665
4.5,0,1,0,0,0.2,0,0,0,0,1,0,PC Components,4.61512051684126,4.6150215020384655,0,0,1,2.70805020110221
4.0,0,1,0,0,0.0,0,0,0,0,1,0,Computer Peripherals,5.303304908059076,4.709079649378603,0,0,1,5.87493073085203
4.4,0,1,0,0,0.2,0,0,0,0,1,0,Small Gadget Accessories (Cases & Protectors),5.993961427306569,2.995232148512309,0,1,0,8.169336395928386
4.7,0,0,0,0,0.0,0,0,0,0,1,0,Small Gadget Accessories (Cases & Protectors),5.707110264748875,4.35259782398307,0,0,1,7.3914152346753585
4.7,0,1,0,0,0.0,1,0,0,0,0,0,Small Gadget Accessories (Cases & Protectors),6.2166061010848646,2.39698576841553,0,1,0,6.030685260261263
4.4,0,1,0,0,0.0,0,0,0,0,1,0,Small Gadget Accessories (Cases & Protectors),5.993961427306569,3.2577118486533987,0,0,1,3.258096538021482
3.8,0,0,0,0,0.31,0,0,0,0,1,0,"Audio, Sound & Recording Gear",4.61512051684126,5.802088163440325,0,0,1,6.601230118728877
4.7,0,0,0,0,0.0,0,0,0,0,1,0,"Office Supplies, Ink & Toner",4.61512051684126,5.5053315359323625,0,0,1,4.962844630259907
4.6,0,1,0,0,0.09,0,0,0,0,1,0,Cameras & Photography,4.61512051684126,5.799092654460526,0,0,1,3.6375861597263857
4.5,0,1,1,0,0.0,0,0,0,0,1,0,TV & Video Displays,4.61512051684126,5.66988092298052,0,0,1,7.201170883281678
4.8,0,1,0,0,0.0,0,0,0,0,1,0,PC Components,6.2166061010848646,1.944480556245719,0,1,0,7.618251097876695
4.6,0,1,0,0,0.3,0,0,0,0,1,0,Laptops,4.61512051684126,4.941642422609304,0,1,0,6.56244409369372
4.9,0,0,0,0,0.0,0,0,0,0,1,0,Laptops,3.9318256327243257,7.4960917926896915,1,0,0,2.995732273553991
3.9,0,1,0,0,0.07,0,0,0,0,1,0,"Audio, Sound & Recording Gear",4.61512051684126,5.165985254498996,0,0,1,7.543802867501509
4.5,0,1,0,0,0.0,0,0,0,0,1,0,TV & Video Displays,5.707110264748875,3.7133281345162463,0,1,0,5.762051382780177
4.9,0,1,0,0,0.0,0,0,0,0,1,0,Small Gadget Accessories (Cases & Protectors),5.707110264748875,3.942552210462969,0,0,1,7.005789019253503
4.8,0,1,0,0,0.07,0,0,0,0,1,0,"Office Supplies, Ink & Toner",6.398594934535208,2.7073833121145063,0,1,0,6.459904454377535
5.0,0,0,0,0,0.0,0,0,0,0,1,0,Laptops,3.9318256327243257,6.111445166307853,0,0,1,0.6931471805599453
4.8,0,0,0,0,0.0,0,0,0,0,1,0,Mobile Cell Phones & Smartphones,0.0,7.275165394221036,1,0,0,2.3978952727983707
4.6,0,1,0,0,0.27,0,0,0,0,1,0,Wearables,3.9318256327243257,7.003965054029298,1,0,0,5.278114659230517
4.5,0,1,0,0,0.0,0,0,0,0,1,0,Wearables,5.303304908059076,3.988798844230196,0,0,1,6.030685260261263
3.5,0,0,0,0,0.0,0,0,0,0,1,0,TV & Video Displays,0.0,5.52110085304669,0,0,1,5.278114659230517
4.8,0,1,0,0,0.09,0,0,0,0,1,0,"Chargers, Adapters & Cables",4.61512051684126,5.802088163440325,1,0,0,1.9459101490553128
4.2,0,1,0,0,0.0,0,0,0,0,1,0,Computer Peripherals,5.707110264748875,3.433664571799657,0,1,0,8.453401058328458
4.5,0,1,0,0,0.1,0,0,0,0,1,0,Computer Peripherals,5.303304908059076,3.931629535067065,0,0,1,3.6375861597263857
4.1,0,1,0,0,0.0,0,0,0,0,1,0,Mobile Cell Phones & Smartphones,4.61512051684126,5.564328818089423,0,0,1,4.442651256490317
4.3,0,0,0,0,0.0,0,0,0,0,1,0,"Audio, Sound & Recording Gear",5.303304908059076,4.262539022051294,0,0,1,8.417593826193484
4.4,0,1,0,0,0.0,0,0,0,0,1,0,TV & Video Displays,4.61512051684126,5.3518107389880365,0,0,1,4.30406509320417
4.4,0,1,0,0,0.0,0,0,0,0,1,0,PC Components,5.303304908059076,4.110709916308365,0,1,0,6.478509642208569
4.5,0,0,0,0,0.0,0,0,0,0,1,0,Cameras & Photography,3.9318256327243257,6.153817212784694,0,0,1,7.440146680662688
4.5,0,1,0,0,0.0,0,0,0,0,1,0,PC Components,4.61512051684126,4.875120984409557,0,0,1,5.84354441703136
4.0,0,1,0,0,0.0,0,0,0,0,1,0,"Audio, Sound & Recording Gear",4.61512051684126,5.111927545578128,0,0,1,5.627621113690637
4.3,0,1,0,0,0.12,0,0,0,0,1,0,PC Components,0.0,7.131690516829846,1,0,0,3.258096538021482
4.8,0,0,0,0,0.0,0,0,0,0,1,0,"Office Supplies, Ink & Toner",4.61512051684126,5.065186608700759,0,0,1,4.672828834461906
4.6,0,1,0,1,0.07,0,0,0,0,1,0,Small Gadget Accessories (Cases & Protectors),5.707110264748875,3.8284239815518326,0,0,1,5.4638318050256105
4.0,0,0,0,0,0.0,0,1,0,0,0,0,TV & Video Displays,3.9318256327243257,6.133398042996649,0,0,1,4.158883083359672
4.5,0,1,0,0,0.05,0,0,0,0,1,0,"Audio, Sound & Recording Gear",5.303304908059076,4.18950321539533,0,0,1,5.4638318050256105
4.7,0,1,0,0,0.0,0,0,0,0,1,0,"Chargers, Adapters & Cables",6.2166061010848646,2.280339484046726,0,1,0,9.492733482494351
4.6,0,1,0,0,0.0,0,0,0,0,1,0,"Audio, Sound & Recording Gear",5.707110264748875,4.025173103360802,0,0,1,7.818832443803404
4.4,0,1,0,0,0.0,0,0,0,0,1,0,TV & Video Displays,5.303304908059076,4.3943256902608985,0,0,1,5.468060141135132
4.0,0,0,0,0,0.0,0,0,0,0,1,0,"Audio, Sound & Recording Gear",4.61512051684126,5.638176717558207,0,0,1,5.068904202220232
4.7,0,1,0,0,0.11,0,0,0,0,1,0,Cameras & Photography,6.2166061010848646,2.9439125248241944,0,1,0,8.028781162487148
4.5,0,1,0,0,0.0,0,0,0,0,1,0,PC Components,5.707110264748875,3.58324112209094,0,1,0,4.844187086458591
4.5,1,1,1,0,0.0,0,0,0,0,1,0,Computer Peripherals,0.0,4.90815950250702,0,0,1,5.147494476813453
4.7,0,1,0,0,0.33,0,0,0,0,1,0,Networking,6.2166061010848646,2.771963526845863,0,1,0,5.765191102784844
4.8,0,1,0,0,0.0,0,0,0,0,1,0,PC Components,5.707110264748875,3.6985822295753215,0,1,0,8.459987717645458
4.5,0,1,0,0,0.1,0,0,0,0,1,0,Small Gadget Accessories (Cases & Protectors),6.2166061010848646,3.0440461338325417,0,1,0,7.130098510125578
4.3,0,0,0,0,0.51,0,0,0,0,1,0,Networking,5.303304908059076,5.081342251254203,0,0,1,6.805722553416985
4.7,0,1,0,0,0.17,0,0,0,0,1,0,"Office Supplies, Ink & Toner",6.398594934535208,2.101692150614656,0,1,0,6.340359303727752
4.4,0,1,0,0,0.0,0,0,0,0,1,0,"Audio, Sound & Recording Gear",4.61512051684126,5.398117451625214,0,0,1,6.436150368369428
4.5,0,1,0,0,0.29,0,0,0,0,1,0,"Chargers, Adapters & Cables",6.2166061010848646,2.5641798306825083,0,1,0,9.16701524723781
4.1,0,0,0,0,0.0,0,0,0,0,1,0,PC Components,4.61512051684126,5.976325528265178,0,0,1,4.060443010546419
4.6,0,0,0,0,0.1,0,0,0,0,1,0,"Chargers, Adapters & Cables",6.2166061010848646,2.39698576841553,0,1,0,7.208600337960199
4.5,0,1,0,0,0.0,0,0,0,0,1,0,Printers & Scanners (Hardware),3.9318256327243257,6.306713147277568,0,0,1,1.6094379124341005
4.4,0,1,0,0,0.0,0,0,0,0,1,0,TV & Video Displays,4.61512051684126,5.075173815233827,0,0,1,7.084226422097916
4.3,0,1,0,0,0.0,0,0,0,0,1,0,Storage & Memory Cards,4.61512051684126,5.322961197460796,0,0,1,4.691347882229144
4.7,0,0,0,0,0.0,0,0,0,0,1,0,Power & Batteries,6.398594934535208,2.5641798306825083,0,0,1,8.060224240440958
4.7,0,0,0,0,0.0,0,0,0,0,1,0,"Office Supplies, Ink & Toner",4.61512051684126,5.141020074658817,0,0,1,6.077642243349034
4.3,0,1,0,0,0.0,0,0,0,0,1,0,"Office Supplies, Ink & Toner",4.61512051684126,5.817051634382068,0,0,1,6.756932389247553
4.0,0,1,0,0,0.0,0,0,0,0,1,0,PC Components,3.9318256327243257,5.760446321773743,0,0,1,1.791759469228055
4.4,0,1,0,0,0.0,0,0,0,0,1,0,Mobile Cell Phones & Smartphones,5.707110264748875,4.110053855927281,0,0,1,7.2640301428995295
4.3,0,1,0,0,0.0,0,0,0,0,1,0,Cameras & Photography,4.61512051684126,5.484755438853831,0,0,1,3.737669618283368
4.4,0,1,0,0,0.0,0,0,0,0,1,0,"Chargers, Adapters & Cables",5.303304908059076,3.382354293860676,0,0,1,5.638354669333745
4.2,0,1,0,0,0.0,0,0,0,0,1,0,Laptops,3.9318256327243257,6.0867747269123065,0,0,1,3.1354942159291497
4.6,0,1,0,0,0.0,0,0,0,0,1,0,"Audio, Sound & Recording Gear",5.303304908059076,4.330601752681694,0,0,1,7.452402451223638
4.2,0,1,0,0,0.1,0,0,0,0,1,0,Wearables,4.61512051684126,6.21658614080582,1,0,0,3.1354942159291497
4.6,0,1,0,0,0.0,0,0,0,0,1,0,"Office Supplies, Ink & Toner",6.68586094706836,2.39698576841553,0,1,0,8.36264243156764
4.9,0,0,0,0,0.0,0,0,0,0,1,0,Small Gadget Accessories (Cases & Protectors),0.0,3.41542896390888,0,0,1,7.125283091510712
4.8,0,1,0,0,0.09,0,0,0,0,1,0,Storage & Memory Cards,5.707110264748875,3.7133281345162463,0,0,1,6.914730892718563
4.4,1,1,0,0,0.0,0,0,0,0,1,0,PC Components,0.0,5.19844178112078,0,0,1,3.828641396489095
4.8,0,0,0,0,0.0,0,0,0,0,1,0,Power & Batteries,4.61512051684126,3.931629535067065,0,0,1,8.107418811719974
3.5,0,0,0,0,0.0,0,0,0,0,1,0,Laptops,3.9318256327243257,6.212606095751519,0,0,1,4.51085950651685
4.3,0,1,0,0,0.0,0,0,0,0,1,0,Mobile Cell Phones & Smartphones,5.303304908059076,4.18950321539533,0,0,1,6.729824070489475
4.6,0,1,0,0,0.0,0,0,0,0,1,0,Computer Peripherals,5.707110264748875,3.58324112209094,0,1,0,9.060214913398545
4.6,0,1,0,0,0.0,0,0,0,0,1,0,Wearables,4.61512051684126,5.4845894430863416,0,0,1,9.179674957665297
4.5,0,1,0,0,0.18,0,0,0,0,1,0,Other Electronics,4.61512051684126,5.398117451625214,0,0,1,8.846640813100485
4.0,0,1,0,0,0.27,0,0,0,0,1,0,PC Components,4.61512051684126,4.709440107163888,0,0,1,4.02535169073515
4.7,0,0,0,0,0.0,0,0,0,0,1,0,Storage & Memory Cards,6.55250788703459,2.39698576841553,0,1,0,9.577757412446818
4.8,0,0,0,0,0.0,0,0,0,0,1,0,Wearables,6.398594934535208,2.5641798306825083,0,1,0,4.31748811353631
4.4,0,1,0,0,0.41,0,0,0,0,1,0,"Audio, Sound & Recording Gear",4.61512051684126,5.916175108066267,0,0,1,4.6443908991413725
5.0,0,0,0,0,0.0,0,0,0,0,1,0,PC Components,0.0,7.90100705199242,1,0,0,1.0986122886681098
4.7,0,1,0,0,0.0,0,0,0,0,1,0,"Office Supplies, Ink & Toner",5.303304908059076,3.067587710654419,0,1,0,5.886104031450156
4.8,0,1,0,0,0.07,0,0,0,0,1,0,"Office Supplies, Ink & Toner",6.398594934535208,2.7073833121145063,0,1,0,6.586171654854675
4.4,0,0,0,0,0.33,0,0,0,0,1,0,Computer Peripherals,5.707110264748875,4.110709916308365,0,0,1,7.579678823090456
4.7,0,0,0,0,0.0,0,0,0,0,1,0,Storage & Memory Cards,6.90875477931522,2.224623551524334,0,1,0,13.377654997274206
4.6,0,0,0,0,0.0,0,0,0,0,1,0,Cameras & Photography,3.9318256327243257,7.649692623711514,1,0,0,1.3862943611198906
3.6,0,1,0,0,0.0,0,0,0,0,1,0,PC Components,3.9318256327243257,4.9486889658772695,0,0,1,3.295836866004329
4.4,0,1,0,0,0.25,0,0,0,0,1,0,Small Gadget Accessories (Cases & Protectors),4.61512051684126,6.018471552594509,1,0,0,4.51085950651685
4.5,0,1,0,0,0.0,0,0,0,0,1,0,Laptops,0.0,7.131682523128883,0,0,1,1.0986122886681098
4.6,0,1,0,0,0.0,0,0,0,0,1,0,Storage & Memory Cards,5.707110264748875,3.694861525791484,0,0,1,6.066108090103747
3.6,0,1,0,0,0.0,0,0,0,0,1,0,Printers & Scanners (Hardware),4.61512051684126,5.673288902319859,0,0,1,4.31748811353631
4.3,0,0,0,0,0.0,0,0,0,0,1,0,Computer Peripherals,3.9318256327243257,5.707077041605631,0,0,1,4.382026634673881
4.6,0,0,1,0,0.0,0,0,0,0,1,0,"Office Supplies, Ink & Toner",5.707110264748875,2.9041650800285006,0,1,0,6.472346294500901
4.6,0,1,0,0,0.0,0,0,0,0,1,0,"Chargers, Adapters & Cables",5.993961427306569,3.49620448524049,0,0,1,6.327936783729195
4.6,0,1,0,0,0.0,0,0,0,0,1,0,Laptops,5.303304908059076,4.454347296253507,0,1,0,6.255750041753367
4.3,0,0,0,0,0.0,0,0,0,0,1,0,Computer Peripherals,5.303304908059076,4.325191697921343,0,0,1,8.315566483564277
4.5,0,1,0,0,0.0,0,0,0,0,1,0,Small Gadget Accessories (Cases & Protectors),5.707110264748875,3.713572066704308,0,0,1,7.430707082545968
3.9,0,1,0,0,0.0,0,0,0,0,1,0,"Chargers, Adapters & Cables",4.61512051684126,4.581799199664851,0,0,1,6.302618975744905
4.2,0,0,0,0,0.5,0,0,0,0,1,0,Mobile Cell Phones & Smartphones,4.61512051684126,5.4752494260575535,0,0,1,3.912023005428146
4.0,0,1,0,0,0.07,0,0,0,0,1,0,Wearables,5.303304908059076,4.262539022051294,0,0,1,9.474549088242322
4.7,0,1,0,0,0.0,0,0,0,0,1,0,Video Game Consoles & Virtual Reality,4.61512051684126,5.393627546352362,0,0,1,7.282073658093465
4.1,0,1,0,0,0.0,0,0,0,0,1,0,Mobile Cell Phones & Smartphones,4.61512051684126,4.510309904964132,0,0,1,4.68213122712422
4.4,0,0,0,0,0.23,0,0,0,0,1,0,Laptops,5.303304908059076,4.18950321539533,0,1,0,4.127134385045092
4.4,0,1,1,0,0.34,0,0,0,0,1,0,Small Gadget Accessories (Cases & Protectors),5.707110264748875,3.931629535067065,0,0,1,6.300785794663244
4.3,0,0,0,0,0.0,0,0,0,0,1,0,Laptops,3.9318256327243257,6.251942418068881,0,0,1,4.6443908991413725
4.5,0,1,0,0,0.39,0,0,0,0,1,0,PC Components,5.303304908059076,4.5107496103686,0,1,0,5.942799375126701
4.5,0,1,0,0,0.0,0,0,0,0,1,0,Laptops,3.9318256327243257,5.991464547107982,0,0,1,3.044522437723423
4.8,0,0,0,0,0.0,1,0,0,0,0,0,Small Gadget Accessories (Cases & Protectors),6.2166061010848646,2.771963526845863,0,1,0,7.324489979348532
4.6,0,1,0,0,0.0,0,0,0,0,1,0,Cameras & Photography,3.9318256327243257,7.649216319820633,1,0,0,6.113682179832232
4.7,0,0,0,0,0.23,0,0,0,0,1,0,Networking,6.2166061010848646,2.63834278867739,0,1,0,5.6240175061873385
4.5,0,1,0,0,0.12,0,0,0,0,1,0,Small Gadget Accessories (Cases & Protectors),5.707110264748875,3.5260663637080247,0,0,1,9.131513591430211
4.7,0,1,0,0,0.0,0,0,0,0,1,0,Power & Batteries,6.55250788703459,2.239645293220172,0,1,0,7.653969180478774
4.6,0,0,0,0,0.0,0,0,0,0,1,0,Wearables,5.303304908059076,4.262539022051294,0,0,1,9.12063445889169
4.8,0,1,0,0,0.0,0,0,0,0,1,0,"Chargers, Adapters & Cables",5.707110264748875,3.0440461338325417,0,0,1,8.754476306284166
4.3,0,1,0,0,0.2,0,0,0,0,1,0,Small Gadget Accessories (Cases & Protectors),5.303304908059076,4.262539022051294,0,0,1,6.637258031284457
4.3,0,1,0,0,0.0,0,0,0,0,1,0,Laptops,4.61512051684126,5.4835097984336745,0,0,1,4.02535169073515
4.3,0,1,0,0,0.05,0,0,0,0,1,0,"Audio, Sound & Recording Gear",5.303304908059076,4.709440107163888,0,0,1,6.731018100482083
4.1,0,1,0,0,0.0,0,0,0,0,1,0,"Audio, Sound & Recording Gear",5.993961427306569,2.8326249356838407,0,1,0,5.6240175061873385
4.2,0,1,0,0,0.12,1,0,0,0,0,0,"Chargers, Adapters & Cables",5.993961427306569,3.177637076851603,0,0,1,3.912023005428146
3.9,0,0,0,0,0.0,0,0,0,0,1,0,Wearables,0.0,3.737431494696102,0,1,0,2.079441541679836
4.5,0,0,0,0,0.0,0,0,0,0,1,0,"Audio, Sound & Recording Gear",5.303304908059076,4.26955757977876,0,0,1,5.429345628954441
4.4,0,0,0,0,0.0,0,0,0,0,1,0,Computer Peripherals,5.707110264748875,3.2577118486533987,0,1,0,6.150602768446279
4.7,0,1,0,0,0.0,0,0,0,0,1,0,Small Gadget Accessories (Cases & Protectors),6.2166061010848646,3.783052624131186,0,0,1,9.041211408968213
4.1,0,1,0,0,0.0,0,0,0,0,1,0,Computer Peripherals,4.61512051684126,5.707077041605631,0,0,1,5.19295685089021
4.4,0,1,0,0,0.0,0,0,0,0,1,0,"Office Supplies, Ink & Toner",4.61512051684126,4.9486889658772695,0,0,1,4.584967478670572
4.3,0,0,0,0,0.0,0,0,0,0,1,0,Other Electronics,5.303304908059076,4.369954053439613,0,0,1,3.8918202981106265
4.1,0,0,0,0,0.0,0,0,0,0,1,0,Computer Peripherals,5.303304908059076,4.393831680123644,0,0,1,8.587278798982926
4.5,0,1,0,0,0.14,0,0,0,0,1,0,Small Gadget Accessories (Cases & Protectors),3.9318256327243257,6.21658614080582,1,0,0,7.29776828253138
4.2,0,1,0,0,0.25,0,0,0,0,1,0,Small Gadget Accessories (Cases & Protectors),5.707110264748875,3.7133281345162463,0,0,1,7.785720896534624
4.6,0,1,0,0,0.0,0,0,0,0,1,0,"Office Supplies, Ink & Toner",4.61512051684126,4.881664912799296,0,0,1,6.90975328164481
4.4,0,1,0,0,0.4,0,0,0,0,1,0,Computer Peripherals,4.61512051684126,5.017213609456379,0,0,1,6.541029999189903
4.2,0,0,0,0,0.33,0,0,0,0,1,0,"Office Supplies, Ink & Toner",5.993961427306569,4.110709916308365,0,0,1,9.786279351630586
4.7,0,1,0,0,0.0,0,0,0,0,1,0,TV & Video Displays,5.993961427306569,3.0440461338325417,0,1,0,7.111512116496157
4.4,0,0,0,0,0.0,0,0,0,0,1,0,"Office Supplies, Ink & Toner",4.61512051684126,5.4249059636476105,0,0,1,5.733341276897746
4.3,0,0,0,0,0.29,0,0,0,0,1,0,Computer Peripherals,5.707110264748875,3.366950942933564,0,1,0,5.402677381872279
4.7,0,1,0,0,0.06,0,0,0,0,1,0,"Office Supplies, Ink & Toner",6.2166061010848646,2.9439125248241944,0,1,0,7.574045005372199
4.2,0,1,0,0,0.36,0,0,0,0,1,0,"Office Supplies, Ink & Toner",5.707110264748875,3.4137844971676268,0,0,1,6.356107660695892
4.2,0,1,0,0,0.15,0,0,0,0,1,0,Computer Peripherals,5.303304908059076,4.6150215020384655,0,0,1,8.926251835034533
4.2,0,1,0,0,0.4,0,0,0,0,1,0,"Audio, Sound & Recording Gear",5.303304908059076,4.6150215020384655,0,0,1,6.520621127558696
4.6,0,1,0,0,0.0,0,0,0,0,1,0,Power & Batteries,6.2166061010848646,2.010894999144726,0,1,0,6.85751406254539
4.3,0,1,0,1,0.0,0,0,0,0,1,0,"Chargers, Adapters & Cables",6.2166061010848646,2.8898160479624417,0,0,1,7.210079628170788
4.6,0,0,0,0,0.0,0,0,0,0,1,0,Cameras & Photography,5.303304908059076,3.4008639927609177,0,1,0,6.805722553416985
4.6,0,1,0,0,0.23,0,0,0,0,1,0,Small Gadget Accessories (Cases & Protectors),6.398594934535208,2.63834278867739,0,1,0,7.080867896690782
4.4,0,0,1,0,0.0,0,0,0,0,1,0,Smart Home & Security,3.9318256327243257,6.216506295705272,1,0,0,6.115892125483034
4.3,0,1,1,0,0.0,0,0,0,0,1,0,Small Gadget Accessories (Cases & Protectors),5.993961427306569,3.4346321577483927,0,0,1,4.189654742026425
4.7,0,0,0,0,0.0,0,0,0,0,1,0,Small Gadget Accessories (Cases & Protectors),5.993961427306569,3.09058780456667,0,0,1,9.021960500598263
4.6,0,1,0,0,0.22,0,0,0,0,1,0,"Audio, Sound & Recording Gear",5.707110264748875,3.8284239815518326,0,1,0,6.040254711277414
4.4,0,1,0,0,0.25,0,0,0,0,1,0,Computer Peripherals,5.303304908059076,3.988798844230196,0,0,1,5.666426688112432
4.5,0,0,0,0,0.19,0,0,0,0,1,0,Laptops,5.303304908059076,4.317354771313298,0,1,0,6.663132695990803
4.5,0,1,0,0,0.19,0,0,0,0,1,0,TV & Video Displays,4.61512051684126,4.709259894512472,0,0,1,7.751475318021456
3.6,0,1,1,0,0.0,0,0,0,0,1,0,"Office Supplies, Ink & Toner",4.61512051684126,5.141605075260502,0,0,1,4.672828834461906
4.0,0,1,0,0,0.0,0,0,0,0,1,0,TV & Video Displays,4.61512051684126,5.418541863854405,0,0,1,3.9318256327243257
4.5,0,1,1,0,0.0,0,0,0,0,1,0,Small Gadget Accessories (Cases & Protectors),4.61512051684126,5.993836731253038,1,0,0,6.8966943316227125
4.7,0,1,0,0,0.0,0,0,0,0,1,0,Small Gadget Accessories (Cases & Protectors),5.993961427306569,3.207208020000518,0,0,1,5.855071922202427
4.7,0,1,0,1,0.09,0,0,0,0,1,0,"Chargers, Adapters & Cables",5.993961427306569,3.1350593387750902,0,0,1,6.598509028614515
4.3,0,1,0,0,0.0,0,0,0,0,1,0,TV & Video Displays,4.61512051684126,5.30325515557766,0,0,1,5.556828061699537
3.9,0,0,0,0,0.0,0,0,0,0,1,0,Storage & Memory Cards,4.61512051684126,5.19844178112078,0,0,1,2.9444389791664403
4.3,0,0,0,0,0.0,0,0,0,0,1,0,"Audio, Sound & Recording Gear",4.61512051684126,5.298317366548036,0,0,1,7.7025561132685825
4.5,0,1,0,0,0.0,0,0,0,0,1,0,TV & Video Displays,5.303304908059076,3.931629535067065,0,1,0,7.8826922062890254
4.6,0,1,0,0,0.0,0,0,0,0,1,0,"Audio, Sound & Recording Gear",3.9318256327243257,6.552493621597604,1,0,0,7.972466015974565
3.7,0,1,0,0,0.0,0,0,0,0,1,0,"Audio, Sound & Recording Gear",4.61512051684126,5.245970886175828,0,0,1,4.770684624465665
4.7,0,1,0,0,0.57,0,1,0,0,0,0,"Office Supplies, Ink & Toner",6.90875477931522,2.301584592660462,0,1,0,10.22936818130145
4.2,0,1,0,1,0.0,0,0,0,0,1,0,Mobile Cell Phones & Smartphones,4.61512051684126,5.087287645617338,0,0,1,7.081708586105575
3.7,0,1,1,0,0.07,0,0,0,0,1,0,Wearables,4.61512051684126,5.75447558897172,0,0,1,5.2832037287379885
4.5,0,1,0,0,0.0,0,0,0,0,1,0,Tablets & E-readers (DEVICES ONLY),0.0,7.783224016336037,1,0,0,6.655440350367647
4.6,0,1,0,0,0.2,0,0,0,0,1,0,"Chargers, Adapters & Cables",6.2166061010848646,2.771963526845863,0,0,1,6.51025834052315
4.6,0,1,1,0,0.41,0,0,0,0,1,0,Small Gadget Accessories (Cases & Protectors),4.61512051684126,4.91228717107848,0,0,1,6.871091294610546
4.8,0,0,0,0,0.05,0,0,0,0,1,0,Video Game Consoles & Virtual Reality,5.303304908059076,4.4075725416416205,0,0,1,5.627621113690637
4.1,0,1,0,0,0.0,0,0,0,0,1,0,Other Electronics,4.61512051684126,4.663344750039164,0,0,1,3.1354942159291497
4.8,0,1,0,0,0.21,0,0,0,0,1,0,"Office Supplies, Ink & Toner",6.398594934535208,2.7073833121145063,0,1,0,6.505784060128229
5.0,0,0,0,0,0.0,0,0,0,0,1,0,TV & Video Displays,4.61512051684126,4.9486889658772695,0,0,1,1.0986122886681098
4.6,0,0,0,0,0.0,0,0,0,0,1,0,PC Components,4.61512051684126,4.898660358722849,0,0,1,6.42648845745769
4.6,0,1,0,0,0.0,0,0,0,0,1,0,Power & Batteries,5.993961427306569,2.896464271895322,0,0,1,7.95892649305011
4.3,0,1,0,0,0.0,0,0,0,0,1,0,"Audio, Sound & Recording Gear",0.0,3.4544221428994533,0,1,0,5.209486152841421
4.7,0,0,0,0,0.0,0,0,0,0,1,0,"Office Supplies, Ink & Toner",5.707110264748875,4.086144365656761,0,0,1,7.97349996402463
4.3,0,1,0,0,0.2,0,0,0,0,1,0,Wearables,5.303304908059076,3.9308447596687337,0,0,1,4.941642422609304
4.4,0,1,0,0,0.0,0,0,0,0,1,0,"Audio, Sound & Recording Gear",5.303304908059076,4.5107496103686,0,0,1,5.44673737166631
4.7,0,0,0,0,0.07,0,0,0,0,1,0,PC Components,0.0,6.51617828303414,0,0,1,2.5649493574615367
4.4,0,1,0,0,0.1,0,0,0,0,1,0,Computer Peripherals,5.303304908059076,4.5107496103686,0,0,1,9.196140022575042
4.8,0,0,0,0,0.0,0,0,0,0,1,0,"Office Supplies, Ink & Toner",5.303304908059076,3.3975239762958465,0,1,0,8.178077463849608
4.5,0,1,0,0,0.0,0,0,0,0,1,0,TV & Video Displays,4.61512051684126,5.017213609456379,0,0,1,6.873163834212518
4.2,0,1,0,0,0.3,0,0,0,0,1,0,Computer Peripherals,4.61512051684126,4.025173103360802,0,0,1,6.9363427358340495
3.7,0,0,0,0,0.64,0,0,0,0,1,0,Printers & Scanners (Hardware),4.61512051684126,6.272103122269302,0,0,1,3.258096538021482
4.6,0,1,0,0,0.14,0,0,0,0,1,0,PC Components,4.61512051684126,5.19794439240125,0,0,1,4.653960350157523
5.0,0,0,0,0,0.0,0,0,0,0,1,0,TV & Video Displays,0.0,8.268475388982598,1,0,0,1.6094379124341005
4.3,0,1,0,0,0.0,0,0,0,0,1,0,"Audio, Sound & Recording Gear",5.993961427306569,3.177637076851603,0,1,0,8.831419819090131
4.6,0,1,1,0,0.0,0,0,0,0,1,0,"Office Supplies, Ink & Toner",6.2166061010848646,2.9947317732204075,0,1,0,5.720311776607412
4.5,0,1,0,0,0.0,0,0,0,0,1,0,Laptops,3.9318256327243257,6.423246963533519,0,0,1,3.7612001156935615
3.8,0,0,0,0,0.0,0,0,0,0,1,0,Other Electronics,4.61512051684126,5.49219687217572,0,0,1,4.890349128221754
4.5,0,1,0,0,0.0,0,0,0,0,1,0,Computer Peripherals,3.9318256327243257,4.9486889658772695,0,0,1,5.998936561946683
4.4,0,0,0,0,0.0,0,0,0,0,1,0,Storage & Memory Cards,3.9318256327243257,6.618738983517219,1,0,0,3.332204510175204
4.6,0,1,0,0,0.0,0,0,0,0,1,0,PC Components,4.61512051684126,5.135798437050262,0,0,1,5.062595033026967
4.0,0,1,0,0,0.19,0,0,0,0,1,0,"Audio, Sound & Recording Gear",3.9318256327243257,5.424950017481403,0,0,1,5.2574953720277815
4.8,0,1,0,0,0.0,0,0,0,0,1,0,Computer Peripherals,5.707110264748875,3.0440461338325417,0,1,0,3.332204510175204
4.6,0,1,0,0,0.0,0,0,0,0,1,0,"Audio, Sound & Recording Gear",5.303304908059076,4.173771695853422,0,0,1,6.893656354602635
4.1,0,1,0,0,0.16,0,0,0,0,1,0,Computer Peripherals,4.61512051684126,4.875120984409557,0,0,1,5.5053315359323625
4.8,0,1,1,0,0.0,0,0,0,0,1,0,"Chargers, Adapters & Cables",5.993961427306569,2.769458829230853,0,0,1,7.4815557019095165
4.8,0,1,0,0,0.0,0,0,0,0,1,0,Laptops,4.61512051684126,5.356586274672012,0,0,1,3.951243718581428
4.4,0,1,0,1,0.0,0,0,0,0,1,0,Mobile Cell Phones & Smartphones,5.707110264748875,3.433664571799657,0,1,0,4.07753744390572
4.4,0,1,0,0,0.0,0,0,0,0,1,0,"Office Supplies, Ink & Toner",5.303304908059076,4.094177881665002,0,0,1,6.481577129276431
4.3,0,1,1,0,0.63,0,0,0,0,1,0,Small Gadget Accessories (Cases & Protectors),5.993961427306569,4.18950321539533,0,0,1,4.983606621708336
4.7,0,0,0,0,0.0,0,0,0,0,1,0,Small Gadget Accessories (Cases & Protectors),5.707110264748875,3.1179499062782403,0,0,1,8.27664912542186
4.7,0,1,0,0,0.0,0,0,0,0,1,0,"Office Supplies, Ink & Toner",5.707110264748875,3.5720646995221013,0,0,1,5.556828061699537
4.5,0,1,0,0,0.11,0,0,0,0,1,0,PC Components,4.61512051684126,5.252221070655064,0,0,1,6.561030665896573
2.4,0,0,0,0,0.0,0,0,0,0,1,0,PC Components,0.0,6.746388626534571,1,0,0,2.079441541679836
4.6,0,1,0,0,0.0,0,0,0,0,1,0,PC Components,4.61512051684126,4.369321262176328,0,1,0,5.7430031878094825
4.0,0,0,0,0,0.0,0,0,0,0,1,0,"Office Supplies, Ink & Toner",3.9318256327243257,6.214608098422191,1,0,0,4.465908118654584
4.6,0,0,0,0,0.0,0,0,0,0,1,0,Cameras & Photography,0.0,7.377758908227872,0,0,1,6.899723107284872
4.8,0,1,0,0,0.0,0,0,0,0,1,0,"Office Supplies, Ink & Toner",4.61512051684126,4.962075103480879,0,0,1,5.926926025970411
4.7,0,1,0,0,0.2,0,0,0,0,1,0,TV & Video Displays,5.707110264748875,3.2577118486533987,0,1,0,6.1675164908883415
4.6,0,1,0,0,0.1,0,0,0,0,1,0,Small Gadget Accessories (Cases & Protectors),5.303304908059076,3.780774718818192,0,0,1,9.222960403332284
4.3,0,0,0,0,0.0,0,0,0,0,1,0,"Chargers, Adapters & Cables",4.61512051684126,5.141605075260502,1,0,0,3.367295829986474
4.6,0,0,0,0,0.0,0,0,0,0,1,0,Storage & Memory Cards,5.303304908059076,4.217299386280878,0,0,1,3.713572066704308
4.6,0,1,0,0,0.0,0,0,0,0,1,0,Small Gadget Accessories (Cases & Protectors),4.61512051684126,4.874815570953721,0,0,1,5.472270673671475
4.5,0,1,0,0,0.0,0,0,0,0,1,0,Other Electronics,5.707110264748875,4.025173103360802,0,0,1,7.945909598613133
4.5,0,1,0,0,0.0,0,0,0,0,1,0,"Chargers, Adapters & Cables",5.303304908059076,3.931629535067065,0,0,1,6.92461239604856
4.5,0,0,0,0,0.0,0,0,0,0,1,0,"Office Supplies, Ink & Toner",4.61512051684126,5.214337752752762,0,0,1,5.214935757608986
4.1,0,0,1,0,0.0,0,0,0,0,1,0,Printers & Scanners (Hardware),3.9318256327243257,6.677775916658645,0,0,1,5.976350909297934
4.7,0,1,0,0,0.0,1,0,0,0,0,0,Cameras & Photography,3.9318256327243257,7.1308988302963465,0,0,1,8.59007183682881
4.4,0,1,0,0,0.19,0,0,0,0,1,0,TV & Video Displays,5.303304908059076,4.3819016268607305,0,0,1,6.326149473155099
4.7,0,1,0,0,0.0,0,0,0,0,1,0,Storage & Memory Cards,4.61512051684126,5.988961416889864,0,0,1,4.0943445622221
4.0,0,0,0,0,0.0,0,0,0,0,1,0,"Audio, Sound & Recording Gear",4.61512051684126,4.330601752681694,0,0,1,6.90975328164481
4.2,0,0,0,0,0.07,0,0,0,0,1,0,Video Game Consoles & Virtual Reality,5.303304908059076,3.979681653901961,0,1,0,7.046647277848756
4.1,0,1,0,0,0.0,0,0,0,0,1,0,Computer Peripherals,5.303304908059076,4.5107496103686,0,0,1,8.407824654360873
4.3,0,1,0,0,0.0,0,0,0,0,1,0,TV & Video Displays,6.2166061010848646,2.590767040487478,0,1,0,7.747596838692885
4.7,0,1,0,0,0.32,0,0,0,0,1,0,PC Components,5.993961427306569,3.2577118486533987,0,1,0,7.490529402060711
4.5,0,0,1,0,0.0,0,0,0,0,1,0,TV & Video Displays,3.9318256327243257,6.721943638926684,0,0,1,6.037870919922137
4.8,0,0,0,0,0.0,0,0,0,0,1,0,Small Gadget Accessories (Cases & Protectors),4.61512051684126,5.564482092412441,1,0,0,4.955827057601261
4.4,0,1,0,0,0.19,0,0,0,0,1,0,"Audio, Sound & Recording Gear",4.61512051684126,4.874815570953721,0,0,1,7.208600337960199
4.6,0,1,0,0,0.17,0,0,0,0,1,0,TV & Video Displays,5.707110264748875,3.433664571799657,0,1,0,6.806829360392176
4.7,0,1,0,0,0.19,0,0,0,0,1,0,Networking,4.61512051684126,4.9486889658772695,0,0,1,7.622663951323595
4.5,0,1,0,0,0.0,0,0,0,0,1,0,Laptops,4.61512051684126,3.9793077522337423,0,1,0,5.236441962829949
4.9,0,0,0,0,0.0,0,0,0,0,1,0,Laptops,3.9318256327243257,6.866933284461882,0,0,1,3.218875824868201
5.0,0,1,1,0,0.0,0,0,0,0,1,0,"Office Supplies, Ink & Toner",5.303304908059076,4.875120984409557,0,0,1,2.995732273553991
4.2,0,1,0,0,0.05,0,0,0,0,1,0,Laptops,4.61512051684126,4.453765731828859,0,1,0,5.247024072160486
3.8,0,0,0,0,0.0,0,0,0,0,1,0,"Office Supplies, Ink & Toner",0.0,6.429542042943623,1,0,0,3.258096538021482
4.3,0,1,0,0,0.08,0,0,0,0,1,0,Laptops,5.303304908059076,3.58324112209094,0,1,0,4.74493212836325
4.1,0,0,0,0,0.19,0,0,0,0,1,0,Video Game Consoles & Virtual Reality,4.61512051684126,4.848037930150031,0,0,1,5.407171771460119
3.7,0,1,0,0,0.0,0,0,0,0,1,0,Laptops,3.9318256327243257,5.193734326355597,0,0,1,5.117993812416755
4.5,0,0,1,0,0.12,0,0,0,0,1,0,Computer Peripherals,5.707110264748875,3.931629535067065,0,0,1,6.92461239604856
4.4,0,0,0,0,0.33,0,0,0,0,1,0,"Audio, Sound & Recording Gear",5.707110264748875,3.433664571799657,0,1,0,4.204692619390966
5.0,0,0,0,0,0.0,0,0,0,0,1,0,Laptops,3.9318256327243257,5.556789450915541,0,0,1,1.0986122886681098
4.6,0,1,0,0,0.0,0,0,0,0,1,0,Smart Home & Security,4.61512051684126,4.940784912195175,0,0,1,6.442540166468199
4.6,0,1,0,0,0.27,0,0,0,0,1,0,Computer Peripherals,6.2166061010848646,2.63834278867739,0,1,0,8.654517382279456
4.7,0,0,0,0,0.22,0,0,0,0,1,0,TV & Video Displays,6.2166061010848646,2.301584592660462,0,1,0,9.50390510758612
4.6,0,1,0,0,0.06,0,0,0,0,1,0,Wearables,4.61512051684126,5.525413097700675,0,0,1,4.700480365792417
4.8,0,0,0,0,0.0,0,0,0,0,1,0,"Chargers, Adapters & Cables",5.993961427306569,2.8898160479624417,0,0,1,4.762173934797756
4.7,0,0,0,0,0.0,0,0,0,0,1,0,Cameras & Photography,4.61512051684126,5.799092654460526,0,0,1,5.198497031265826
4.7,0,0,0,0,0.0,0,0,0,0,1,0,Cameras & Photography,0.0,7.574532816521938,0,0,1,5.697093486505405
4.2,0,1,0,0,0.0,0,0,0,0,1,0,Small Gadget Accessories (Cases & Protectors),4.61512051684126,5.601934302012123,1,0,0,3.610917912644224
4.4,0,1,0,0,0.1,1,0,0,0,0,0,"Audio, Sound & Recording Gear",5.707110264748875,4.709440107163888,0,0,1,5.537334267018537
4.5,0,1,0,0,0.12,0,0,0,0,1,0,"Audio, Sound & Recording Gear",5.303304908059076,4.59511985013459,0,0,1,6.259581464064923
4.4,0,1,0,0,0.0,0,0,0,0,1,0,"Chargers, Adapters & Cables",5.303304908059076,3.7133281345162463,0,0,1,4.836281906951478
4.4,0,1,0,0,0.24,0,0,0,0,1,0,Power & Batteries,4.61512051684126,5.19844178112078,1,0,0,5.424950017481403
4.8,0,0,0,0,0.05,0,0,0,0,1,0,TV & Video Displays,5.303304908059076,4.262539022051294,0,1,0,5.730099782973574
4.5,0,1,0,0,0.09,0,0,0,0,1,0,Small Gadget Accessories (Cases & Protectors),5.707110264748875,3.5260663637080247,0,0,1,8.379079889286603
4.5,0,1,0,0,0.05,0,0,0,0,1,0,PC Components,4.61512051684126,5.398117451625214,0,0,1,3.49650756146648
4.6,0,1,0,0,0.0,0,0,0,0,1,0,Laptops,5.993961427306569,3.1350593387750902,0,1,0,5.288267030694535
4.7,0,1,0,1,0.0,0,0,0,0,1,0,Computer Peripherals,5.707110264748875,2.8898160479624417,0,1,0,6.133398042996649
4.7,0,1,0,0,0.0,0,0,0,0,1,0,"Office Supplies, Ink & Toner",5.303304908059076,4.768563732896527,0,0,1,6.7912214627261855
4.0,0,1,0,0,0.06,0,0,0,0,1,0,Laptops,0.0,7.335633981927201,0,0,1,0.6931471805599453
4.7,0,0,0,0,0.0,0,0,0,0,1,0,Laptops,5.303304908059076,4.18950321539533,0,1,0,7.564757012905729
4.8,0,1,0,0,0.0,0,0,0,0,1,0,Wearables,6.2166061010848646,3.0218872310308424,0,1,0,7.146772179452637
4.6,0,1,0,0,0.06,0,0,0,0,1,0,Power & Batteries,5.303304908059076,3.974809993526911,0,0,1,7.4205789054108
4.1,0,1,0,0,0.05,0,0,0,0,1,0,Wearables,4.61512051684126,5.252011613671526,0,0,1,6.8966943316227125
4.3,0,1,0,0,0.0,0,0,0,0,1,0,"Audio, Sound & Recording Gear",3.9318256327243257,5.940171252720432,0,0,1,6.361302477572996
4.4,0,1,0,0,0.17,0,0,0,0,1,0,Small Gadget Accessories (Cases & Protectors),5.707110264748875,3.433664571799657,0,0,1,6.8679744089702925
4.8,0,1,0,0,0.22,0,0,0,0,1,0,PC Components,4.61512051684126,5.30325515557766,0,0,1,9.208939391060555
4.6,0,1,0,0,0.24,0,0,0,0,1,0,"Chargers, Adapters & Cables",6.2166061010848646,2.5641798306825083,0,1,0,9.972733725272942
5.0,0,1,1,0,0.52,0,0,0,0,1,0,"Office Supplies, Ink & Toner",5.303304908059076,4.430697744137536,0,0,1,2.772588722239781
4.3,0,1,0,0,0.0,0,0,0,0,1,0,"Chargers, Adapters & Cables",5.303304908059076,3.6883793290722537,0,0,1,3.80666248977032
4.8,0,1,0,0,0.08,0,0,0,0,1,0,Wearables,3.9318256327243257,5.872117789475416,0,0,1,3.4657359027997265
4.7,0,1,0,0,0.22,0,0,0,0,1,0,Storage & Memory Cards,5.993961427306569,2.8326249356838407,0,1,0,13.377651898507208
3.7,0,1,0,0,0.5,0,0,0,0,1,0,Small Gadget Accessories (Cases & Protectors),6.2166061010848646,3.043569602968151,0,1,0,5.966146739123692
4.8,0,1,0,0,0.33,0,0,0,0,1,0,"Office Supplies, Ink & Toner",5.993961427306569,3.4861510875423187,0,0,1,6.8001700683022
4.6,0,0,0,0,0.0,0,0,0,0,1,0,PC Components,4.61512051684126,5.058345510252332,0,0,1,4.912654885736052
4.2,0,1,0,0,0.12,0,0,0,0,1,0,PC Components,5.303304908059076,3.931629535067065,0,1,0,5.575949103146316
4.4,0,1,0,0,0.12,0,0,0,0,1,0,"Audio, Sound & Recording Gear",4.61512051684126,5.398117451625214,0,0,1,5.247024072160486
4.5,0,0,0,0,0.0,1,0,0,0,0,0,"Office Supplies, Ink & Toner",5.707110264748875,2.191653532286764,0,1,0,4.532599493153256
4.2,0,1,0,0,0.14,0,0,0,0,1,0,TV & Video Displays,5.993961427306569,3.177637076851603,0,1,0,7.421775793644647
4.1,0,0,0,0,0.0,0,0,0,0,1,0,Networking,5.303304908059076,3.260017768199376,0,1,0,6.452048954437226
4.4,0,1,0,0,0.0,0,0,0,0,1,0,"Audio, Sound & Recording Gear",4.61512051684126,5.857933154483459,0,0,1,4.672828834461906
3.5,0,1,0,0,0.1,0,0,0,0,1,0,Mobile Cell Phones & Smartphones,5.707110264748875,3.931629535067065,0,0,1,5.424950017481403
4.8,0,0,0,0,0.0,0,1,0,0,0,0,Cameras & Photography,4.61512051684126,5.095466518501589,0,0,1,3.044522437723423
4.4,0,1,0,0,0.08,0,0,0,0,1,0,"Audio, Sound & Recording Gear",6.2166061010848646,2.8326249356838407,0,1,0,8.024862150286411
4.4,0,1,0,0,0.05,0,0,0,0,1,0,Storage & Memory Cards,3.9318256327243257,6.066084887978432,1,0,0,5.459585514144159
4.7,0,1,0,0,0.05,0,0,0,0,1,0,"Office Supplies, Ink & Toner",5.993961427306569,2.995232148512309,0,1,0,7.356918242356021
3.9,0,1,0,0,0.43,0,0,0,0,1,0,TV & Video Displays,3.9318256327243257,6.552493621597604,0,0,1,5.236441962829949
4.6,0,0,0,0,0.0,0,0,0,0,1,0,PC Components,5.303304908059076,3.8709926558701535,0,1,0,7.625595072132453
4.3,0,1,0,0,0.0,0,0,0,0,1,0,Laptops,3.9318256327243257,6.393423515886859,0,0,1,3.044522437723423
4.8,0,1,0,0,0.25,0,0,0,0,1,0,Networking,6.2166061010848646,2.196112848483529,0,1,0,9.627536402960043
4.3,0,0,0,0,0.0,1,0,0,0,0,0,Networking,4.61512051684126,4.9486889658772695,0,0,1,3.332204510175204
4.5,0,1,0,0,0.0,0,0,0,0,1,0,"Audio, Sound & Recording Gear",4.61512051684126,5.068904202220232,0,0,1,6.398594934535208
4.7,0,1,0,0,0.0,0,0,0,0,1,0,Power & Batteries,6.2166061010848646,3.004196351966121,0,0,1,6.9930151229329605
4.7,0,0,0,0,0.0,0,0,0,0,1,0,Laptops,5.303304908059076,4.024994484087308,0,1,0,7.272398392570047
4.2,0,0,0,0,0.16,0,0,0,0,1,0,Computer Peripherals,5.707110264748875,3.2577118486533987,0,1,0,7.317876198626496
0.0,0,0,0,0,0.0,0,0,0,0,1,0,Laptops,0.0,7.576092215033348,1,0,0,0.0
4.4,0,1,0,0,0.0,0,0,0,0,1,0,Laptops,4.61512051684126,6.111445166307853,0,0,1,6.777646593635117
4.3,0,1,0,0,0.06,0,0,0,0,1,0,"Office Supplies, Ink & Toner",3.9318256327243257,5.841629541348326,1,0,0,4.882801922586371
4.5,0,0,0,0,0.0,0,0,0,0,1,0,Laptops,3.9318256327243257,6.608000625296087,0,0,1,4.663439094112067
4.6,0,1,0,0,0.12,0,0,0,0,1,0,TV & Video Displays,4.61512051684126,4.795707897553386,0,0,1,3.58351893845611
4.7,0,1,0,0,0.0,0,0,0,0,1,0,"Chargers, Adapters & Cables",6.2166061010848646,2.1701959049483,0,1,0,9.972360416822504
4.6,0,1,0,0,0.0,1,0,0,0,0,0,"Chargers, Adapters & Cables",5.707110264748875,3.2577118486533987,0,0,1,4.060443010546419
4.6,0,1,0,0,0.0,0,0,0,0,1,0,"Audio, Sound & Recording Gear",3.9318256327243257,5.991464547107982,0,0,1,6.148468295917647
0.0,0,0,0,0,0.0,0,0,0,0,1,0,Laptops,0.0,7.176254532017144,0,0,1,0.0
4.7,0,1,0,0,0.0,0,0,0,0,1,0,Small Gadget Accessories (Cases & Protectors),5.993961427306569,2.731115474033206,0,1,0,8.282988692742602
4.4,0,1,0,0,0.0,0,0,0,0,1,0,Small Gadget Accessories (Cases & Protectors),5.993961427306569,3.9308447596687337,0,0,1,7.370230641807081
4.6,0,0,0,0,0.0,0,0,0,0,1,0,Power & Batteries,4.61512051684126,5.340897814083155,1,0,0,6.513230110912307
4.3,0,1,0,0,0.43,0,0,0,0,1,0,"Audio, Sound & Recording Gear",4.61512051684126,5.860757733031528,0,0,1,4.6443908991413725
4.3,0,1,0,0,0.17,0,0,0,0,1,0,Small Gadget Accessories (Cases & Protectors),5.707110264748875,3.433664571799657,0,0,1,4.812184355372417
4.4,0,1,0,0,0.0,0,0,0,0,1,0,Wearables,5.303304908059076,5.3518107389880365,0,0,1,3.8501476017100575
4.7,0,0,0,0,0.0,0,0,0,0,1,0,Cameras & Photography,6.90875477931522,2.769458829230853,0,1,0,9.769327390849192
4.4,0,1,0,0,0.0,0,0,0,0,1,0,Computer Peripherals,5.707110264748875,3.433664571799657,0,1,0,9.02485381183907
4.9,0,1,0,0,0.17,0,0,0,0,1,0,Computer Peripherals,4.61512051684126,4.795707897553386,0,0,1,4.624972813284271
4.6,0,1,0,0,0.0,0,0,0,0,1,0,"Office Supplies, Ink & Toner",5.303304908059076,4.343805421853684,0,0,1,8.262816937670928
4.3,0,1,0,0,0.3,0,0,0,0,1,0,Small Gadget Accessories (Cases & Protectors),5.993961427306569,3.366950942933564,0,0,1,7.683403681053826
4.5,0,1,0,0,0.46,0,0,0,0,1,0,"Chargers, Adapters & Cables",6.2166061010848646,1.8702625307159984,0,1,0,7.725771441587952
4.5,0,1,0,0,0.1,0,0,0,0,1,0,"Audio, Sound & Recording Gear",3.9318256327243257,5.3981627015177525,0,0,1,6.354370040797351
4.4,0,1,0,0,0.0,0,0,0,0,1,0,Cameras & Photography,4.61512051684126,5.141605075260502,0,0,1,7.415776975415394
4.4,0,1,0,0,0.19,0,0,0,0,1,0,PC Components,4.61512051684126,4.875120984409557,0,0,1,6.6293632534374485
4.7,0,1,0,0,0.34,0,0,0,0,1,0,"Office Supplies, Ink & Toner",5.707110264748875,3.3439213138424253,0,1,0,6.4692503167957724
4.7,0,0,0,0,0.0,0,0,0,0,1,0,"Office Supplies, Ink & Toner",4.61512051684126,4.203049479130317,0,0,1,6.931471805599453
4.2,0,1,0,0,0.0,0,0,0,0,1,0,Mobile Cell Phones & Smartphones,5.993961427306569,2.769458829230853,0,1,0,9.359105145241294
4.5,0,1,1,0,0.0,0,0,0,0,1,0,"Office Supplies, Ink & Toner",5.303304908059076,4.174233411906258,0,0,1,4.709530201312334
4.6,0,1,0,0,0.0,0,0,0,0,1,0,"Chargers, Adapters & Cables",3.9318256327243257,6.175846479868856,1,0,0,2.995732273553991
3.1,0,0,0,0,0.0,0,0,0,0,1,0,Smart Home & Security,3.9318256327243257,6.030252474315242,0,0,1,4.897839799950911
4.2,0,0,0,0,0.05,0,0,0,0,1,0,Wearables,4.61512051684126,5.799092654460526,0,0,1,6.037870919922137
4.4,0,1,0,0,0.0,0,0,0,0,1,0,TV & Video Displays,0.0,7.088400431395147,1,0,0,6.421622267806518
4.2,0,1,0,0,0.0,0,0,0,0,1,0,"Audio, Sound & Recording Gear",4.61512051684126,4.5107496103686,0,0,1,6.342121418721152
4.6,0,1,0,0,0.0,0,0,0,0,1,0,Laptops,5.303304908059076,4.266054458421461,0,1,0,7.787796878181171
4.6,0,1,1,0,0.0,0,0,0,0,1,0,Computer Peripherals,4.61512051684126,3.997466487245613,0,0,1,9.279586544712997
4.6,0,1,1,0,0.0,0,0,0,0,1,0,Other Electronics,4.61512051684126,4.835885002798619,0,0,1,6.230481447578482
4.7,0,0,0,0,0.0,0,0,0,0,1,0,Power & Batteries,6.55250788703459,1.8213182714696,0,1,0,7.419979923661835
4.2,0,0,0,0,0.14,0,0,0,0,1,0,Video Game Consoles & Virtual Reality,4.61512051684126,5.129602813160299,0,0,1,6.340359303727752
4.2,0,1,1,0,0.0,0,0,0,0,1,0,Wearables,4.61512051684126,4.709440107163888,0,0,1,9.015419779605711
4.6,0,0,0,0,0.0,0,0,0,0,1,0,"Office Supplies, Ink & Toner",4.61512051684126,3.9817356178394463,0,0,1,5.3612921657094255
4.5,0,1,0,0,0.0,0,0,0,0,1,0,"Office Supplies, Ink & Toner",4.61512051684126,4.418720118610357,0,0,1,5.288267030694535
4.1,0,0,0,0,0.0,0,0,0,0,1,0,Laptops,3.9318256327243257,6.478478919770434,0,0,1,6.473890696352274
4.5,0,1,0,0,0.0,0,0,0,0,1,0,Small Gadget Accessories (Cases & Protectors),5.707110264748875,3.2577118486533987,0,0,1,7.2254814727822945
4.7,0,0,0,0,0.0,0,0,0,0,1,0,PC Components,3.9318256327243257,6.55250788703459,0,0,1,7.10085190894405
4.6,0,1,0,0,0.13,0,0,0,0,1,0,PC Components,4.61512051684126,5.799092654460526,0,0,1,6.448889394146858
4.4,0,0,0,0,0.28,0,0,0,0,1,0,TV & Video Displays,6.2166061010848646,2.63834278867739,0,1,0,6.525029657843462
4.2,0,1,0,0,0.3,0,0,0,0,1,0,Small Gadget Accessories (Cases & Protectors),5.707110264748875,4.110709916308365,0,0,1,7.893198869544609
4.2,0,1,0,0,0.05,0,0,0,0,1,0,"Chargers, Adapters & Cables",5.707110264748875,3.4008639927609177,0,0,1,3.8501476017100575
4.4,0,1,0,0,0.0,0,0,0,0,1,0,"Chargers, Adapters & Cables",4.61512051684126,4.110709916308365,0,0,1,4.262679877041316
4.2,0,0,0,0,0.0,0,0,0,0,1,0,"Audio, Sound & Recording Gear",5.303304908059076,3.5743099993708003,0,1,0,8.921991410536698
4.4,0,1,0,0,0.0,0,0,0,0,1,0,"Audio, Sound & Recording Gear",3.9318256327243257,5.673323267171493,0,0,1,2.302585092994046
4.6,0,1,0,0,0.0,0,0,0,0,1,0,"Office Supplies, Ink & Toner",5.993961427306569,3.034472101869921,0,1,0,6.740519359606223
4.4,0,1,0,0,0.0,0,0,0,0,1,0,"Audio, Sound & Recording Gear",5.303304908059076,4.48863636973214,0,0,1,6.945051063725834
4.6,0,1,0,0,0.0,0,0,0,0,1,0,Other Electronics,6.398594934535208,2.377692565480851,0,1,0,7.232733136177615
0.0,0,1,0,0,0.0,0,0,0,0,1,0,PC Components,0.0,7.090901495650648,1,0,0,0.0
4.6,0,1,0,0,0.0,0,0,0,0,1,0,Cameras & Photography,5.707110264748875,3.3311325072138684,0,1,0,6.522092798170152
4.6,0,1,0,0,0.2,0,0,0,0,1,0,"Office Supplies, Ink & Toner",4.61512051684126,4.584865432647727,0,0,1,6.90975328164481
4.4,0,1,0,0,0.0,0,0,0,0,1,0,Computer Peripherals,4.61512051684126,6.2145880982221895,1,0,0,7.934155233536322
4.5,0,0,0,0,0.0,0,0,0,0,1,0,Computer Peripherals,5.303304908059076,3.433664571799657,0,1,0,4.634728988229636
4.4,0,1,0,0,0.09,0,0,0,0,1,0,Small Gadget Accessories (Cases & Protectors),4.61512051684126,5.393627546352362,1,0,0,6.240275845170769
4.6,0,1,0,0,0.13,0,0,0,0,1,0,"Office Supplies, Ink & Toner",5.993961427306569,2.771963526845863,0,1,0,8.545780648268149
4.6,0,0,0,0,0.0,0,0,0,0,1,0,Cameras & Photography,4.61512051684126,5.5053315359323625,0,0,1,6.756932389247553
4.6,0,0,0,0,0.0,0,0,0,0,1,0,"Audio, Sound & Recording Gear",4.61512051684126,4.3943256902608985,0,0,1,7.259819610363186
4.1,0,1,0,0,0.0,0,0,0,0,1,0,Computer Peripherals,4.61512051684126,4.6150215020384655,0,0,1,4.962844630259907
3.9,0,0,0,0,0.0,0,0,0,0,1,0,Networking,3.9318256327243257,5.170483995038151,0,0,1,4.418840607796598
4.3,0,0,0,0,0.0,0,0,0,0,1,0,TV & Video Displays,3.9318256327243257,5.693226960716684,0,0,1,6.668228248417403
4.6,0,0,0,0,0.0,0,0,0,0,1,0,Other Electronics,5.303304908059076,3.915217896324665,0,0,1,6.860663671448287
4.5,0,0,0,0,0.0,0,0,0,0,1,0,"Audio, Sound & Recording Gear",4.61512051684126,4.262539022051294,0,0,1,5.117993812416755
4.7,0,0,0,0,0.0,0,0,0,0,1,0,Computer Peripherals,3.9318256327243257,4.497473610532717,0,0,1,3.218875824868201
3.7,0,0,0,0,0.0,0,0,0,0,1,0,PC Components,3.9318256327243257,5.442374419541463,0,0,1,5.634789603169249
4.2,0,1,0,0,0.2,0,0,0,0,1,0,Small Gadget Accessories (Cases & Protectors),5.993961427306569,3.0440461338325417,0,1,0,7.51425465281641
4.3,0,0,0,0,0.0,0,0,0,0,1,0,TV & Video Displays,0.0,7.143586006628351,1,0,0,2.302585092994046
4.6,0,0,0,0,0.0,0,0,0,0,1,0,Video Game Consoles & Virtual Reality,0.0,7.377758908227872,1,0,0,3.1780538303479458
3.9,0,1,0,0,0.3,0,0,0,0,1,0,Computer Peripherals,5.303304908059076,3.931629535067065,0,0,1,7.911690520708339
4.5,0,1,0,0,0.0,0,0,0,0,1,0,Cameras & Photography,4.61512051684126,5.37989735354046,0,0,1,4.574710978503383
4.3,0,0,0,0,0.0,0,0,0,0,1,0,Laptops,0.0,6.030685260261263,0,0,1,6.142037405587356
4.6,0,0,1,0,0.0,0,0,0,0,1,0,"Office Supplies, Ink & Toner",5.707110264748875,2.758109400974947,0,1,0,7.965892735084528
4.5,0,1,0,0,0.41,0,0,0,0,1,0,"Audio, Sound & Recording Gear",4.61512051684126,5.141605075260502,0,0,1,6.042632833682381
4.5,0,1,0,0,0.15,0,0,0,0,1,0,Computer Peripherals,5.303304908059076,4.330601752681694,0,0,1,7.6586995582682995
4.2,0,1,1,0,0.0,0,0,0,0,1,0,"Audio, Sound & Recording Gear",4.61512051684126,5.277655370099941,0,0,1,6.077642243349034
4.5,0,1,0,0,0.08,0,0,0,0,1,0,Wearables,6.398594934535208,2.2669579153508947,0,1,0,6.806829360392176
4.2,0,0,0,0,0.0,0,0,0,0,1,0,Networking,4.61512051684126,4.6150215020384655,0,0,1,5.4638318050256105
4.6,0,1,0,0,0.0,0,0,0,0,1,0,Storage & Memory Cards,4.61512051684126,3.895283681423848,0,0,1,8.961366060627451
2.5,0,1,0,0,0.0,0,0,0,0,1,0,Storage & Memory Cards,3.9318256327243257,6.255730847711197,1,0,0,1.9459101490553128
4.1,0,1,0,1,0.2,0,0,0,0,1,0,Smart Home & Security,4.61512051684126,5.30325515557766,0,0,1,6.056784013228625
4.3,0,1,0,0,0.25,0,0,0,0,1,0,"Audio, Sound & Recording Gear",5.303304908059076,4.3943256902608985,0,0,1,7.113956109566034
4.5,0,1,0,0,0.13,0,0,0,0,1,0,Laptops,5.707110264748875,3.177637076851603,0,1,0,5.093750200806762
4.4,0,1,0,0,0.31,0,0,0,0,1,0,Wearables,4.61512051684126,4.6150215020384655,0,0,1,7.05617528410041
4.6,0,1,1,0,0.19,0,0,0,0,1,0,TV & Video Displays,4.61512051684126,5.393627546352362,0,0,1,8.316300249036848
4.0,0,1,0,0,0.0,0,0,0,0,1,0,"Office Supplies, Ink & Toner",4.61512051684126,5.010635294096256,0,0,1,2.8903717578961645
4.6,0,0,0,0,0.0,0,0,0,0,1,0,Computer Peripherals,4.61512051684126,3.931629535067065,0,0,1,8.664923303440572
4.7,0,0,0,0,0.16,0,0,0,0,1,0,TV & Video Displays,5.707110264748875,3.2577118486533987,0,1,0,8.874168090363968
4.6,0,1,0,0,0.0,0,0,0,0,1,0,TV & Video Displays,3.9318256327243257,5.532084289499378,0,0,1,7.164720378771857
4.6,0,1,0,0,0.0,0,0,0,0,1,0,"Office Supplies, Ink & Toner",6.2166061010848646,2.6871669901857858,0,1,0,5.910796644040527
4.2,0,1,1,0,0.0,0,0,0,0,1,0,"Office Supplies, Ink & Toner",5.707110264748875,3.663305202994506,0,0,1,7.508238774678663
4.5,0,1,0,0,0.19,0,0,0,0,1,0,Tablets & E-readers (DEVICES ONLY),5.303304908059076,3.931629535067065,0,0,1,4.51085950651685
4.1,0,1,0,0,0.46,0,0,0,0,1,0,Wearables,5.303304908059076,3.931629535067065,0,0,1,5.159055299214529
4.6,0,1,0,0,0.0,0,0,0,0,1,0,Other Electronics,4.61512051684126,5.799092654460526,0,0,1,5.717027701406222
4.6,0,0,0,0,0.0,0,0,0,0,1,0,TV & Video Displays,4.61512051684126,5.41969393771455,0,0,1,5.575949103146316
4.7,0,0,0,0,0.0,0,0,0,0,1,0,Computer Peripherals,5.993961427306569,3.2577118486533987,0,1,0,6.914730892718563
4.6,0,0,0,0,0.0,0,0,0,0,1,0,"Audio, Sound & Recording Gear",4.61512051684126,5.225477820371079,0,0,1,6.340359303727752
4.6,0,1,0,0,0.29,0,0,0,0,1,0,"Chargers, Adapters & Cables",6.2166061010848646,2.6100697927420065,0,1,0,7.577121930876679
4.0,0,1,0,0,0.0,0,0,0,0,1,0,Laptops,3.9318256327243257,6.685848462595922,0,0,1,1.791759469228055
4.2,0,0,0,0,0.0,0,0,0,0,1,0,"Office Supplies, Ink & Toner",3.9318256327243257,5.840321838795028,1,0,0,3.784189633918261
4.8,0,1,0,0,0.46,0,0,0,0,1,0,Storage & Memory Cards,6.398594934535208,2.63834278867739,0,1,0,8.209308411646937
4.6,0,1,0,0,0.0,0,0,0,0,1,0,Small Gadget Accessories (Cases & Protectors),5.707110264748875,3.464172180823544,0,0,1,9.091106284052485
4.7,0,0,0,0,0.0,0,0,0,0,1,0,Computer Peripherals,4.61512051684126,4.59511985013459,0,0,1,8.92319149068606
4.0,0,1,0,0,0.0,0,0,0,0,1,0,"Audio, Sound & Recording Gear",5.303304908059076,4.188896879163323,0,0,1,5.298317366548036
4.7,0,1,0,0,0.25,1,0,0,0,0,0,Printers & Scanners (Hardware),4.61512051684126,5.62040086571715,0,0,1,5.991464547107982
4.6,0,0,0,0,0.0,0,0,0,0,1,0,"Office Supplies, Ink & Toner",5.303304908059076,4.429506416858203,0,0,1,7.132497551660044
4.6,0,1,0,0,0.0,0,0,0,0,1,0,Small Gadget Accessories (Cases & Protectors),5.303304908059076,4.510419849442281,0,0,1,5.468060141135132
4.8,0,1,0,0,0.0,0,0,0,0,1,0,Small Gadget Accessories (Cases & Protectors),5.993961427306569,2.8320361808832013,0,1,0,6.647688373563329
4.5,0,1,0,0,0.0,0,0,0,0,1,0,Smart Home & Security,5.303304908059076,3.3995293245614584,0,1,0,6.46302945692067
4.4,0,0,0,0,0.0,0,0,0,0,1,0,Computer Peripherals,5.303304908059076,3.1166215908294443,0,1,0,6.541029999189903
4.2,0,1,0,0,0.28,0,0,0,0,1,0,PC Components,3.9318256327243257,6.063785208687608,0,0,1,4.859812404361672
4.5,0,0,0,0,0.0,0,0,0,0,1,0,Computer Peripherals,0.0,6.802383652151471,1,0,0,2.995732273553991
4.4,0,1,0,0,0.36,0,0,0,0,1,0,Small Gadget Accessories (Cases & Protectors),5.707110264748875,3.415100286831146,0,0,1,3.912023005428146
4.5,0,1,0,0,0.0,0,0,0,0,1,0,Printers & Scanners (Hardware),0.0,6.90874478925533,1,0,0,5.123963979403259
4.7,0,1,0,0,0.4,0,0,0,0,1,0,Power & Batteries,5.303304908059076,4.3374214512437606,0,0,1,4.962844630259907
4.5,0,1,1,0,0.33,0,0,0,0,1,0,Small Gadget Accessories (Cases & Protectors),4.61512051684126,5.564328818089423,1,0,0,6.650279048587422
4.4,0,0,0,0,0.0,0,0,0,0,1,0,Networking,3.9318256327243257,5.799092654460526,0,0,1,3.044522437723423
4.6,0,1,0,0,0.4,0,0,0,0,1,0,"Chargers, Adapters & Cables",5.993961427306569,2.766947842349696,0,0,1,7.848543482456679
4.5,0,1,0,0,0.06,0,0,0,0,1,0,Laptops,6.2166061010848646,2.9439125248241944,0,1,0,3.912023005428146
4.0,0,0,0,0,0.0,0,0,0,0,1,0,Cameras & Photography,4.61512051684126,4.9783186926197125,0,0,1,5.480638923341991
4.4,0,1,0,0,0.05,0,0,0,0,1,0,Laptops,5.303304908059076,3.688629422858727,0,1,0,9.090880931938855
5.0,0,0,0,0,0.0,0,0,0,0,1,0,Storage & Memory Cards,0.0,6.447290014555096,1,0,0,0.6931471805599453
4.6,0,1,1,0,0.25,0,0,0,0,1,0,Small Gadget Accessories (Cases & Protectors),5.303304908059076,4.330075229041782,0,0,1,8.007700012884026
4.7,0,1,0,0,0.0,0,0,0,0,1,0,"Office Supplies, Ink & Toner",5.303304908059076,3.9308447596687337,0,0,1,7.71333788887187
4.6,0,1,0,0,0.0,0,0,0,0,1,0,Networking,4.61512051684126,4.333361462692601,0,1,0,7.10002716662926
4.6,0,1,0,0,0.0,0,0,0,0,1,0,Power & Batteries,5.707110264748875,3.433664571799657,0,0,1,8.824677891164198
4.4,0,1,0,0,0.0,0,0,0,0,1,0,Mobile Cell Phones & Smartphones,3.9318256327243257,5.288267030694535,0,0,1,5.288267030694535
4.5,0,1,0,0,0.05,0,0,0,0,1,0,PC Components,4.61512051684126,5.30325515557766,0,0,1,5.891644211825772
4.4,0,1,0,0,0.08,0,0,0,0,1,0,"Office Supplies, Ink & Toner",5.303304908059076,2.9507349076232554,0,1,0,5.308267697401205
5.0,0,1,0,0,0.0,0,0,0,0,1,0,PC Components,0.0,6.83624853608082,1,0,0,1.9459101490553128
4.4,0,1,0,0,0.0,0,0,0,0,1,0,Small Gadget Accessories (Cases & Protectors),5.993961427306569,2.8326249356838407,0,1,0,6.652863029353347
5.0,0,0,0,0,0.0,0,0,0,0,1,0,"Office Supplies, Ink & Toner",3.9318256327243257,6.01344617121437,1,0,0,3.258096538021482
4.5,0,1,0,0,0.0,0,0,0,0,1,0,Cameras & Photography,0.0,7.22983877815125,0,0,1,6.8001700683022
4.6,0,0,0,0,0.12,0,0,0,0,1,0,"Audio, Sound & Recording Gear",5.303304908059076,4.3943256902608985,0,0,1,7.375882148215011
4.8,0,1,0,0,0.23,0,0,0,0,1,0,Storage & Memory Cards,5.707110264748875,3.177637076851603,0,1,0,10.289667899232423
4.8,0,1,0,0,0.0,0,0,0,0,1,0,"Audio, Sound & Recording Gear",5.303304908059076,4.510309904964132,0,0,1,6.570882962339584
4.5,0,1,0,0,0.0,0,0,0,0,1,0,TV & Video Displays,3.9318256327243257,6.999422467507961,1,0,0,5.117993812416755
4.6,0,0,0,0,0.0,0,0,0,0,1,0,"Office Supplies, Ink & Toner",4.61512051684126,5.645058129503191,0,0,1,5.786897381366708
3.9,0,0,0,0,0.0,0,0,0,0,1,0,TV & Video Displays,4.61512051684126,4.59511985013459,0,0,1,3.951243718581428
4.5,0,1,0,0,0.0,0,0,0,0,1,0,Cameras & Photography,3.9318256327243257,5.860757733031528,0,0,1,7.372746366404328
4.5,0,0,0,0,0.0,0,0,0,0,1,0,Wearables,5.303304908059076,3.931629535067065,0,0,1,5.673323267171493
4.8,0,1,0,0,0.41,0,0,0,0,1,0,"Chargers, Adapters & Cables",5.303304908059076,4.6150215020384655,0,0,1,2.5649493574615367
4.5,0,1,0,0,0.32,0,1,0,0,0,0,PC Components,5.993961427306569,3.1135153092103742,0,1,0,7.500529485395295
4.6,0,1,0,0,0.0,0,0,0,0,1,0,PC Components,4.61512051684126,5.620364633176702,0,0,1,5.153291594497779
4.6,0,0,0,0,0.0,0,0,0,0,1,0,"Office Supplies, Ink & Toner",5.707110264748875,2.933324813425374,0,1,0,8.104703468371108
4.7,0,0,0,0,0.0,0,0,0,0,1,0,"Office Supplies, Ink & Toner",5.707110264748875,2.457877977400081,0,1,0,7.118826249062078
4.2,0,0,0,0,0.0,0,0,0,0,1,0,Laptops,3.9318256327243257,5.429301768343455,0,0,1,4.02535169073515
4.0,0,0,0,0,0.0,0,0,0,0,1,0,TV & Video Displays,3.9318256327243257,5.703782474656201,0,0,1,5.568344503761097
4.1,0,0,0,0,0.2,0,0,0,0,1,0,"Audio, Sound & Recording Gear",5.303304908059076,4.02535169073515,0,0,1,4.174387269895637
3.8,0,1,0,0,0.0,0,0,0,0,1,0,Cameras & Photography,0.0,7.131690516829846,0,0,1,6.643789733147672
4.4,0,1,0,0,0.23,0,0,0,0,1,0,PC Components,3.9318256327243257,5.736572297479192,0,0,1,3.6635616461296463
4.6,0,0,1,0,0.0,0,0,0,0,1,0,"Chargers, Adapters & Cables",5.707110264748875,3.7133281345162463,0,0,1,7.457609289715606
4.4,0,1,0,0,0.33,0,0,0,0,1,0,"Chargers, Adapters & Cables",6.2166061010848646,2.771963526845863,0,0,1,9.163667963777751
4.5,0,1,0,0,0.11,0,0,0,0,1,0,Other Electronics,5.303304908059076,3.8284239815518326,0,0,1,7.089243155027514
4.6,0,1,0,0,0.0,0,0,0,0,1,0,Power & Batteries,5.303304908059076,3.474757584770184,0,0,1,7.256297239690681
4.7,0,1,0,0,0.05,0,0,0,0,1,0,PC Components,4.61512051684126,4.424487285862646,0,1,0,7.332369205929062
3.9,0,1,0,0,0.05,0,0,0,0,1,0,Mobile Cell Phones & Smartphones,4.61512051684126,5.916175108066267,0,0,1,4.90527477843843
4.4,0,1,0,0,0.08,0,0,0,0,1,0,Other Electronics,4.61512051684126,4.553771622902091,0,0,1,5.918893854273146
5.0,0,1,0,0,0.0,0,0,0,0,1,0,Laptops,0.0,7.824441932468986,1,0,0,2.302585092994046
4.4,0,1,0,0,0.16,0,0,0,0,1,0,Small Gadget Accessories (Cases & Protectors),5.707110264748875,4.188896879163323,0,0,1,5.583496308781699
4.0,0,1,0,0,0.0,0,0,0,0,1,0,"Audio, Sound & Recording Gear",5.303304908059076,3.5260663637080247,0,1,0,6.18826412308259
4.6,0,1,0,0,0.25,0,0,0,0,1,0,"Chargers, Adapters & Cables",5.993961427306569,2.9439125248241944,0,0,1,6.244166900663736
4.8,0,0,0,0,0.0,0,0,0,0,1,0,PC Components,5.303304908059076,4.69125613490122,0,0,1,6.12029741895095
4.4,0,1,0,0,0.0,0,0,0,0,1,0,"Audio, Sound & Recording Gear",5.303304908059076,3.177637076851603,0,1,0,7.334329350300536
4.5,0,1,0,0,0.0,0,0,0,0,1,0,Smart Home & Security,5.303304908059076,3.572345637857985,0,1,0,6.716594773520978
4.1,0,1,0,0,0.0,0,0,0,0,1,0,"Audio, Sound & Recording Gear",4.61512051684126,5.009234313180627,0,0,1,7.585788821732034
4.2,0,1,0,1,0.27,0,0,0,0,1,0,Computer Peripherals,4.61512051684126,5.016948656152848,0,0,1,8.529516941105069
4.1,0,1,0,1,0.0,0,0,0,0,1,0,Smart Home & Security,4.61512051684126,5.484755438853831,0,0,1,4.672828834461906
4.5,0,1,0,0,0.0,0,0,0,0,1,0,"Audio, Sound & Recording Gear",4.61512051684126,5.2934053221870165,0,0,1,6.040254711277414
4.5,0,1,0,0,0.0,0,0,0,0,1,0,"Audio, Sound & Recording Gear",4.61512051684126,5.680138478741803,0,0,1,6.336825731146441
4.8,0,1,0,0,0.2,0,0,0,0,1,0,Networking,4.61512051684126,5.707077041605631,0,0,1,4.553876891600541
4.2,0,1,0,0,0.0,0,0,0,0,1,0,Computer Peripherals,3.9318256327243257,5.30325515557766,0,0,1,6.915723448631314
4.5,0,1,0,0,0.0,0,0,0,0,1,0,"Chargers, Adapters & Cables",4.61512051684126,4.5107496103686,0,0,1,7.967973179662935
4.6,0,1,0,0,0.15,0,0,0,0,1,0,Power & Batteries,6.803505257608338,1.7833912195575383,0,1,0,8.446985296372741
4.4,0,0,0,0,0.0,0,0,0,0,1,0,"Office Supplies, Ink & Toner",3.9318256327243257,3.678576561118039,0,0,1,2.70805020110221
4.6,0,1,0,0,0.2,0,0,0,0,1,0,Small Gadget Accessories (Cases & Protectors),5.303304908059076,3.433664571799657,0,0,1,4.859812404361672
3.9,0,0,0,0,0.0,0,0,0,0,1,0,Wearables,0.0,3.663305202994506,0,1,0,3.332204510175204
4.5,0,1,0,0,0.0,0,0,0,0,1,0,TV & Video Displays,3.9318256327243257,5.916175108066267,0,0,1,7.149916836132109
4.6,0,0,0,0,0.0,0,0,0,0,1,0,Cameras & Photography,3.9318256327243257,6.444051762284881,0,0,1,6.6240652277998935
4.4,0,1,0,0,0.0,0,0,0,0,1,0,Laptops,3.9318256327243257,5.786897381366708,0,0,1,6.395261598115449
4.5,0,1,0,0,0.0,0,0,0,0,1,0,"Office Supplies, Ink & Toner",5.993961427306569,3.1350593387750902,0,1,0,7.659642954564682
4.4,0,1,0,0,0.13,0,0,0,0,1,0,Mobile Cell Phones & Smartphones,4.61512051684126,5.017213609456379,0,0,1,6.779921907472252
4.5,0,0,0,0,0.0,0,0,0,0,1,0,Laptops,0.0,6.447305862541213,0,0,1,5.407171771460119
4.3,0,1,0,0,0.0,0,0,0,0,1,0,"Audio, Sound & Recording Gear",5.707110264748875,3.5260663637080247,0,1,0,9.517898598432753
4.8,0,1,0,0,0.0,0,0,0,0,1,0,Cameras & Photography,4.61512051684126,5.393627546352362,0,0,1,7.355641102974253
4.2,0,1,0,0,0.0,1,0,0,0,0,0,"Chargers, Adapters & Cables",5.303304908059076,3.931629535067065,0,0,1,3.367295829986474
4.7,0,1,0,0,0.0,0,0,0,0,1,0,"Office Supplies, Ink & Toner",4.61512051684126,5.598421958998375,0,0,1,3.688879454113936
3.6,0,1,0,0,0.0,0,0,0,0,1,0,Printers & Scanners (Hardware),4.61512051684126,4.499809670330265,0,1,0,5.062595033026967
4.6,0,0,1,0,0.0,0,0,0,0,1,0,Small Gadget Accessories (Cases & Protectors),5.993961427306569,2.432735777459091,0,1,0,8.516392871245468
4.8,0,1,0,0,0.07,0,0,0,0,1,0,Tablets & E-readers (DEVICES ONLY),3.9318256327243257,5.703782474656201,0,0,1,4.204692619390966
4.7,0,0,0,0,0.0,0,0,0,0,1,0,Computer Peripherals,5.303304908059076,3.8284239815518326,0,0,1,6.75343791859778
4.4,0,1,0,0,0.15,0,0,0,0,1,0,"Audio, Sound & Recording Gear",5.303304908059076,4.094177881665002,0,0,1,6.714170529909472
4.6,0,1,0,0,0.3,0,0,0,0,1,0,Smart Home & Security,4.61512051684126,5.707077041605631,0,0,1,3.332204510175204
4.3,0,1,0,0,0.26,0,0,0,0,1,0,Laptops,4.61512051684126,2.8898160479624417,0,1,0,4.5217885770490405
3.9,0,1,0,0,0.0,0,0,0,0,1,0,Computer Peripherals,5.303304908059076,4.0669733654259685,0,0,1,5.942799375126701
4.2,0,1,0,0,0.0,0,0,0,0,1,0,Cameras & Photography,5.303304908059076,3.610647605844363,0,1,0,10.056208639553793
4.5,0,1,0,0,0.29,0,0,0,0,1,0,Small Gadget Accessories (Cases & Protectors),5.303304908059076,3.951051392395625,0,0,1,7.567862605463882
0.0,0,1,0,0,0.0,0,0,0,0,1,0,Laptops,0.0,8.1886891244442,1,0,0,0.0
4.6,0,1,0,0,0.0,0,0,0,0,1,0,PC Components,4.61512051684126,5.398117451625214,0,0,1,5.991464547107982
4.4,0,1,0,0,0.0,0,0,0,0,1,0,TV & Video Displays,5.303304908059076,4.075841090657541,0,1,0,8.4069317971587
4.6,0,1,0,0,0.11,0,0,0,0,1,0,Computer Peripherals,5.707110264748875,3.366950942933564,0,1,0,7.226936018493289
4.6,0,0,0,0,0.0,0,0,0,0,1,0,"Office Supplies, Ink & Toner",3.9318256327243257,4.919469846344143,0,0,1,1.6094379124341005
4.4,0,1,0,0,0.0,0,0,0,0,1,0,Small Gadget Accessories (Cases & Protectors),5.707110264748875,3.432372999130605,0,0,1,5.484796933490655
4.8,0,1,0,0,0.0,0,0,0,0,1,0,"Office Supplies, Ink & Toner",5.303304908059076,3.448080967561006,0,0,1,6.169610732491456
4.6,0,1,0,0,0.26,0,0,0,0,1,0,Cameras & Photography,5.303304908059076,4.18950321539533,0,1,0,4.61512051684126
3.9,0,0,0,0,0.0,0,0,0,0,1,0,PC Components,4.61512051684126,5.121997761949716,0,0,1,3.80666248977032
4.3,0,1,0,0,0.0,0,0,0,0,1,0,Computer Peripherals,4.61512051684126,4.3943256902608985,0,0,1,8.498010371999463
4.5,0,0,0,0,0.0,0,0,0,0,1,0,Small Gadget Accessories (Cases & Protectors),6.2166061010848646,2.2502386126218363,0,1,0,8.377241230988792
4.7,0,1,0,0,0.12,0,0,0,0,1,0,"Office Supplies, Ink & Toner",5.993961427306569,2.8326249356838407,0,1,0,7.443078374348516
4.3,0,1,1,0,0.0,0,0,0,0,1,0,Small Gadget Accessories (Cases & Protectors),5.707110264748875,2.9439125248241944,0,1,0,9.113499020526628
4.2,0,1,0,0,0.0,1,0,0,0,0,0,PC Components,4.61512051684126,5.673288902319859,0,0,1,6.18826412308259
4.2,0,1,1,0,0.0,0,0,0,0,1,0,Wearables,6.2166061010848646,1.944480556245719,0,1,0,7.331714969726466
4.6,0,1,0,0,0.0,0,0,0,0,1,0,Wearables,4.61512051684126,4.6150215020384655,0,0,1,9.74934520600748
4.6,0,1,1,0,0.0,0,0,0,0,1,0,"Office Supplies, Ink & Toner",5.993961427306569,3.414113606928702,0,0,1,8.475746001502063
4.7,0,0,0,0,0.0,0,0,0,0,1,0,Computer Peripherals,0.0,5.017213609456379,0,0,1,2.833213344056216
4.8,0,1,0,0,0.0,0,0,0,0,1,0,"Audio, Sound & Recording Gear",5.707110264748875,3.2573270112424533,0,1,0,6.568077911411976
5.0,0,0,0,0,0.0,0,0,0,0,1,0,Computer Peripherals,5.303304908059076,4.18950321539533,0,0,1,2.302585092994046
4.8,0,1,0,0,0.0,0,0,0,0,1,0,TV & Video Displays,4.61512051684126,4.6150215020384655,0,0,1,2.302585092994046
4.1,0,0,0,0,0.0,0,0,0,0,1,0,PC Components,3.9318256327243257,5.579692089425151,0,0,1,4.0943445622221
4.2,0,0,0,0,0.0,0,0,0,0,1,0,TV & Video Displays,3.9318256327243257,6.685848462595922,0,0,1,3.871201010907891
4.6,0,1,0,0,0.5,0,0,0,0,1,0,"Office Supplies, Ink & Toner",6.2166061010848646,2.727199019940971,0,1,0,6.542471960506805
4.4,0,0,0,0,0.15,0,0,0,0,1,0,Small Gadget Accessories (Cases & Protectors),5.993961427306569,3.0440461338325417,0,1,0,8.165363632473982
4.8,0,1,0,0,0.21,0,0,0,0,1,0,"Office Supplies, Ink & Toner",5.707110264748875,3.783962335360629,0,0,1,7.660114319173928
4.4,0,1,0,0,0.0,0,0,0,0,1,0,"Audio, Sound & Recording Gear",5.303304908059076,3.6635616461296463,0,1,0,8.679992081721329
4.1,0,1,0,0,0.0,0,0,0,0,1,0,PC Components,4.61512051684126,5.238408113794128,0,0,1,3.912023005428146
4.5,0,1,0,0,0.0,0,0,0,0,1,0,Video Game Consoles & Virtual Reality,3.9318256327243257,7.438383530044307,1,0,0,5.135798437050262
4.2,0,1,0,0,0.0,0,0,0,0,1,0,"Audio, Sound & Recording Gear",3.9318256327243257,5.337538079701318,0,0,1,6.70196036600254
4.5,0,0,0,0,0.17,0,0,0,0,1,0,Computer Peripherals,0.0,3.433664571799657,0,1,0,7.977968093128549
4.8,0,1,0,0,0.06,0,0,0,0,1,0,"Audio, Sound & Recording Gear",5.303304908059076,4.614625344758847,0,0,1,7.037905963447182
4.6,0,1,0,0,0.0,0,0,0,0,1,0,PC Components,5.303304908059076,4.0943445622221,0,1,0,5.37989735354046
4.0,0,1,0,0,0.0,0,0,0,0,1,0,Cameras & Photography,4.61512051684126,5.141605075260502,0,0,1,7.2115567333138015
3.9,0,1,1,0,0.0,0,0,0,0,1,0,"Audio, Sound & Recording Gear",4.61512051684126,4.2612704335380815,0,0,1,6.061456918928017
4.4,0,1,0,0,0.0,0,0,0,0,1,0,Smart Home & Security,4.61512051684126,4.925803358579558,0,0,1,5.3981627015177525
4.2,0,0,0,0,0.0,0,0,0,0,1,0,Laptops,0.0,7.003065458786462,0,0,1,2.772588722239781
4.5,0,1,0,0,0.0,0,0,0,0,1,0,Cameras & Photography,4.61512051684126,4.7086288943563215,0,0,1,6.875232087276577
4.2,0,0,0,0,0.0,0,0,0,0,1,0,Laptops,3.9318256327243257,6.398578295461671,0,0,1,5.298317366548036
3.9,0,1,0,0,0.31,0,0,0,0,1,0,Storage & Memory Cards,5.303304908059076,4.709440107163888,0,0,1,6.821107472256465
4.6,0,1,0,0,0.0,0,0,0,0,1,0,Storage & Memory Cards,3.9318256327243257,5.94277312806309,0,0,1,7.293697720601438
4.2,0,1,0,0,0.05,0,0,0,0,1,0,"Audio, Sound & Recording Gear",4.61512051684126,5.128121989551922,0,0,1,3.871201010907891
3.8,0,1,0,0,0.0,0,0,0,0,1,0,"Audio, Sound & Recording Gear",5.303304908059076,3.4008639927609177,0,1,0,7.994294986415977
4.6,0,1,0,0,0.15,0,0,0,0,1,0,"Chargers, Adapters & Cables",5.993961427306569,3.0440461338325417,0,0,1,8.995040974685022
3.9,0,0,0,0,0.0,0,0,0,0,1,0,"Office Supplies, Ink & Toner",5.303304908059076,3.9292733588346738,0,0,1,4.189654742026425
4.5,0,1,1,0,0.0,0,0,0,0,1,0,"Office Supplies, Ink & Toner",6.2166061010848646,3.0440461338325417,0,1,0,8.001019961323651
4.5,0,0,0,0,0.08,0,0,0,0,1,0,Networking,5.707110264748875,3.295466427029913,0,1,0,6.608000625296087
4.7,0,0,0,0,0.0,0,0,0,0,1,0,"Chargers, Adapters & Cables",5.303304908059076,3.9787466374710543,0,0,1,6.643789733147672
4.6,0,0,0,0,0.0,0,0,0,0,1,0,"Audio, Sound & Recording Gear",0.0,6.887552571664617,1,0,0,3.1780538303479458
4.2,0,0,0,0,0.0,0,0,0,0,1,0,Computer Peripherals,4.61512051684126,5.0001808361923965,0,0,1,2.3978952727983707
4.4,0,1,1,1,0.0,0,0,0,0,1,0,"Chargers, Adapters & Cables",6.2166061010848646,2.4840729690394228,0,1,0,5.455321115357702
4.5,0,0,0,0,0.0,0,0,0,0,1,0,PC Components,0.0,5.939434139013597,0,0,1,5.799092654460526
4.9,0,0,0,0,0.0,0,0,0,0,1,0,Computer Peripherals,0.0,4.6150215020384655,0,0,1,2.9444389791664403
4.2,0,1,0,0,0.0,0,0,0,0,1,0,TV & Video Displays,6.2166061010848646,2.344686269012681,0,1,0,8.545780648268149
4.4,0,0,0,0,0.07,0,0,0,0,1,0,PC Components,4.61512051684126,5.602081919829862,0,0,1,7.628517626575055
4.6,0,1,1,0,0.0,0,0,0,0,1,0,Computer Peripherals,5.993961427306569,3.2168738221975275,0,1,0,8.074960359115858
4.4,0,1,0,0,0.0,0,0,0,0,1,0,"Office Supplies, Ink & Toner",4.61512051684126,4.0884941485439255,0,0,1,4.672828834461906
4.8,0,0,0,0,0.0,0,0,0,0,1,0,TV & Video Displays,5.303304908059076,4.382026634673881,0,0,1,6.253828811575473
4.2,0,1,0,0,0.11,0,0,0,0,1,0,Laptops,0.0,7.732364838232691,1,0,0,2.772588722239781
4.7,0,1,0,0,0.14,0,0,0,0,1,0,Cameras & Photography,5.303304908059076,3.912023005428146,0,1,0,7.088408778675395
4.4,0,1,0,0,0.17,0,0,0,0,1,0,"Audio, Sound & Recording Gear",5.303304908059076,4.262539022051294,0,0,1,5.081404364984463
4.8,0,1,0,0,0.0,0,0,0,0,1,0,"Chargers, Adapters & Cables",6.2166061010848646,2.63834278867739,0,1,0,7.904334842085095
4.4,0,1,1,0,0.0,0,0,0,0,1,0,Wearables,5.303304908059076,3.851423383299216,0,0,1,7.064759027791802
4.6,0,1,1,0,0.0,0,0,0,0,1,0,TV & Video Displays,3.9318256327243257,6.186208623900494,0,0,1,7.301822342137932
4.6,0,0,0,0,0.0,0,0,0,0,1,0,PC Components,5.993961427306569,2.6741486494265287,0,1,0,8.57715877258367
4.7,0,1,0,0,0.09,0,0,0,0,1,0,Small Gadget Accessories (Cases & Protectors),4.61512051684126,4.9486889658772695,0,0,1,4.465908118654584
4.3,0,1,0,0,0.15,0,0,0,0,1,0,Computer Peripherals,4.61512051684126,4.842611042003125,0,0,1,4.912654885736052
4.6,0,1,0,0,0.0,0,0,0,0,1,0,Wearables,3.9318256327243257,5.70694413799378,0,0,1,8.729397122692061
4.8,0,0,0,0,0.0,0,0,0,0,1,0,Cameras & Photography,3.9318256327243257,6.421622267806518,0,0,1,6.456769655572163
4.3,0,0,0,0,0.0,0,0,0,0,1,0,Computer Peripherals,4.61512051684126,4.843005286045291,0,0,1,8.259975659768276
4.6,0,1,0,0,0.0,0,0,0,0,1,0,"Audio, Sound & Recording Gear",3.9318256327243257,6.745236349484363,1,0,0,5.0369526024136295
4.6,0,1,0,0,0.0,0,0,0,0,1,0,Cameras & Photography,0.0,7.803006218587026,1,0,0,4.736198448394496
4.3,0,1,0,0,0.35,0,0,0,0,1,0,"Audio, Sound & Recording Gear",5.303304908059076,3.911822985425479,0,1,0,8.309676895987726
4.5,0,1,0,0,0.33,0,0,0,0,1,0,"Audio, Sound & Recording Gear",4.61512051684126,4.875120984409557,0,0,1,6.912742820493176
4.8,0,1,0,0,0.0,0,0,0,0,1,0,Cameras & Photography,3.9318256327243257,6.47543271670409,0,0,1,6.704414354964107
4.3,0,1,0,0,0.07,0,0,0,0,1,0,Small Gadget Accessories (Cases & Protectors),5.303304908059076,3.331847303527362,0,0,1,4.890349128221754
4.8,0,1,0,0,0.0,0,0,0,0,1,0,Storage & Memory Cards,5.303304908059076,3.4861510875423187,0,0,1,9.191463316206494
4.1,0,1,0,1,0.0,0,0,0,0,1,0,Computer Peripherals,4.61512051684126,5.30325515557766,0,0,1,6.669498089857879
4.6,0,1,0,0,0.0,0,0,0,0,1,0,"Audio, Sound & Recording Gear",4.61512051684126,4.795377237056036,0,0,1,5.594711379601839
4.8,0,0,0,0,0.17,0,0,0,0,1,0,Small Gadget Accessories (Cases & Protectors),5.993961427306569,3.177637076851603,0,0,1,7.971776122880628
4.5,0,1,0,1,0.0,0,0,0,0,1,0,Computer Peripherals,4.61512051684126,3.931629535067065,0,0,1,5.455321115357702
3.9,0,0,0,0,0.0,0,0,0,0,1,0,TV & Video Displays,3.9318256327243257,5.533468536986524,0,0,1,4.812184355372417
4.8,0,1,0,0,0.0,0,0,0,0,1,0,Laptops,4.61512051684126,5.19295685089021,0,0,1,8.46168048148598
4.1,0,1,0,0,0.5,0,0,0,0,1,0,"Chargers, Adapters & Cables",5.303304908059076,5.016948656152848,1,0,0,5.389071729816501
4.5,0,1,0,0,0.11,0,0,0,0,1,0,Computer Peripherals,5.303304908059076,3.7133281345162463,0,0,1,5.356586274672012
4.0,0,0,1,0,0.0,0,0,0,0,1,0,Wearables,4.61512051684126,5.521420917062225,0,0,1,6.628041376179533
4.5,0,0,0,0,0.0,0,0,0,0,1,0,Computer Peripherals,4.61512051684126,3.8284239815518326,0,0,1,5.0238805208462765
4.5,0,0,0,0,0.0,0,0,0,0,1,0,Laptops,3.9318256327243257,6.19644412779452,0,0,1,6.0867747269123065
2.7,0,1,0,0,0.0,0,0,0,0,1,0,Printers & Scanners (Hardware),0.0,4.787491742782046,0,1,0,2.079441541679836
3.9,0,0,1,0,0.0,0,0,0,0,1,0,TV & Video Displays,3.9318256327243257,6.552493621597604,0,0,1,2.19722457733622
4.3,0,1,0,0,0.0,0,0,0,0,1,0,Networking,5.707110264748875,4.001315112906908,0,1,0,9.09750756370184
5.0,0,0,0,0,0.0,0,0,0,0,1,0,Other Electronics,0.0,7.952027531391568,1,0,0,1.791759469228055
4.1,0,1,0,0,0.0,0,0,0,0,1,0,PC Components,5.303304908059076,4.110709916308365,0,1,0,5.225746673713202
4.5,0,1,0,0,0.0,0,0,0,0,1,0,Small Gadget Accessories (Cases & Protectors),3.9318256327243257,6.054415871815444,1,0,0,4.634728988229636
4.6,0,1,0,0,0.22,1,0,0,0,0,0,Wearables,4.61512051684126,5.598421958998375,0,0,1,3.367295829986474
4.6,0,1,0,0,0.22,0,0,0,0,1,0,Wearables,3.9318256327243257,6.398578295461671,1,0,0,5.278114659230517
4.7,0,1,0,0,0.0,0,0,0,0,1,0,"Office Supplies, Ink & Toner",4.61512051684126,5.214392131610276,0,0,1,6.907755278982137
4.4,0,1,0,0,0.17,0,0,0,0,1,0,Storage & Memory Cards,4.61512051684126,4.983538126211888,0,0,1,6.498282149476434
4.1,0,0,0,0,0.0,0,0,0,0,1,0,Other Electronics,3.9318256327243257,5.484755438853831,0,0,1,5.846438775057725
4.5,0,1,1,0,0.0,0,0,0,0,1,0,"Chargers, Adapters & Cables",5.303304908059076,4.127134385045092,0,0,1,5.817111159963204
4.6,0,1,0,0,0.0,0,0,0,0,1,0,"Office Supplies, Ink & Toner",5.303304908059076,4.126973081713828,0,0,1,7.267525427828172
4.7,0,1,0,0,0.0,0,0,0,0,1,0,Storage & Memory Cards,6.2166061010848646,2.172476407647025,0,1,0,7.166265974133638
4.6,0,1,1,0,0.0,0,0,0,0,1,0,Cameras & Photography,4.61512051684126,4.262539022051294,0,1,0,8.16735198705607
4.1,0,1,0,0,0.0,0,0,0,0,1,0,TV & Video Displays,3.9318256327243257,7.24493440855279,1,0,0,4.820281565605037
4.1,0,1,1,0,0.09,0,0,0,0,1,0,Small Gadget Accessories (Cases & Protectors),5.707110264748875,3.5260663637080247,0,0,1,6.421622267806518
4.4,0,1,0,0,0.3,0,0,0,0,1,0,Computer Peripherals,4.61512051684126,4.6150215020384655,0,0,1,8.40804774415544
4.7,0,1,1,0,0.06,0,0,0,0,1,0,Power & Batteries,6.2166061010848646,2.63834278867739,0,0,1,7.544332108053688
4.9,0,1,0,0,0.09,0,0,0,0,1,0,"Chargers, Adapters & Cables",4.61512051684126,4.248352374701448,0,0,1,2.9444389791664403
4.3,0,1,0,0,0.0,0,0,0,0,1,0,"Audio, Sound & Recording Gear",4.61512051684126,5.438079308923196,0,0,1,5.337538079701318
4.6,0,1,0,0,0.0,0,0,0,0,1,0,"Office Supplies, Ink & Toner",6.398594934535208,2.281361456542419,0,1,0,5.459585514144159
4.6,0,1,0,0,0.0,0,0,0,0,1,0,"Chargers, Adapters & Cables",5.707110264748875,2.7966713927557385,0,0,1,6.025865973825314
4.2,0,1,0,0,0.0,0,0,0,0,1,0,Networking,4.61512051684126,4.709440107163888,0,0,1,5.828945617610208
4.0,0,1,0,0,0.0,0,0,0,0,1,0,TV & Video Displays,3.9318256327243257,5.3471075307174685,0,0,1,2.995732273553991
4.2,0,1,0,0,0.0,0,0,0,0,1,0,Storage & Memory Cards,4.61512051684126,5.30325515557766,0,0,1,4.110873864173311
4.4,0,1,1,0,0.17,0,0,0,0,1,0,Video Game Consoles & Virtual Reality,5.303304908059076,4.110709916308365,0,1,0,5.3981627015177525
4.5,0,1,0,0,0.0,0,0,0,0,1,0,"Audio, Sound & Recording Gear",4.61512051684126,4.204394067366058,0,0,1,6.79346613258001
4.6,0,1,0,0,0.0,0,0,0,0,1,0,Cameras & Photography,4.61512051684126,5.288014473552139,0,0,1,6.037870919922137
4.0,0,1,0,0,0.0,0,0,0,0,1,0,"Chargers, Adapters & Cables",3.9318256327243257,5.489970250770876,1,0,0,1.3862943611198906
4.7,0,1,0,0,0.0,0,0,0,0,1,0,Networking,5.303304908059076,4.096009841541162,0,1,0,7.107425474110705
4.7,0,1,0,0,0.05,0,0,0,0,1,0,Cameras & Photography,3.9318256327243257,6.593044534142437,0,0,1,4.955827057601261
4.2,0,0,0,0,0.0,0,0,0,0,1,0,"Audio, Sound & Recording Gear",0.0,5.796057750765372,0,0,1,3.4657359027997265
4.5,0,0,0,0,0.0,0,0,0,0,1,0,Cameras & Photography,3.9318256327243257,5.7037491407673,0,0,1,5.8805329864007
4.5,0,1,0,0,0.0,0,0,0,0,1,0,Small Gadget Accessories (Cases & Protectors),5.303304908059076,3.931629535067065,0,0,1,4.867534450455582
3.9,0,1,0,0,0.06,0,0,0,0,1,0,Networking,4.61512051684126,4.8519521358677,0,0,1,5.236441962829949
4.6,0,1,0,0,0.05,0,0,0,0,1,0,"Office Supplies, Ink & Toner",5.303304908059076,4.025173103360802,0,0,1,4.795790545596741
4.5,0,0,0,0,0.1,0,0,0,0,1,0,Computer Peripherals,5.707110264748875,3.4008639927609177,0,1,0,5.765191102784844
4.5,0,1,0,0,0.0,0,0,0,0,1,0,"Audio, Sound & Recording Gear",4.61512051684126,5.86064376317643,0,0,1,4.867534450455582
4.7,0,1,0,0,0.0,0,0,0,0,1,0,Power & Batteries,6.2166061010848646,2.3960754360813845,0,0,1,6.51025834052315
4.6,0,1,1,0,0.0,0,0,0,0,1,0,PC Components,5.993961427306569,3.2577118486533987,0,1,0,9.860162427797754
4.3,0,1,0,0,0.0,0,0,0,0,1,0,"Audio, Sound & Recording Gear",4.61512051684126,5.19844178112078,0,0,1,5.298317366548036
4.2,0,1,1,0,0.0,0,0,0,0,1,0,Mobile Cell Phones & Smartphones,3.9318256327243257,5.602118820879701,0,0,1,5.468060141135132
5.0,0,1,0,0,0.0,0,0,0,0,1,0,Small Gadget Accessories (Cases & Protectors),5.707110264748875,3.4339872044851463,0,0,1,1.6094379124341005
4.2,0,1,0,0,0.2,0,0,0,0,1,0,Networking,4.61512051684126,4.6150215020384655,0,0,1,4.727387818712341
4.1,0,1,0,0,0.0,0,0,0,0,1,0,Tablets & E-readers (DEVICES ONLY),5.993961427306569,2.8898160479624417,0,1,0,5.703782474656201
4.1,0,0,0,0,0.0,0,0,0,0,1,0,Cameras & Photography,4.61512051684126,5.831853151340319,0,0,1,5.099866427824199
4.7,0,0,0,0,0.12,0,0,0,0,1,0,"Chargers, Adapters & Cables",5.993961427306569,2.8898160479624417,0,0,1,7.670428522190693
4.8,0,1,0,0,0.0,0,0,0,0,1,0,Computer Peripherals,4.61512051684126,4.499809670330265,0,0,1,4.653960350157523
4.7,0,1,0,0,0.06,0,0,0,0,1,0,Computer Peripherals,3.9318256327243257,5.703782474656201,0,0,1,7.498315870766981
4.4,0,1,0,0,0.0,0,0,0,0,1,0,Storage & Memory Cards,5.707110264748875,3.218475744846861,0,1,0,4.700480365792417
4.4,0,0,0,0,0.0,0,0,0,0,1,0,PC Components,3.9318256327243257,5.602081919829862,0,0,1,4.59511985013459
4.4,0,1,0,0,0.0,0,0,0,0,1,0,PC Components,4.61512051684126,4.143134726391533,0,1,0,4.418840607796598
4.6,0,0,0,0,0.0,0,0,0,0,1,0,Other Electronics,4.61512051684126,4.567675981560511,0,0,1,10.24427190716996
4.6,0,0,0,0,0.0,0,0,0,0,1,0,Power & Batteries,5.303304908059076,3.624340932976365,0,0,1,6.2166061010848646
4.2,0,1,0,0,0.0,0,0,0,0,1,0,TV & Video Displays,3.9318256327243257,6.395261598115449,0,0,1,5.497168225293202
4.6,0,1,0,0,0.0,0,0,0,0,1,0,Printers & Scanners (Hardware),5.707110264748875,3.2809112157876537,0,1,0,6.63200177739563
4.5,0,0,0,0,0.0,0,0,0,0,1,0,Power & Batteries,5.707110264748875,2.6210388241125804,0,0,1,4.382026634673881
4.7,0,0,0,0,0.0,0,0,0,0,1,0,PC Components,3.9318256327243257,5.242223092193129,0,0,1,5.1647859739235145
4.6,0,1,1,0,0.0,0,0,0,0,1,0,"Office Supplies, Ink & Toner",5.303304908059076,3.63705970538414,0,0,1,8.223627175805483
4.3,0,1,0,0,0.0,0,0,0,0,1,0,Computer Peripherals,5.303304908059076,4.262539022051294,0,0,1,7.732369222284388
4.6,0,1,0,0,0.0,0,0,0,0,1,0,Computer Peripherals,4.61512051684126,4.499809670330265,0,0,1,5.056245805348308
4.3,0,0,0,0,0.0,0,0,0,0,1,0,PC Components,3.9318256327243257,6.133376350787405,0,0,1,4.276666119016055
4.7,0,1,0,0,0.0,0,0,0,0,1,0,Smart Home & Security,5.303304908059076,3.897924081048645,0,0,1,4.48863636973214
4.5,0,0,0,0,0.0,0,0,0,0,1,0,TV & Video Displays,3.9318256327243257,5.484755438853831,0,0,1,2.70805020110221
4.1,0,1,0,0,0.1,0,0,0,0,1,0,Smart Home & Security,4.61512051684126,4.3943256902608985,0,0,1,6.401917196727186
4.7,0,1,0,0,0.0,0,0,0,0,1,0,"Office Supplies, Ink & Toner",5.707110264748875,3.4239368686316447,0,0,1,6.513230110912307
4.6,0,1,0,0,0.0,0,0,0,0,1,0,Power & Batteries,4.61512051684126,5.4638318050256105,1,0,0,4.6443908991413725
4.8,0,1,0,0,0.0,0,0,0,0,1,0,Small Gadget Accessories (Cases & Protectors),5.707110264748875,3.1350593387750902,0,0,1,5.030437921392435
4.4,0,1,0,0,0.0,0,0,0,0,1,0,"Chargers, Adapters & Cables",5.993961427306569,2.5641798306825083,0,1,0,8.402679804627477
4.5,0,1,0,0,0.0,1,0,0,0,0,0,TV & Video Displays,5.303304908059076,3.5550623063795967,0,1,0,8.549660381553739
4.5,0,0,0,0,0.0,0,0,0,0,1,0,"Audio, Sound & Recording Gear",0.0,7.6966625381267715,1,0,0,7.6586995582682995
3.9,0,1,0,0,0.12,0,0,0,0,1,0,"Office Supplies, Ink & Toner",3.9318256327243257,6.722617761088698,1,0,0,5.1647859739235145
4.0,0,0,0,0,0.0,0,0,0,0,1,0,Computer Peripherals,0.0,7.038783541388542,1,0,0,2.772588722239781
4.4,0,0,0,0,0.0,0,0,0,0,1,0,TV & Video Displays,4.61512051684126,4.390490713086011,0,0,1,3.6375861597263857
4.3,0,1,0,0,0.0,0,0,0,0,1,0,"Audio, Sound & Recording Gear",5.303304908059076,3.6224725219163374,0,1,0,7.592870287844818
4.6,0,1,0,0,0.0,0,0,0,0,1,0,"Chargers, Adapters & Cables",5.707110264748875,3.147594622863237,0,0,1,5.583496308781699
4.5,0,1,0,0,0.0,0,0,0,0,1,0,"Office Supplies, Ink & Toner",5.303304908059076,4.007151350519723,0,0,1,8.183397369998433
4.6,0,1,0,0,0.0,0,0,0,0,1,0,"Audio, Sound & Recording Gear",4.61512051684126,4.6150215020384655,0,0,1,6.704414354964107
4.8,0,0,0,0,0.0,0,1,0,0,0,0,Laptops,4.61512051684126,5.225692908827035,0,0,1,7.356279876550748
4.8,0,1,0,0,0.0,0,0,0,0,1,0,Storage & Memory Cards,5.707110264748875,2.8160073426073025,0,1,0,11.966266033319425
4.4,0,1,0,1,0.0,1,0,0,0,0,0,PC Components,4.61512051684126,5.017213609456379,0,0,1,5.877735781779639
4.3,0,0,1,0,0.0,0,0,0,0,1,0,TV & Video Displays,0.0,6.971612317963484,1,0,0,6.669498089857879
4.7,0,1,0,0,0.0,0,0,0,0,1,0,Laptops,4.61512051684126,4.6150215020384655,0,1,0,6.249975242259483
3.9,0,0,0,0,0.0,0,0,0,0,1,0,TV & Video Displays,5.303304908059076,3.6916256797819615,0,1,0,8.787220328629298
4.3,0,1,1,0,0.0,0,0,0,0,1,0,"Office Supplies, Ink & Toner",5.993961427306569,3.366950942933564,0,1,0,6.897704943128636
4.5,0,1,0,0,0.0,0,0,0,0,1,0,Storage & Memory Cards,3.9318256327243257,4.613634264400221,0,0,1,4.442651256490317
4.0,0,1,0,0,0.0,0,0,0,0,1,0,PC Components,4.61512051684126,4.110709916308365,0,1,0,3.970291913552122
4.5,0,1,0,0,0.0,0,0,0,0,1,0,PC Components,0.0,7.155388495465015,1,0,0,5.043425116919247
4.4,0,1,0,0,0.0,0,0,0,0,1,0,Small Gadget Accessories (Cases & Protectors),5.303304908059076,3.713572066704308,0,0,1,5.8522024797744745
4.9,0,0,0,0,0.0,0,0,0,0,1,0,Laptops,0.0,7.215239978730097,0,0,1,2.833213344056216
5.0,0,0,0,0,0.0,0,0,0,0,1,0,Networking,3.9318256327243257,5.3518107389880365,0,0,1,1.6094379124341005
4.7,0,0,0,0,0.0,0,0,0,0,1,0,"Chargers, Adapters & Cables",5.303304908059076,2.7073833121145063,0,1,0,6.186208623900494
4.6,0,1,0,0,0.0,0,0,0,0,1,0,"Audio, Sound & Recording Gear",3.9318256327243257,5.703782474656201,0,0,1,4.912654885736052
4.4,0,1,0,0,0.1,0,0,0,0,1,0,"Audio, Sound & Recording Gear",5.993961427306569,2.39698576841553,0,1,0,5.056245805348308
4.6,0,1,0,0,0.0,0,0,0,0,1,0,Cameras & Photography,3.9318256327243257,6.395261598115449,0,0,1,7.566828479208331
4.4,0,1,1,0,0.11,0,0,0,0,1,0,Tablets & E-readers (DEVICES ONLY),5.303304908059076,3.7123518102990793,0,1,0,7.954372272531867
4.4,0,0,0,0,0.0,0,0,0,0,1,0,Computer Peripherals,3.9318256327243257,5.30325515557766,0,0,1,3.713572066704308
4.6,0,1,0,0,0.0,0,0,0,0,1,0,Tablets & E-readers (DEVICES ONLY),5.707110264748875,3.675540889674756,0,1,0,7.112327444710911
5.0,0,1,0,0,0.0,0,0,0,0,1,0,"Office Supplies, Ink & Toner",3.9318256327243257,5.777311707944317,0,0,1,0.6931471805599453
4.5,0,1,0,0,0.23,0,0,0,0,1,0,"Audio, Sound & Recording Gear",6.398594934535208,2.63834278867739,0,1,0,8.540909718033554
4.1,0,0,0,0,0.0,1,0,0,0,0,0,Computer Peripherals,4.61512051684126,5.13568078307048,0,0,1,3.784189633918261
4.6,0,1,0,0,0.0,0,0,0,0,1,0,Power & Batteries,6.90875477931522,2.0731719286662407,0,1,0,7.95892649305011
4.6,0,1,0,0,0.0,0,0,0,0,1,0,"Office Supplies, Ink & Toner",4.61512051684126,4.453067407778134,0,0,1,6.761572768804055
4.6,0,1,0,0,0.0,0,0,0,0,1,0,Other Electronics,5.707110264748875,3.7133281345162463,0,1,0,5.438079308923196
4.2,0,0,0,0,0.0,0,0,0,0,1,0,Other Electronics,0.0,6.684886689862358,1,0,0,5.198497031265826
4.6,0,0,0,0,0.0,0,0,0,0,1,0,"Office Supplies, Ink & Toner",3.9318256327243257,6.215207918494159,1,0,0,3.9318256327243257
3.8,0,0,0,0,0.0,0,0,0,0,1,0,"Office Supplies, Ink & Toner",3.9318256327243257,6.175846479868856,1,0,0,3.4011973816621555
4.8,0,1,0,0,0.0,0,0,0,0,1,0,Cameras & Photography,4.61512051684126,4.342505876511599,0,0,1,6.648984550024776
4.8,0,1,0,0,0.05,0,0,0,0,1,0,"Office Supplies, Ink & Toner",5.303304908059076,3.979494720543159,0,0,1,6.875232087276577
4.6,0,0,0,0,0.0,0,0,0,0,1,0,"Audio, Sound & Recording Gear",3.9318256327243257,6.203547151062767,1,0,0,6.335054251498059
4.4,0,1,0,0,0.29,0,0,0,0,1,0,Other Electronics,5.707110264748875,3.8284239815518326,0,0,1,6.921658184151129
4.5,0,0,0,0,0.0,0,0,0,0,1,0,PC Components,3.9318256327243257,6.363028103540465,0,0,1,5.855071922202427
4.5,0,1,0,0,0.0,0,0,0,0,1,0,"Audio, Sound & Recording Gear",4.61512051684126,5.655991810819852,0,0,1,6.016157159698354
4.6,0,1,0,0,0.0,0,0,0,0,1,0,Cameras & Photography,0.0,8.070906088787819,1,0,0,1.9459101490553128
4.4,0,0,0,0,0.0,0,0,0,0,1,0,Laptops,3.9318256327243257,6.685848462595922,0,0,1,4.553876891600541
4.7,0,0,0,0,0.0,0,0,0,0,1,0,PC Components,3.9318256327243257,6.272877006546167,0,0,1,4.59511985013459
4.6,0,1,0,0,0.0,0,0,0,0,1,0,"Audio, Sound & Recording Gear",5.303304908059076,4.0943445622221,0,0,1,8.461469042643875
4.2,0,1,0,0,0.0,0,0,0,0,1,0,Wearables,5.303304908059076,4.110709916308365,0,0,1,8.287780027088433
5.0,0,1,0,0,0.0,0,0,0,0,1,0,Computer Peripherals,0.0,6.579237323024761,1,0,0,2.3978952727983707
4.6,0,1,0,0,0.0,0,0,0,0,1,0,"Audio, Sound & Recording Gear",5.303304908059076,3.610647605844363,0,1,0,7.880048200971577
4.8,0,1,0,0,0.0,0,0,0,0,1,0,TV & Video Displays,5.303304908059076,4.174233411906258,0,1,0,4.890349128221754
4.7,0,1,0,0,0.0,0,0,0,0,1,0,"Office Supplies, Ink & Toner",5.303304908059076,3.5260663637080247,0,0,1,5.652489180268651
4.6,0,0,0,0,0.0,0,0,0,0,1,0,Cameras & Photography,3.9318256327243257,6.415015122762531,0,0,1,4.465908118654584
4.4,0,1,0,0,0.16,0,0,0,0,1,0,Wearables,5.707110264748875,2.9932291433358724,0,1,0,7.044905117129371
4.4,0,0,0,0,0.0,0,0,0,0,1,0,Wearables,4.61512051684126,4.5107496103686,0,0,1,8.370547611074752
4.7,0,1,0,0,0.0,0,0,0,0,1,0,"Chargers, Adapters & Cables",5.707110264748875,2.797281334830153,0,0,1,8.250097752572845
4.7,0,1,0,0,0.2,0,0,0,0,1,0,"Office Supplies, Ink & Toner",5.993961427306569,2.6239436918052106,0,1,0,5.828945617610208
4.2,0,0,0,0,0.12,0,0,0,0,1,0,Computer Peripherals,4.61512051684126,5.141605075260502,0,0,1,4.07753744390572
4.4,0,1,0,0,0.0,0,0,0,0,1,0,Computer Peripherals,4.61512051684126,4.61512051684126,0,0,1,6.888572459565364
4.7,0,1,0,0,0.0,0,0,0,0,1,0,"Chargers, Adapters & Cables",6.2166061010848646,2.39698576841553,0,1,0,7.814399633804487
4.4,0,1,0,1,0.0,0,0,0,0,1,0,"Audio, Sound & Recording Gear",6.2166061010848646,2.39698576841553,0,1,0,7.993282328101591
4.9,0,1,1,0,0.0,0,0,0,0,1,0,"Audio, Sound & Recording Gear",4.61512051684126,4.603769205072463,0,0,1,2.4849066497880004
0.0,0,0,0,1,0.0,0,0,0,0,1,0,"Audio, Sound & Recording Gear",4.61512051684126,5.141605075260502,0,0,1,0.0
4.2,0,0,0,0,0.83,0,0,0,0,1,0,Wearables,5.303304908059076,5.577841251298354,0,0,1,7.378383712996714
4.2,0,1,0,0,0.0,0,0,0,0,1,0,"Audio, Sound & Recording Gear",5.993961427306569,2.3960754360813845,0,1,0,8.868976189274543
4.5,0,0,0,0,0.0,0,0,0,0,1,0,"Chargers, Adapters & Cables",4.61512051684126,4.614625344758847,0,0,1,3.1780538303479458
5.0,0,1,0,0,0.13,0,0,0,0,1,0,Cameras & Photography,4.61512051684126,5.017213609456379,0,0,1,0.6931471805599453
4.2,0,1,0,0,0.0,0,0,0,0,1,0,Cameras & Photography,0.0,6.999422467507961,0,0,1,3.258096538021482
3.8,0,1,0,0,0.05,0,0,0,0,1,0,Small Gadget Accessories (Cases & Protectors),5.303304908059076,3.806440242853081,0,0,1,5.739792912179234
4.7,0,1,0,0,0.44,0,0,0,0,1,0,"Chargers, Adapters & Cables",5.707110264748875,3.610647605844363,0,0,1,7.507141079727608
3.6,0,0,0,0,0.0,0,0,0,0,1,0,Other Electronics,0.0,6.4586830514916285,1,0,0,3.713572066704308
4.3,0,0,0,0,0.0,0,0,0,0,1,0,TV & Video Displays,0.0,7.280008252884188,1,0,0,2.19722457733622
4.3,0,0,0,0,0.0,0,0,0,0,1,0,Networking,4.61512051684126,4.9014898468354575,0,0,1,6.75110146893676
4.6,0,1,0,0,0.0,0,0,0,0,1,0,Storage & Memory Cards,5.707110264748875,2.8616292890305104,0,1,0,6.860663671448287
4.5,0,1,0,0,0.06,0,0,0,0,1,0,PC Components,0.0,5.802088163440325,0,0,1,3.951243718581428
4.4,0,1,0,0,0.0,0,0,0,0,1,0,Wearables,4.61512051684126,4.859734881977045,0,0,1,7.269616749608169
4.6,0,1,1,0,0.17,0,0,0,0,1,0,Small Gadget Accessories (Cases & Protectors),5.303304908059076,3.4008639927609177,0,0,1,6.192362489474872
4.1,0,1,1,0,0.14,0,0,0,0,1,0,Small Gadget Accessories (Cases & Protectors),4.61512051684126,3.9308447596687337,0,0,1,9.26321741157695
4.0,0,1,0,0,0.0,0,0,0,0,1,0,"Audio, Sound & Recording Gear",3.9318256327243257,5.799092654460526,0,0,1,3.951243718581428
4.3,0,0,0,0,0.0,0,0,0,0,1,0,TV & Video Displays,0.0,6.398578295461671,0,0,1,4.060443010546419
4.5,0,1,0,0,0.27,0,0,0,0,1,0,Small Gadget Accessories (Cases & Protectors),3.9318256327243257,4.709440107163888,0,0,1,4.248495242049359
4.3,0,1,0,0,0.0,1,0,0,0,0,0,Computer Peripherals,3.9318256327243257,6.523415452488921,1,0,0,4.430816798843313
4.6,0,1,0,0,0.16,0,0,0,0,1,0,Small Gadget Accessories (Cases & Protectors),5.707110264748875,3.1616703510974213,0,0,1,9.417842227300437
4.7,0,0,0,0,0.0,0,0,0,0,1,0,"Office Supplies, Ink & Toner",5.707110264748875,2.6871669901857858,0,1,0,6.411818267709897
4.9,0,1,0,0,0.3,0,0,0,0,1,0,Small Gadget Accessories (Cases & Protectors),5.707110264748875,3.433664571799657,0,0,1,4.30406509320417
4.9,0,1,0,0,0.0,0,0,0,0,1,0,Other Electronics,3.9318256327243257,5.99393648933976,0,0,1,2.70805020110221
4.4,0,1,0,0,0.0,0,0,0,0,1,0,"Office Supplies, Ink & Toner",4.61512051684126,3.895283681423848,0,0,1,6.432940092739179
4.5,0,1,0,0,0.0,0,0,0,0,1,0,Small Gadget Accessories (Cases & Protectors),5.993961427306569,2.5128460184772416,0,1,0,8.13973227971767
4.5,0,1,0,0,0.0,0,0,0,0,1,0,Storage & Memory Cards,3.9318256327243257,6.556565265273974,1,0,0,4.219507705176107
4.4,0,1,0,0,0.0,0,0,0,0,1,0,"Office Supplies, Ink & Toner",3.9318256327243257,5.442374419541463,0,0,1,6.81783057145415
4.4,0,0,0,0,0.07,0,0,0,0,1,0,Computer Peripherals,5.303304908059076,3.433664571799657,0,1,0,5.356586274672012
4.8,0,0,0,0,0.0,0,0,0,0,1,0,PC Components,5.707110264748875,3.248434627109745,0,1,0,9.479833015227753
4.2,0,0,0,0,0.0,0,0,0,0,1,0,Smart Home & Security,3.9318256327243257,5.670639256062947,0,0,1,6.548219102762372
4.5,0,1,0,0,0.36,0,0,0,0,1,0,"Audio, Sound & Recording Gear",4.61512051684126,4.709440107163888,0,0,1,4.290459441148391
4.9,0,0,0,0,0.0,0,0,0,0,1,0,"Office Supplies, Ink & Toner",3.9318256327243257,4.740138046398576,0,0,1,3.7612001156935615
4.2,0,1,0,0,0.0,0,0,0,0,1,0,Wearables,5.303304908059076,3.8916161956504833,0,0,1,8.225235324101668
4.3,0,0,0,0,0.0,0,0,0,0,1,0,"Audio, Sound & Recording Gear",3.9318256327243257,6.620073206530356,1,0,0,7.557994958530806
4.4,0,1,0,0,0.2,0,0,0,0,1,0,Small Gadget Accessories (Cases & Protectors),5.707110264748875,3.433664571799657,0,0,1,4.499809670330265
4.6,0,1,1,0,0.0,0,0,0,0,1,0,Small Gadget Accessories (Cases & Protectors),6.2166061010848646,2.769458829230853,0,1,0,9.641083287268616
4.5,0,0,0,0,0.0,0,0,0,0,1,0,TV & Video Displays,4.61512051684126,4.605170185988092,0,0,1,6.082218910376446
4.7,0,1,0,0,0.1,0,0,0,0,1,0,Power & Batteries,6.803505257608338,2.2915241456346207,0,1,0,4.912654885736052
4.6,0,1,0,0,0.0,0,0,0,0,1,0,Small Gadget Accessories (Cases & Protectors),5.707110264748875,3.0440461338325417,0,1,0,6.466144724237619
4.2,0,1,1,0,0.0,0,0,0,0,1,0,Other Electronics,4.61512051684126,4.804021044733257,0,0,1,6.9782137426306985
4.0,0,1,0,0,0.0,0,0,0,0,1,0,PC Components,4.61512051684126,4.905200701620736,0,0,1,5.308267697401205
4.6,0,1,0,0,0.0,0,0,0,0,1,0,"Chargers, Adapters & Cables",5.303304908059076,3.495901317131453,0,0,1,5.730099782973574
4.7,0,0,1,0,0.31,0,0,0,0,1,0,"Chargers, Adapters & Cables",5.303304908059076,3.931629535067065,0,0,1,8.116118431609365
4.6,0,0,0,0,0.0,0,0,0,0,1,0,"Audio, Sound & Recording Gear",4.61512051684126,4.384398818818937,0,0,1,6.139884552226255
3.9,0,0,0,0,0.0,0,0,0,0,1,0,TV & Video Displays,4.61512051684126,4.970715670095012,0,0,1,5.19295685089021
4.2,0,1,0,0,0.0,0,0,0,0,1,0,Small Gadget Accessories (Cases & Protectors),4.61512051684126,5.101633158918245,1,0,0,7.761319180947987
4.4,0,1,0,0,0.0,0,0,0,0,1,0,Other Electronics,3.9318256327243257,6.551780090157678,1,0,0,7.141245122350491
3.7,0,1,0,0,0.0,0,0,0,0,1,0,Mobile Cell Phones & Smartphones,3.9318256327243257,4.934761661517082,0,0,1,3.1780538303479458
4.7,0,1,0,0,0.09,0,0,0,0,1,0,Power & Batteries,6.2166061010848646,2.1029138978649784,0,1,0,7.576097340623111
4.3,0,0,0,0,0.0,1,0,0,0,0,0,TV & Video Displays,3.9318256327243257,5.19351225218191,0,0,1,3.9318256327243257
4.7,0,1,0,0,0.0,0,0,0,0,1,0,Small Gadget Accessories (Cases & Protectors),5.707110264748875,3.2168738221975275,0,0,1,9.1986725671085
4.7,0,1,0,0,0.0,0,0,0,0,1,0,PC Components,4.61512051684126,5.273922209713315,0,0,1,6.327936783729195
4.9,0,1,0,0,0.23,0,0,0,0,1,0,Storage & Memory Cards,4.61512051684126,5.049791902630777,0,0,1,4.48863636973214
4.8,0,1,0,0,0.14,0,0,0,0,1,0,Cameras & Photography,6.2166061010848646,2.0781907597781832,0,1,0,7.262628600974241
4.0,0,1,1,0,0.0,0,0,0,0,1,0,Printers & Scanners (Hardware),5.303304908059076,4.6150215020384655,0,1,0,8.021912778985708
4.8,0,0,1,0,0.3,0,0,0,0,1,0,"Chargers, Adapters & Cables",6.2166061010848646,2.39698576841553,0,1,0,7.762596048540069
5.0,0,0,0,0,0.0,0,0,0,0,1,0,Cameras & Photography,4.61512051684126,5.423142216993466,0,0,1,0.6931471805599453
4.8,0,1,0,0,0.12,0,0,0,0,1,0,"Office Supplies, Ink & Toner",5.993961427306569,2.8326249356838407,0,1,0,6.502790045915623
4.6,0,0,0,0,0.0,0,0,0,0,1,0,Power & Batteries,5.303304908059076,4.4157031610332655,0,0,1,5.762051382780177
4.6,0,1,0,0,0.31,0,0,0,0,1,0,Computer Peripherals,4.61512051684126,4.6150215020384655,0,0,1,5.41610040220442
4.8,0,0,0,0,0.0,0,0,0,0,1,0,Tablets & E-readers (DEVICES ONLY),3.9318256327243257,7.186136734470963,1,0,0,2.5649493574615367
4.5,0,0,0,0,0.0,0,0,0,0,1,0,"Audio, Sound & Recording Gear",4.61512051684126,5.2521163476473225,0,0,1,5.135798437050262
4.5,0,1,0,0,0.1,0,0,0,0,1,0,PC Components,0.0,7.783636431281301,1,0,0,2.8903717578961645
4.2,0,0,0,0,0.0,0,0,0,0,1,0,Computer Peripherals,5.303304908059076,3.6375861597263857,0,0,1,8.475746001502063
4.7,0,1,0,0,0.0,0,0,0,0,1,0,Computer Peripherals,4.61512051684126,5.512339443412685,0,0,1,4.499809670330265
4.3,0,0,0,0,0.0,0,0,0,0,1,0,Computer Peripherals,3.9318256327243257,5.727336227609936,0,0,1,7.660114319173928
4.4,0,1,0,0,0.0,0,0,0,0,1,0,Computer Peripherals,4.61512051684126,4.6150215020384655,0,0,1,2.9444389791664403
4.3,0,0,0,0,0.24,0,0,0,0,1,0,Networking,5.303304908059076,3.931629535067065,0,1,0,5.683579767338681
4.4,0,0,0,0,0.0,0,0,0,0,1,0,TV & Video Displays,5.303304908059076,4.368307962532944,0,0,1,6.126869184114185
4.4,0,1,0,0,0.0,0,0,0,0,1,0,"Audio, Sound & Recording Gear",4.61512051684126,4.663439094112067,0,0,1,5.081404364984463
4.7,0,1,0,0,0.0,0,0,0,0,1,0,"Office Supplies, Ink & Toner",4.61512051684126,4.983606621708336,0,0,1,6.4457198193855785
4.1,0,1,0,0,0.06,0,0,0,0,1,0,PC Components,4.61512051684126,5.19844178112078,0,0,1,6.851184927493743
4.6,0,1,0,0,0.0,0,0,0,0,1,0,Cameras & Photography,5.303304908059076,3.217675104291682,0,1,0,6.385194398997726
4.8,0,1,0,0,0.0,0,0,0,0,1,0,Storage & Memory Cards,4.61512051684126,4.844108343200942,0,0,1,9.385553389532843
4.2,0,1,0,0,0.0,0,0,0,0,1,0,"Audio, Sound & Recording Gear",5.303304908059076,4.261975403606051,0,0,1,7.182352111885263
4.8,0,1,0,0,0.19,0,0,0,0,1,0,PC Components,3.9318256327243257,6.063785208687608,0,0,1,6.2422232654551655
4.3,0,1,0,0,0.0,0,0,0,0,1,0,"Chargers, Adapters & Cables",4.61512051684126,5.017213609456379,1,0,0,4.634728988229636
3.5,0,1,0,0,0.0,0,0,0,0,1,0,PC Components,0.0,6.866933284461882,1,0,0,3.80666248977032
4.3,0,1,0,0,0.3,0,0,0,0,1,0,"Audio, Sound & Recording Gear",4.61512051684126,4.6150215020384655,0,0,1,7.521859252201629
4.6,0,1,0,0,0.35,0,0,0,0,1,0,Laptops,4.61512051684126,4.3943256902608985,0,1,0,7.612336837167746
4.3,0,1,0,0,0.0,0,0,0,0,1,0,"Audio, Sound & Recording Gear",3.9318256327243257,6.08893149033419,1,0,0,3.1354942159291497
4.8,0,1,0,0,0.15,0,0,0,0,1,0,"Office Supplies, Ink & Toner",6.2166061010848646,2.63834278867739,0,1,0,8.146419323098003
4.5,0,1,0,0,0.14,0,0,0,0,1,0,Small Gadget Accessories (Cases & Protectors),4.61512051684126,4.875197323201151,0,0,1,4.852030263919617
4.3,0,1,0,0,0.0,0,0,0,0,1,0,Laptops,0.0,6.685798523147493,0,0,1,5.564520407322694
3.5,0,1,0,0,0.0,0,0,0,0,1,0,TV & Video Displays,0.0,7.90100705199242,1,0,0,1.3862943611198906
4.4,0,1,0,0,0.37,0,0,0,0,1,0,Computer Peripherals,4.61512051684126,5.30325515557766,0,0,1,5.631211781821365
4.6,0,1,0,0,0.23,0,0,0,0,1,0,TV & Video Displays,4.61512051684126,5.398117451625214,0,0,1,7.937731775260109
4.5,0,0,0,0,0.0,0,0,0,0,1,0,"Office Supplies, Ink & Toner",0.0,6.088795411226659,1,0,0,3.367295829986474
4.6,0,1,0,0,0.06,0,0,0,0,1,0,Storage & Memory Cards,5.993961427306569,2.8326249356838407,0,1,0,8.392310009269547
4.6,0,1,0,0,0.0,0,0,0,0,1,0,Power & Batteries,5.993961427306569,2.6796507265805123,0,0,1,8.474703139795285
4.7,0,1,0,0,0.06,0,0,0,0,1,0,"Office Supplies, Ink & Toner",5.707110264748875,2.9439125248241944,0,1,0,6.436150368369428
4.2,0,1,0,0,0.23,0,0,0,0,1,0,TV & Video Displays,3.9318256327243257,4.874968289341312,0,0,1,3.49650756146648
4.2,0,1,0,0,0.0,0,0,0,0,1,0,Small Gadget Accessories (Cases & Protectors),4.61512051684126,4.262539022051294,0,0,1,4.919980925828125
4.5,0,0,0,0,0.13,0,0,0,0,1,0,Printers & Scanners (Hardware),5.303304908059076,3.433664571799657,0,1,0,6.186208623900494
4.5,0,0,0,0,0.08,0,0,0,0,1,0,Storage & Memory Cards,5.707110264748875,3.218475744846861,0,1,0,6.300785794663244
4.1,0,0,0,0,0.05,0,0,0,0,1,0,Computer Peripherals,4.61512051684126,4.521679875489066,0,0,1,2.6390573296152584
4.0,0,1,0,0,0.0,0,0,0,0,1,0,"Audio, Sound & Recording Gear",5.303304908059076,3.9322177127136655,0,0,1,7.080867896690782
4.2,0,0,0,0,0.0,0,0,0,0,1,0,TV & Video Displays,0.0,6.206555765231363,0,0,1,5.814130531825066
4.5,0,1,0,0,0.0,0,0,0,0,1,0,Cameras & Photography,0.0,7.24422751560335,0,0,1,5.327876168789581
4.8,0,0,0,0,0.0,0,0,0,0,1,0,"Audio, Sound & Recording Gear",3.9318256327243257,6.214608098422191,1,0,0,6.80128303447162
4.6,0,0,0,0,0.15,0,0,0,0,1,0,Computer Peripherals,4.61512051684126,4.262539022051294,0,0,1,4.5217885770490405
5.0,0,0,0,0,0.0,0,0,0,0,1,0,PC Components,0.0,7.055537149501348,1,0,0,0.6931471805599453
3.4,0,0,0,0,0.0,0,0,0,0,1,0,PC Components,4.61512051684126,4.709440107163888,0,0,1,2.302585092994046
4.4,0,0,0,0,0.21,0,0,0,0,1,0,PC Components,3.9318256327243257,6.4457198193855785,0,0,1,5.389071729816501
4.2,0,1,0,1,0.0,0,0,0,0,1,0,"Audio, Sound & Recording Gear",5.303304908059076,4.219360635538369,0,0,1,6.152732694704104
4.4,0,0,0,0,0.0,0,0,0,0,1,0,PC Components,4.61512051684126,5.398117451625214,0,0,1,4.6443908991413725
4.4,0,0,0,0,0.0,0,0,0,0,1,0,TV & Video Displays,4.61512051684126,5.195398312540196,0,0,1,4.882801922586371
4.5,0,1,0,0,0.0,0,0,0,0,1,0,"Audio, Sound & Recording Gear",4.61512051684126,4.786991617740363,0,0,1,7.13966033596492
4.5,0,1,1,0,0.08,0,0,0,0,1,0,TV & Video Displays,3.9318256327243257,5.857933154483459,0,0,1,8.301025253838453
4.6,0,1,0,0,0.0,0,0,0,0,1,0,Computer Peripherals,4.61512051684126,4.875120984409557,0,0,1,7.351158226430694
4.5,0,0,0,0,0.24,0,0,0,0,1,0,Small Gadget Accessories (Cases & Protectors),5.993961427306569,2.9439125248241944,0,1,0,8.437067146936952
4.7,0,1,0,0,0.0,0,0,0,0,1,0,Power & Batteries,6.2166061010848646,2.577181925897172,0,0,1,8.052933036797567
4.7,0,1,0,0,0.12,0,0,0,0,1,0,Storage & Memory Cards,4.61512051684126,4.204543354520176,0,0,1,5.442417710521793
4.1,0,0,0,0,0.0,0,0,0,0,1,0,PC Components,3.9318256327243257,5.761390787276515,0,0,1,2.079441541679836
4.0,0,1,1,0,0.0,0,0,0,0,1,0,TV & Video Displays,0.0,6.478494281107485,0,0,1,3.1354942159291497
4.6,0,1,0,0,0.0,0,0,0,0,1,0,"Office Supplies, Ink & Toner",4.61512051684126,4.923551187189142,0,0,1,7.3031700512368
4.5,0,0,0,0,0.0,0,0,0,0,1,0,Computer Peripherals,4.61512051684126,4.246779485265856,0,0,1,6.300785794663244
4.3,0,1,0,0,0.0,0,0,0,0,1,0,"Audio, Sound & Recording Gear",4.61512051684126,4.330075229041782,0,0,1,5.564520407322694
4.4,0,1,0,0,0.0,0,0,0,0,1,0,Computer Peripherals,4.61512051684126,5.298317366548036,0,0,1,5.645446897643238
4.6,0,0,0,0,0.0,0,0,0,0,1,0,"Audio, Sound & Recording Gear",3.9318256327243257,6.455119943897493,1,0,0,3.6635616461296463
4.3,0,1,0,0,0.0,0,0,0,0,1,0,Wearables,5.993961427306569,2.637627736805664,0,1,0,6.371611847231857
4.5,0,0,1,0,0.0,0,0,0,0,1,0,TV & Video Displays,3.9318256327243257,5.3518107389880365,0,0,1,6.785587645007929
4.6,0,0,0,0,0.0,0,0,0,0,1,0,TV & Video Displays,3.9318256327243257,5.081342251254203,0,0,1,5.62040086571715
4.7,0,1,0,0,0.0,0,0,0,0,1,0,"Audio, Sound & Recording Gear",5.707110264748875,3.039749158970765,0,1,0,7.694392802629421
4.1,0,1,0,0,0.0,0,0,0,0,1,0,Printers & Scanners (Hardware),4.61512051684126,5.802088163440325,0,0,1,3.367295829986474
4.7,0,1,0,0,0.33,0,0,0,0,1,0,"Office Supplies, Ink & Toner",5.993961427306569,3.217274543501227,0,1,0,7.090076835776092
4.4,0,0,1,0,0.1,0,0,0,0,1,0,Video Game Consoles & Virtual Reality,5.707110264748875,3.433664571799657,0,1,0,6.974478911025045
4.3,0,1,0,0,0.0,0,0,0,0,1,0,Laptops,3.9318256327243257,6.274743188672893,0,0,1,6.734591659972948
4.4,0,0,0,0,0.0,0,0,0,0,1,0,Computer Peripherals,4.61512051684126,4.189654742026425,0,0,1,6.137727054086234
4.7,0,1,0,0,0.26,0,0,0,0,1,0,Printers & Scanners (Hardware),4.61512051684126,5.420534999272286,0,0,1,5.680172609017068
4.7,0,1,0,0,0.0,0,0,0,0,1,0,Power & Batteries,6.398594934535208,2.2975725511705014,0,1,0,6.822197390620491
4.0,0,1,1,0,0.0,0,0,0,0,1,0,"Office Supplies, Ink & Toner",4.61512051684126,4.731714727313047,0,0,1,4.174387269895637
4.2,0,1,0,0,0.0,0,0,0,0,1,0,Wearables,3.9318256327243257,5.860757733031528,0,0,1,5.5053315359323625
4.8,0,1,0,0,0.0,0,0,0,0,1,0,Smart Home & Security,5.707110264748875,3.0440461338325417,0,1,0,6.746412128573375
4.6,0,0,0,0,0.0,0,0,0,0,1,0,Small Gadget Accessories (Cases & Protectors),5.707110264748875,3.87618855241893,0,0,1,7.358193752733032
3.8,0,1,0,0,0.0,0,0,0,0,1,0,TV & Video Displays,5.707110264748875,3.0819099697950434,0,1,0,7.628517626575055
4.5,0,1,1,0,0.0,1,0,0,0,0,0,"Office Supplies, Ink & Toner",5.707110264748875,3.4654233539614268,0,0,1,8.552753366814787
4.6,0,1,1,0,0.0,0,0,0,0,1,0,Small Gadget Accessories (Cases & Protectors),5.303304908059076,3.58351893845611,0,0,1,6.102558594613569
4.2,0,1,0,0,0.0,0,0,0,0,1,0,PC Components,4.61512051684126,5.141429611010892,0,0,1,4.23410650459726
5.0,0,0,0,0,0.0,0,0,0,0,1,0,Computer Peripherals,5.303304908059076,3.433664571799657,0,1,0,4.02535169073515
4.4,0,1,0,0,0.2,0,0,0,0,1,0,Small Gadget Accessories (Cases & Protectors),5.993961427306569,2.9172300453990334,0,1,0,4.406719247264253
0.0,0,1,0,0,0.11,0,0,0,0,1,0,PC Components,3.9318256327243257,5.916175108066267,0,0,1,0.0
4.6,0,0,0,0,0.0,0,0,0,0,1,0,Storage & Memory Cards,4.61512051684126,3.849934813114724,0,0,1,5.075173815233827
4.6,0,0,0,0,0.0,0,0,0,0,1,0,Small Gadget Accessories (Cases & Protectors),3.9318256327243257,6.5235476217538855,1,0,0,7.944492163932159
4.2,0,0,0,0,0.0,0,0,0,0,1,0,Computer Peripherals,3.9318256327243257,5.706777983635999,0,0,1,9.070618428801046
4.5,0,0,0,0,0.0,0,0,0,0,1,0,Cameras & Photography,3.9318256327243257,5.991464547107982,0,0,1,7.191429330036379
4.8,0,0,0,0,0.0,0,0,0,0,1,0,Cameras & Photography,3.9318256327243257,4.871603085400698,0,0,1,9.205026277152411
4.1,0,1,0,0,0.39,0,0,0,0,1,0,"Audio, Sound & Recording Gear",4.61512051684126,4.477223171657469,0,0,1,5.733341276897746
4.7,0,0,0,0,0.0,0,0,0,0,1,0,"Office Supplies, Ink & Toner",5.303304908059076,2.7713379403381286,0,1,0,5.937536205082426
4.6,0,1,0,0,0.05,0,0,0,0,1,0,PC Components,3.9318256327243257,6.508754233730972,0,0,1,4.0943445622221
4.7,0,1,0,0,0.0,0,0,0,0,1,0,"Audio, Sound & Recording Gear",4.61512051684126,3.917806250183873,0,1,0,7.204892510204673
4.5,0,1,0,0,0.0,0,0,0,0,1,0,TV & Video Displays,4.61512051684126,3.710885534376551,0,1,0,8.211211361793023
4.4,0,1,0,0,0.0,0,0,0,0,1,0,Small Gadget Accessories (Cases & Protectors),5.303304908059076,3.8709926558701535,0,0,1,4.3694478524670215
4.3,0,1,0,0,0.09,0,0,0,0,1,0,"Audio, Sound & Recording Gear",5.707110264748875,2.340843805111136,0,1,0,5.393627546352362
4.6,0,0,0,0,0.0,0,0,0,0,1,0,PC Components,4.61512051684126,5.17042717524212,0,0,1,5.093750200806762
4.7,0,1,0,0,0.0,0,0,0,0,1,0,"Office Supplies, Ink & Toner",5.993961427306569,2.632608005935352,0,1,0,7.29641326877392
4.5,0,1,0,0,0.0,0,0,0,0,1,0,Storage & Memory Cards,4.61512051684126,4.063885354737392,0,0,1,6.966967138613983
4.8,0,1,0,0,0.0,0,0,0,0,1,0,"Audio, Sound & Recording Gear",5.707110264748875,3.373826184866024,0,1,0,3.5263605246161616
4.6,0,1,0,0,0.0,0,0,0,0,1,0,Laptops,4.61512051684126,5.068904202220232,0,0,1,3.4011973816621555
4.1,0,0,0,0,0.0,0,0,0,0,1,0,Cameras & Photography,0.0,7.17011185111235,0,0,1,4.700480365792417
5.0,0,1,0,0,0.0,0,0,0,0,1,0,Computer Peripherals,0.0,8.45531778769815,1,0,0,0.6931471805599453
4.5,0,0,0,0,0.0,0,0,0,0,1,0,Cameras & Photography,0.0,8.131530710604252,1,0,0,4.174387269895637
4.0,0,1,0,0,0.1,0,0,0,0,1,0,"Audio, Sound & Recording Gear",5.303304908059076,3.282038399825841,0,1,0,8.344980368770571
4.3,0,0,0,0,0.43,0,0,0,0,1,0,TV & Video Displays,4.61512051684126,4.663344750039164,0,0,1,5.293304824724492
4.7,0,0,1,0,0.0,0,0,0,0,1,0,PC Components,3.9318256327243257,5.860757733031528,0,0,1,4.31748811353631
4.2,0,1,0,0,0.25,0,0,0,0,1,0,Power & Batteries,3.9318256327243257,5.30325515557766,1,0,0,5.1647859739235145
4.7,0,0,0,0,0.0,0,0,0,0,1,0,"Chargers, Adapters & Cables",5.993961427306569,3.0440461338325417,0,0,1,9.64088826045181
4.4,0,1,0,0,0.28,0,0,0,0,1,0,Cameras & Photography,5.303304908059076,3.5260663637080247,0,1,0,3.4011973816621555
4.3,0,1,0,0,0.0,0,0,0,0,1,0,"Office Supplies, Ink & Toner",3.9318256327243257,5.19011949607005,0,0,1,5.187385805840755
4.1,0,1,0,0,0.0,0,0,0,0,1,0,PC Components,0.0,7.741094744089373,1,0,0,6.061456918928017
4.7,0,0,0,0,0.18,0,0,0,0,1,0,TV & Video Displays,5.303304908059076,3.911822985425479,0,1,0,6.654152520183219
4.7,0,1,0,0,0.19,0,0,0,0,1,0,"Chargers, Adapters & Cables",6.2166061010848646,2.196112848483529,0,1,0,9.133135301067211
4.7,0,1,0,0,0.12,0,0,0,0,1,0,Other Electronics,4.61512051684126,4.356580613342406,0,0,1,7.411556287811163
4.3,0,1,0,0,0.12,0,0,0,0,1,0,"Office Supplies, Ink & Toner",3.9318256327243257,6.208509539960322,1,0,0,4.248495242049359
4.5,0,1,0,0,0.2,0,0,0,0,1,0,"Audio, Sound & Recording Gear",4.61512051684126,4.709440107163888,0,0,1,6.180016653652572
4.0,0,0,0,0,0.0,0,0,0,0,1,0,Wearables,0.0,2.196112848483529,0,1,0,3.8918202981106265
4.3,0,0,0,0,0.42,0,0,0,0,1,0,TV & Video Displays,5.303304908059076,3.931629535067065,0,1,0,5.135798437050262
4.1,0,0,0,0,0.0,0,0,0,0,1,0,PC Components,3.9318256327243257,5.5310151306670585,0,0,1,4.574710978503383
4.4,0,1,0,0,0.0,0,0,0,0,1,0,Laptops,5.303304908059076,3.2577118486533987,0,1,0,6.880384082186005
4.4,0,1,0,0,0.0,0,0,0,0,1,0,"Chargers, Adapters & Cables",5.707110264748875,3.571221410645704,0,0,1,7.188412736496954
4.6,0,1,0,0,0.0,0,0,0,0,1,0,TV & Video Displays,4.61512051684126,4.382026634673881,0,0,1,7.580699752224563
4.4,0,1,0,0,0.1,0,0,0,0,1,0,Small Gadget Accessories (Cases & Protectors),4.61512051684126,5.017213609456379,1,0,0,5.10594547390058
4.7,0,0,0,0,0.0,0,0,0,0,1,0,Computer Peripherals,4.61512051684126,4.463376180370204,0,0,1,7.60887062919126
4.8,0,0,0,0,0.0,0,0,0,0,1,0,PC Components,3.9318256327243257,4.819151895509915,0,0,1,4.330733340286331
4.3,0,1,0,0,0.08,0,0,0,0,1,0,PC Components,4.61512051684126,4.82326099366565,0,0,1,5.030437921392435
4.3,0,1,0,0,0.25,0,0,0,0,1,0,PC Components,5.707110264748875,3.0440461338325417,0,1,0,5.945420608606575
4.5,0,1,0,0,0.08,0,0,0,0,1,0,Small Gadget Accessories (Cases & Protectors),6.2166061010848646,2.294552921296781,0,1,0,7.527793987721444
4.3,0,1,0,0,0.0,0,0,0,0,1,0,"Office Supplies, Ink & Toner",4.61512051684126,4.590056548178043,0,0,1,3.218875824868201
5.0,0,1,0,0,0.0,0,0,0,0,1,0,PC Components,0.0,8.033006252891953,1,0,0,1.6094379124341005
4.6,0,0,0,0,0.0,0,0,0,0,1,0,"Office Supplies, Ink & Toner",4.61512051684126,4.3463994570307305,0,0,1,7.3031700512368
4.5,0,0,0,0,0.0,0,0,0,0,1,0,Other Electronics,4.61512051684126,4.07753744390572,0,0,1,7.7488913372555315
4.8,0,1,1,0,0.0,0,0,0,0,1,0,"Audio, Sound & Recording Gear",4.61512051684126,3.133317936506554,0,1,0,6.22455842927536
4.3,0,1,0,0,0.0,0,0,0,0,1,0,"Audio, Sound & Recording Gear",5.993961427306569,2.374905754573672,0,1,0,8.361474616416817
4.7,0,1,0,0,0.18,0,0,0,0,1,0,Small Gadget Accessories (Cases & Protectors),3.9318256327243257,5.27785952464564,1,0,0,6.9726062513017535
4.7,0,1,0,0,0.0,0,0,0,0,1,0,"Office Supplies, Ink & Toner",4.61512051684126,5.053056009980208,0,0,1,6.278521424165844
4.3,0,0,0,1,0.0,0,0,0,0,1,0,Computer Peripherals,5.303304908059076,4.262539022051294,0,0,1,6.297109319933935
4.0,0,1,0,0,0.27,0,0,0,0,1,0,"Audio, Sound & Recording Gear",3.9318256327243257,5.135798437050262,0,0,1,4.6443908991413725
4.5,0,1,0,0,0.24,0,0,0,0,1,0,Small Gadget Accessories (Cases & Protectors),4.61512051684126,4.6150215020384655,0,0,1,8.314587291319576
4.8,0,1,0,0,0.0,0,0,0,0,1,0,"Chargers, Adapters & Cables",5.993961427306569,2.39698576841553,0,1,0,7.013915474810528
4.1,0,1,1,0,0.5,1,0,0,0,0,0,Computer Peripherals,4.61512051684126,5.398117451625214,0,0,1,6.543911845564792
4.5,0,0,0,0,0.0,0,0,0,0,1,0,"Office Supplies, Ink & Toner",4.61512051684126,5.2516973459128105,0,0,1,6.3578422665081
4.7,0,0,0,0,0.0,0,0,0,0,1,0,Smart Home & Security,4.61512051684126,5.288014473552139,0,0,1,4.382026634673881
4.3,0,0,0,0,0.0,0,0,0,0,1,0,"Office Supplies, Ink & Toner",3.9318256327243257,4.23685634351072,0,0,1,1.0986122886681098
4.8,0,1,0,1,0.25,0,0,0,0,1,0,"Office Supplies, Ink & Toner",5.707110264748875,3.1179499062782403,0,1,0,7.392031567514591
4.7,0,1,0,0,0.0,0,0,0,0,1,0,"Chargers, Adapters & Cables",5.303304908059076,3.58324112209094,0,0,1,4.700480365792417
0.0,0,1,0,0,0.0,0,0,0,0,1,0,Laptops,0.0,7.762170607138205,1,0,0,0.0
4.5,0,1,0,0,0.24,0,0,0,0,1,0,"Audio, Sound & Recording Gear",4.61512051684126,5.231055139488869,0,0,1,5.652489180268651
5.0,0,0,0,0,0.0,0,0,0,0,1,0,Laptops,0.0,7.345364840416867,0,0,1,0.6931471805599453
4.2,0,1,0,0,0.32,0,0,0,0,1,0,"Audio, Sound & Recording Gear",5.303304908059076,3.2577118486533987,0,1,0,8.286269452783065
3.9,0,0,0,0,0.0,0,0,0,0,1,0,Mobile Cell Phones & Smartphones,4.61512051684126,3.9318256327243257,0,0,1,4.465908118654584
3.4,0,0,0,0,0.0,0,0,0,0,1,0,Computer Peripherals,3.9318256327243257,4.9486889658772695,0,0,1,5.117993812416755
4.6,0,1,0,0,0.1,0,0,0,0,1,0,Small Gadget Accessories (Cases & Protectors),5.707110264748875,2.8898160479624417,0,1,0,7.984121958702927
4.4,0,0,0,0,0.0,0,0,0,0,1,0,Smart Home & Security,4.61512051684126,5.081342251254203,0,0,1,5.147494476813453
4.8,0,0,0,0,0.0,0,0,0,0,1,0,PC Components,3.9318256327243257,5.602081919829862,0,0,1,6.944087208229528
4.8,0,1,1,0,0.0,1,0,0,0,0,0,Laptops,4.61512051684126,5.276991579833284,0,0,1,5.484796933490655
4.2,0,1,0,0,0.0,0,0,0,0,1,0,Wearables,5.303304908059076,3.380654480430826,0,1,0,8.69851424787661
4.9,0,1,0,0,0.0,0,0,0,0,1,0,Small Gadget Accessories (Cases & Protectors),5.303304908059076,3.9308447596687337,0,0,1,6.9167150203536085
4.6,0,1,0,0,0.0,0,0,0,0,1,0,"Office Supplies, Ink & Toner",4.61512051684126,5.0362380614757605,0,0,1,6.163314804034641
4.7,0,1,0,0,0.0,0,0,0,0,1,0,PC Components,4.61512051684126,3.7495040759303713,0,1,0,4.787491742782046
4.2,0,1,0,0,0.0,0,0,0,0,1,0,Computer Peripherals,3.9318256327243257,6.173786103901937,1,0,0,6.9167150203536085
4.4,0,1,0,0,0.2,0,0,0,0,1,0,TV & Video Displays,5.707110264748875,3.2577118486533987,0,1,0,7.10085190894405
4.5,0,0,0,0,0.0,0,0,0,0,1,0,Other Electronics,4.61512051684126,5.230199112471746,0,0,1,7.187657164114956
3.9,0,1,0,0,0.0,0,0,0,0,1,0,Wearables,4.61512051684126,5.564482092412441,0,0,1,5.187385805840755
4.6,0,1,0,0,0.0,0,0,0,0,1,0,TV & Video Displays,5.303304908059076,3.4333418349887226,0,1,0,5.993961427306569
4.3,1,1,0,0,0.16,0,0,0,0,1,0,Computer Peripherals,5.303304908059076,6.089022199452786,1,0,0,3.555348061489413
4.6,0,1,0,0,0.0,0,0,0,0,1,0,"Audio, Sound & Recording Gear",5.707110264748875,3.1514531485507664,0,1,0,4.672828834461906
3.8,0,0,1,0,0.0,0,0,0,0,1,0,"Office Supplies, Ink & Toner",4.61512051684126,5.655991810819852,0,0,1,5.365976015021851
4.8,0,0,0,0,0.0,0,0,0,0,1,0,"Chargers, Adapters & Cables",5.303304908059076,3.52311998561896,0,0,1,5.3981627015177525
4.6,0,1,0,0,0.0,0,0,0,0,1,0,"Office Supplies, Ink & Toner",3.9318256327243257,5.245970886175828,0,0,1,7.510977752014095
4.5,0,1,0,0,0.14,0,0,0,0,1,0,TV & Video Displays,0.0,6.551080335043404,0,0,1,4.564348191467836
4.5,0,1,0,0,0.63,0,0,0,0,1,0,Small Gadget Accessories (Cases & Protectors),5.707110264748875,3.912023005428146,0,0,1,5.869296913133774
4.4,0,1,0,0,0.0,0,0,0,0,1,0,"Chargers, Adapters & Cables",0.0,6.313457462464361,1,0,0,4.406719247264253
4.7,0,0,0,0,0.0,0,0,0,0,1,0,"Office Supplies, Ink & Toner",3.9318256327243257,6.01344617121437,1,0,0,3.5263605246161616
5.0,0,0,0,0,0.0,0,0,0,0,1,0,Wearables,0.0,4.077367938014984,0,0,1,1.791759469228055
4.5,0,1,0,0,0.1,0,0,0,0,1,0,Networking,3.9318256327243257,6.08893149033419,0,0,1,7.944492163932159
4.5,0,1,0,0,0.22,0,0,0,0,1,0,"Office Supplies, Ink & Toner",3.9318256327243257,6.206575926724928,1,0,0,4.543294782270004
3.9,0,1,0,0,0.19,0,0,0,0,1,0,TV & Video Displays,3.9318256327243257,5.802088163440325,0,0,1,3.091042453358316
4.7,0,1,0,0,0.0,0,0,0,0,1,0,PC Components,4.61512051684126,5.278114659230517,0,0,1,4.406719247264253
4.4,0,0,0,0,0.0,0,0,0,0,1,0,Cameras & Photography,3.9318256327243257,6.29156913955832,0,0,1,4.248495242049359
4.4,0,1,0,0,0.0,0,0,0,0,1,0,Cameras & Photography,4.61512051684126,5.739760757321436,0,0,1,4.127134385045092
4.5,0,0,0,0,0.0,0,0,0,0,1,0,"Office Supplies, Ink & Toner",4.61512051684126,4.261129379866926,0,0,1,7.318539548567902
4.3,0,1,0,0,0.0,0,0,0,0,1,0,Storage & Memory Cards,6.2166061010848646,2.0992441689760155,0,1,0,8.499029220788566
4.4,0,1,1,0,0.28,0,0,0,0,1,0,TV & Video Displays,4.61512051684126,5.19844178112078,0,0,1,7.70796153183549
4.4,0,1,0,0,0.0,0,0,0,0,1,0,Other Electronics,4.61512051684126,4.346787982581173,0,0,1,6.905753276311464
4.4,0,1,1,0,0.0,0,0,0,0,1,0,Smart Home & Security,5.303304908059076,3.218475744846861,0,1,0,8.069342366811636
4.4,0,1,0,0,0.19,0,0,0,0,1,0,Computer Peripherals,4.61512051684126,5.19844178112078,0,0,1,5.869296913133774
4.5,0,1,0,0,0.09,0,0,0,0,1,0,PC Components,4.61512051684126,4.709440107163888,0,0,1,5.0238805208462765
4.3,0,0,0,0,0.0,0,0,0,0,1,0,Mobile Cell Phones & Smartphones,4.61512051684126,4.543401159590459,0,0,1,5.820082930352362
4.4,0,1,0,0,0.0,0,0,0,0,1,0,Storage & Memory Cards,4.61512051684126,4.248352374701448,0,0,1,2.995732273553991
4.5,0,1,0,0,0.0,0,0,0,0,1,0,Small Gadget Accessories (Cases & Protectors),5.707110264748875,2.9439125248241944,0,1,0,7.938445551164788
4.2,0,0,0,0,0.0,0,0,0,0,1,0,Laptops,3.9318256327243257,5.598347882180681,0,0,1,3.218875824868201
4.2,0,1,0,0,0.0,0,0,0,0,1,0,Other Electronics,4.61512051684126,4.738389029774314,0,0,1,5.634789603169249
5.0,0,0,0,0,0.0,0,0,0,0,1,0,"Chargers, Adapters & Cables",4.61512051684126,5.613091609371697,1,0,0,1.791759469228055
3.9,0,1,1,0,0.0,0,0,0,0,1,0,"Audio, Sound & Recording Gear",4.61512051684126,4.18950321539533,0,0,1,7.249925536717988
4.4,0,1,0,0,0.43,0,0,0,0,1,0,Computer Peripherals,5.707110264748875,3.0828269804049246,0,1,0,7.174724309836376
4.3,0,1,0,0,0.0,0,0,0,0,1,0,TV & Video Displays,4.61512051684126,4.262539022051294,0,1,0,7.895436006942965
4.2,0,0,0,0,0.0,0,1,0,0,0,0,"Office Supplies, Ink & Toner",4.61512051684126,4.494573764646065,0,0,1,9.78374635092358
4.8,0,1,1,0,0.0,0,0,0,0,1,0,Wearables,5.707110264748875,3.2561716096118976,0,1,0,4.477336814478207
4.1,0,1,0,0,0.0,0,0,0,0,1,0,PC Components,3.9318256327243257,6.063785208687608,0,0,1,4.553876891600541
3.9,0,0,0,0,0.0,0,0,0,0,1,0,TV & Video Displays,3.9318256327243257,5.703782474656201,0,0,1,3.044522437723423
4.6,0,0,0,0,0.0,0,0,0,0,1,0,Small Gadget Accessories (Cases & Protectors),4.61512051684126,5.486206727645455,1,0,0,4.727387818712341
4.4,0,1,0,0,0.14,0,0,0,0,1,0,Mobile Cell Phones & Smartphones,4.61512051684126,5.30325515557766,0,0,1,9.079776001955066
4.6,0,1,0,0,0.1,0,0,0,0,1,0,PC Components,0.0,6.29701723466291,0,0,1,7.088408778675395
4.5,0,1,0,0,0.1,0,0,0,0,1,0,"Audio, Sound & Recording Gear",4.61512051684126,5.303304908059076,0,0,1,5.0369526024136295
4.0,0,1,0,0,0.0,0,0,0,0,1,0,Computer Peripherals,4.61512051684126,4.885601031725679,0,0,1,6.001414877961151
4.7,0,1,0,0,0.19,0,0,0,0,1,0,"Chargers, Adapters & Cables",5.993961427306569,2.300583090323373,0,1,0,7.513163545234075
4.7,0,1,0,0,0.22,0,0,0,0,1,0,Small Gadget Accessories (Cases & Protectors),3.9318256327243257,5.739632127549898,1,0,0,5.389071729816501
4.7,0,1,0,0,0.0,0,0,0,0,1,0,Cameras & Photography,5.707110264748875,2.7644305345383176,0,1,0,3.8918202981106265
0.0,0,0,0,0,0.0,0,0,0,0,1,0,Laptops,0.0,7.4918908422727855,1,0,0,0.0
0.0,0,1,0,0,0.0,0,0,0,0,1,0,Wearables,0.0,6.398511736398798,1,0,0,0.0
4.7,0,1,0,0,0.0,0,0,0,0,1,0,"Chargers, Adapters & Cables",4.61512051684126,3.665866679804864,0,0,1,7.084226422097916
4.8,0,1,0,0,0.39,0,0,0,0,1,0,Power & Batteries,5.303304908059076,3.5260663637080247,0,0,1,6.352629396319567
4.7,0,1,0,0,0.0,0,0,0,0,1,0,"Audio, Sound & Recording Gear",4.61512051684126,4.533781589900438,0,0,1,5.332718793265369
4.8,0,0,0,0,0.0,0,0,0,0,1,0,Cameras & Photography,0.0,7.396917946111868,0,0,1,5.313205979041787
4.8,0,0,0,0,0.0,0,0,0,0,1,0,"Office Supplies, Ink & Toner",5.707110264748875,3.219675505038765,0,1,0,5.996452088619021
0.0,0,0,0,0,0.0,0,0,0,0,1,0,"Office Supplies, Ink & Toner",5.303304908059076,3.9308447596687337,0,0,1,0.0
4.0,0,1,0,0,0.22,0,0,0,0,1,0,Smart Home & Security,3.9318256327243257,5.916175108066267,0,0,1,4.189654742026425
3.6,0,0,0,0,0.0,0,0,0,0,1,0,Laptops,3.9318256327243257,6.037870919922137,0,0,1,5.081404364984463
4.4,0,1,0,0,0.0,0,0,0,0,1,0,TV & Video Displays,3.9318256327243257,5.1298987149230735,0,0,1,4.882801922586371
4.5,0,0,0,0,0.0,0,0,0,0,1,0,PC Components,4.61512051684126,4.094177881665002,0,1,0,4.718498871295094
3.0,0,1,0,0,0.0,0,0,0,0,1,0,Computer Peripherals,3.9318256327243257,5.017213609456379,0,0,1,0.6931471805599453
4.2,0,0,0,0,0.69,0,0,0,0,1,0,Computer Peripherals,0.0,4.986888900366255,0,0,1,7.687538766201629
5.0,0,1,0,0,0.0,0,0,0,0,1,0,TV & Video Displays,0.0,6.803494158767612,1,0,0,1.3862943611198906
4.3,0,1,0,0,0.0,0,1,0,0,0,0,"Audio, Sound & Recording Gear",4.61512051684126,4.110709916308365,0,0,1,4.700480365792417
4.7,0,1,0,0,0.2,0,0,0,0,1,0,Storage & Memory Cards,5.707110264748875,2.39698576841553,0,1,0,8.286017468404763
4.2,0,0,0,0,0.0,0,0,0,0,1,0,Power & Batteries,4.61512051684126,3.7123518102990793,0,0,1,3.6375861597263857
4.1,0,1,0,0,0.0,0,0,0,0,1,0,Cameras & Photography,4.61512051684126,4.110053855927281,0,1,0,3.4657359027997265
4.3,0,1,0,0,0.12,0,0,0,0,1,0,"Audio, Sound & Recording Gear",4.61512051684126,4.521679875489066,0,0,1,6.021023349349527
4.0,0,0,0,0,0.0,0,0,0,0,1,0,"Office Supplies, Ink & Toner",0.0,5.857933154483459,1,0,0,2.5649493574615367
4.4,0,0,0,0,0.0,0,0,0,0,1,0,TV & Video Displays,3.9318256327243257,5.857933154483459,0,0,1,3.49650756146648
4.2,0,1,0,0,0.12,0,0,0,0,1,0,Computer Peripherals,4.61512051684126,3.931629535067065,0,0,1,8.0040315078527
3.2,0,1,0,0,0.0,0,0,0,0,1,0,Storage & Memory Cards,4.61512051684126,5.141605075260502,0,0,1,2.6390573296152584
4.2,0,1,0,1,0.0,0,0,0,0,1,0,Smart Home & Security,4.61512051684126,4.262539022051294,0,0,1,3.1354942159291497
4.5,0,1,0,0,0.0,0,0,0,0,1,0,"Audio, Sound & Recording Gear",3.9318256327243257,5.860757733031528,0,0,1,5.14166355650266
4.5,0,1,0,0,0.0,0,0,0,0,1,0,Small Gadget Accessories (Cases & Protectors),4.61512051684126,4.810475579172421,0,0,1,4.624972813284271
4.3,0,0,0,0,0.16,0,0,0,0,1,0,PC Components,4.61512051684126,4.875120984409557,0,0,1,9.163772736159848
4.1,0,0,0,0,0.0,0,0,0,0,1,0,PC Components,4.61512051684126,4.709350004897755,0,0,1,5.602118820879701
4.5,0,0,1,0,0.29,0,0,0,0,1,0,"Chargers, Adapters & Cables",5.993961427306569,2.7073833121145063,0,1,0,6.2878585601617845
4.3,0,1,0,0,0.0,0,0,0,0,1,0,Tablets & E-readers (DEVICES ONLY),5.303304908059076,3.433664571799657,0,1,0,6.133398042996649
4.7,0,1,0,0,0.08,0,0,0,0,1,0,"Audio, Sound & Recording Gear",4.61512051684126,5.19295685089021,0,0,1,6.535241271013659
4.0,0,1,0,1,0.0,0,0,0,0,1,0,"Office Supplies, Ink & Toner",3.9318256327243257,6.398578295461671,1,0,0,5.762051382780177
4.6,0,0,0,0,0.09,0,0,0,0,1,0,TV & Video Displays,5.303304908059076,3.783962335360629,0,1,0,6.641182169740591
3.6,0,1,0,0,0.0,0,0,0,0,1,0,Laptops,3.9318256327243257,6.709304340258298,0,0,1,4.564348191467836
4.4,0,0,1,0,0.0,0,0,0,0,1,0,TV & Video Displays,0.0,7.466221835375318,1,0,0,5.375278407684165
4.6,0,0,0,0,0.0,0,0,0,0,1,0,TV & Video Displays,4.61512051684126,4.9486889658772695,0,0,1,8.281723990411392
4.6,0,1,0,0,0.0,0,0,0,0,1,0,"Chargers, Adapters & Cables",5.993961427306569,2.7073833121145063,0,1,0,7.947325027016463
4.5,0,1,0,1,0.0,0,0,0,0,1,0,"Chargers, Adapters & Cables",5.707110264748875,3.043569602968151,0,0,1,5.293304824724492
4.4,0,0,0,0,0.0,0,0,0,0,1,0,TV & Video Displays,0.0,6.215048001650577,0,0,1,4.110873864173311
4.5,0,1,0,0,0.0,0,0,0,0,1,0,Laptops,5.707110264748875,2.9543893100196086,0,1,0,7.291656209174461
4.7,0,1,0,0,0.2,0,0,0,0,1,0,Networking,5.993961427306569,2.39698576841553,0,1,0,7.513709247839705
4.6,0,1,0,0,0.0,0,0,0,0,1,0,Other Electronics,3.9318256327243257,5.888767148869639,0,0,1,6.077642243349034
4.3,0,1,0,0,0.0,0,0,0,0,1,0,Laptops,3.9318256327243257,5.208502062225673,0,0,1,4.653960350157523
4.6,0,0,0,0,0.0,0,0,0,0,1,0,PC Components,4.61512051684126,4.262539022051294,0,1,0,5.666426688112432
4.4,0,0,0,0,0.0,0,0,0,0,1,0,Computer Peripherals,3.9318256327243257,6.006328528756524,1,0,0,5.488937726156687
4.4,0,1,0,0,0.0,0,0,0,0,1,0,Small Gadget Accessories (Cases & Protectors),5.303304908059076,3.4008639927609177,0,0,1,6.1463292576688975
4.5,0,0,0,0,0.0,0,0,0,0,1,0,TV & Video Displays,5.303304908059076,4.28771595520264,0,1,0,9.158415299111264
4.7,0,1,0,0,0.0,0,0,0,0,1,0,Networking,5.303304908059076,3.331847303527362,0,1,0,8.59932602095476
0.0,0,1,0,0,0.0,0,0,0,0,1,0,"Audio, Sound & Recording Gear",5.303304908059076,5.141605075260502,0,0,1,0.0
3.9,0,0,0,0,0.0,0,0,0,0,1,0,PC Components,3.9318256327243257,5.968681984210738,0,0,1,4.418840607796598
4.4,0,1,0,0,0.0,0,0,0,0,1,0,Wearables,4.61512051684126,4.5107496103686,0,0,1,7.057897937411856
4.4,0,1,0,0,0.21,0,0,0,0,1,0,PC Components,4.61512051684126,4.564244019375446,0,1,0,5.225746673713202
4.2,0,1,0,0,0.15,0,0,0,0,1,0,Wearables,4.61512051684126,5.075173815233827,0,0,1,2.3978952727983707
3.8,0,1,0,0,0.0,0,0,0,0,1,0,PC Components,3.9318256327243257,6.829782926643177,1,0,0,3.295836866004329
4.3,0,1,0,0,0.0,0,0,0,0,1,0,Small Gadget Accessories (Cases & Protectors),5.303304908059076,3.58324112209094,0,0,1,6.513230110912307
4.6,0,1,0,0,0.0,0,0,0,0,1,0,"Office Supplies, Ink & Toner",3.9318256327243257,6.551080335043404,1,0,0,4.553876891600541
4.6,0,1,0,0,0.11,0,0,0,0,1,0,"Chargers, Adapters & Cables",5.993961427306569,2.2071749081893874,0,1,0,7.405495663199472
5.0,0,1,0,0,0.0,0,0,0,0,1,0,PC Components,3.9318256327243257,5.5834587140900656,0,0,1,2.5649493574615367
4.5,0,1,0,0,0.0,0,0,0,0,1,0,TV & Video Displays,3.9318256327243257,5.802088163440325,0,0,1,4.867534450455582
4.4,0,0,0,0,0.23,0,0,0,0,1,0,TV & Video Displays,5.303304908059076,2.63834278867739,0,1,0,6.645090969505644
4.6,0,1,0,0,0.0,0,0,0,0,1,0,Cameras & Photography,3.9318256327243257,5.940171252720432,0,0,1,3.688879454113936
0.0,0,0,0,0,0.0,0,0,0,0,1,0,PC Components,5.707110264748875,2.9496883350525844,0,1,0,0.0
4.9,0,1,0,0,0.27,0,0,0,0,1,0,Storage & Memory Cards,0.0,5.802088163440325,0,0,1,2.8903717578961645
4.5,0,1,0,0,0.0,0,0,0,0,1,0,Other Electronics,3.9318256327243257,6.214608098422191,0,0,1,4.499809670330265
4.6,0,0,0,0,0.0,0,0,0,0,1,0,Power & Batteries,5.993961427306569,2.330200260027019,0,1,0,6.456769655572163
4.6,0,0,0,0,0.18,0,0,0,0,1,0,Computer Peripherals,5.303304908059076,3.7133281345162463,0,0,1,5.802118375377063
4.5,0,1,0,0,0.31,0,0,0,0,1,0,Printers & Scanners (Hardware),3.9318256327243257,6.2324480165505225,0,0,1,4.762173934797756
4.4,0,1,0,0,0.0,0,0,0,0,1,0,Cameras & Photography,3.9318256327243257,6.906754778648554,0,0,1,5.19295685089021
3.8,0,0,0,0,0.0,0,0,0,0,1,0,Cameras & Photography,3.9318256327243257,6.814531920251303,0,0,1,4.852030263919617
4.6,0,1,0,0,0.0,0,0,0,0,1,0,TV & Video Displays,5.303304908059076,4.110709916308365,0,1,0,6.843749949006225
4.3,0,0,0,0,0.0,0,0,0,0,1,0,PC Components,0.0,6.697034247666484,1,0,0,3.6635616461296463
4.1,0,0,0,1,0.0,0,0,0,0,1,0,Tablets & E-readers (DEVICES ONLY),5.303304908059076,3.7133281345162463,0,1,0,6.519147287940395
4.5,0,1,0,0,0.0,0,0,0,0,1,0,"Office Supplies, Ink & Toner",5.707110264748875,3.610647605844363,0,0,1,5.4638318050256105
4.7,0,1,0,0,0.0,0,0,0,0,1,0,Wearables,3.9318256327243257,5.442374419541463,0,0,1,2.5649493574615367
4.6,0,1,0,0,0.0,0,0,0,0,1,0,"Chargers, Adapters & Cables",6.2166061010848646,2.2679936482244267,0,1,0,8.897819009510757
4.5,0,1,0,0,0.0,0,0,0,0,1,0,"Office Supplies, Ink & Toner",3.9318256327243257,5.23372551065486,0,0,1,2.70805020110221
5.0,0,1,0,0,0.0,0,0,0,0,1,0,Small Gadget Accessories (Cases & Protectors),5.303304908059076,3.931629535067065,0,0,1,1.0986122886681098
4.7,0,1,0,0,0.06,0,0,0,0,1,0,Small Gadget Accessories (Cases & Protectors),5.707110264748875,3.415100286831146,0,0,1,7.661997558901893
4.7,0,1,0,0,0.0,0,0,0,0,1,0,Storage & Memory Cards,5.707110264748875,3.295466427029913,0,0,1,4.804021044733257
4.6,0,1,0,0,0.1,0,0,0,0,1,0,Small Gadget Accessories (Cases & Protectors),4.61512051684126,4.874815570953721,0,0,1,4.262679877041316
4.6,0,1,0,0,0.17,0,0,0,0,1,0,"Chargers, Adapters & Cables",5.993961427306569,2.5641798306825083,0,1,0,4.51085950651685
4.5,0,1,0,0,0.32,0,0,0,0,1,0,Computer Peripherals,5.707110264748875,3.931629535067065,0,0,1,8.143807976771484
4.4,0,1,0,0,0.08,0,0,0,0,1,0,Small Gadget Accessories (Cases & Protectors),5.707110264748875,2.932792473780117,0,1,0,7.01301578963963
4.6,0,1,0,0,0.13,0,0,0,0,1,0,Cameras & Photography,4.61512051684126,4.976664774525102,0,0,1,8.389359819906353
4.5,0,1,0,0,0.33,0,0,0,0,1,0,Small Gadget Accessories (Cases & Protectors),5.303304908059076,3.433664571799657,0,0,1,4.543294782270004
4.7,0,1,0,0,0.39,0,0,0,0,1,0,"Office Supplies, Ink & Toner",5.303304908059076,3.2526973733437115,0,1,0,5.176149732573829
4.4,0,1,0,0,0.48,0,0,0,0,1,0,Computer Peripherals,4.61512051684126,4.875120984409557,0,0,1,6.874198495453294
4.5,0,0,0,0,0.0,0,0,0,0,1,0,"Audio, Sound & Recording Gear",4.61512051684126,4.321745703788952,0,0,1,5.480638923341991
4.5,0,1,0,0,0.0,0,0,0,0,1,0,"Audio, Sound & Recording Gear",4.61512051684126,5.283000662436144,0,0,1,5.351858133476067
4.4,0,1,0,0,0.0,0,0,0,0,1,0,"Chargers, Adapters & Cables",5.707110264748875,2.5006159434931803,0,1,0,7.739794458408701
4.7,0,0,0,0,0.0,0,0,0,0,1,0,Storage & Memory Cards,3.9318256327243257,5.463789431246498,0,0,1,6.763884908562435
4.0,0,1,0,0,0.0,0,0,0,0,1,0,Computer Peripherals,4.61512051684126,4.6150215020384655,0,0,1,6.369900982828227
4.6,0,1,0,0,0.0,0,0,0,0,1,0,Storage & Memory Cards,0.0,7.138866999945524,1,0,0,5.176149732573829
4.2,0,0,0,0,0.06,0,0,0,0,1,0,Computer Peripherals,4.61512051684126,4.356580613342406,0,0,1,5.849324779946859
4.4,0,1,0,0,0.1,0,0,0,0,1,0,PC Components,3.9318256327243257,5.484755438853831,0,0,1,3.9318256327243257
4.3,0,1,0,0,0.08,0,0,0,0,1,0,Storage & Memory Cards,5.303304908059076,3.663305202994506,0,0,1,7.377133712833954
4.7,0,1,0,0,0.0,0,0,0,0,1,0,Computer Peripherals,4.61512051684126,4.248495242049359,0,0,1,5.771441123130016
4.2,0,0,0,0,0.0,0,0,0,0,1,0,Mobile Cell Phones & Smartphones,4.61512051684126,4.257171777528256,0,0,1,7.9976631270201
4.5,0,1,0,0,0.1,0,1,0,0,0,0,Storage & Memory Cards,5.707110264748875,2.771963526845863,0,1,0,7.666690200080086
4.5,0,1,0,0,0.28,0,0,0,0,1,0,Storage & Memory Cards,4.61512051684126,5.30325515557766,0,0,1,5.0369526024136295
4.8,0,1,0,0,0.0,0,0,0,0,1,0,TV & Video Displays,3.9318256327243257,5.298317366548036,0,0,1,4.543294782270004
4.6,0,1,0,0,0.0,0,0,0,0,1,0,"Chargers, Adapters & Cables",5.707110264748875,2.884241897520628,0,0,1,6.8966943316227125
4.4,0,1,0,0,0.0,0,0,0,0,1,0,Laptops,3.9318256327243257,5.564137192142683,0,0,1,4.02535169073515
4.4,0,1,0,0,0.13,0,0,0,0,1,0,"Office Supplies, Ink & Toner",4.61512051684126,4.4996985530458575,0,0,1,3.9889840465642745
4.0,0,1,0,0,0.0,0,0,0,0,1,0,"Audio, Sound & Recording Gear",3.9318256327243257,5.703782474656201,0,0,1,5.123963979403259
4.5,0,1,0,0,0.0,0,0,0,0,1,0,Mobile Cell Phones & Smartphones,5.303304908059076,3.909820581872946,0,0,1,6.918695219020472
4.6,0,1,0,0,0.25,0,0,0,0,1,0,"Audio, Sound & Recording Gear",4.61512051684126,4.709440107163888,0,0,1,6.99117688712121
4.4,0,1,0,0,0.0,0,0,0,0,1,0,Storage & Memory Cards,4.61512051684126,4.46579316951945,0,0,1,4.6443908991413725
4.5,0,1,0,0,0.12,0,0,0,0,1,0,Computer Peripherals,5.303304908059076,3.931629535067065,0,0,1,1.791759469228055
4.2,0,0,0,0,0.0,0,0,0,0,1,0,Video Game Consoles & Virtual Reality,4.61512051684126,4.636959508477498,0,0,1,5.666426688112432
4.1,0,1,0,0,0.0,0,0,0,0,1,0,Small Gadget Accessories (Cases & Protectors),5.707110264748875,3.1346242724206097,0,0,1,5.83773044716594
4.1,0,1,0,0,0.0,0,0,0,0,1,0,Cameras & Photography,4.61512051684126,4.31748811353631,0,0,1,6.424869023905388
4.1,0,0,1,0,0.0,0,0,0,0,1,0,TV & Video Displays,3.9318256327243257,5.4638318050256105,0,0,1,3.7612001156935615
4.5,0,1,0,0,0.0,0,0,0,0,1,0,"Office Supplies, Ink & Toner",3.9318256327243257,4.438406968109989,0,0,1,2.772588722239781
4.7,0,0,0,0,0.0,0,0,0,0,1,0,Power & Batteries,5.993961427306569,2.379546134130174,0,0,1,9.37203396097417
4.7,0,0,0,0,0.0,0,0,0,0,1,0,PC Components,5.303304908059076,3.688129172723232,0,1,0,7.118826249062078
4.7,0,1,0,0,0.0,0,0,0,0,1,0,Cameras & Photography,4.61512051684126,5.236441962829949,0,0,1,6.951772164398911
4.7,0,1,0,0,0.0,0,0,0,0,1,0,Small Gadget Accessories (Cases & Protectors),5.303304908059076,3.433664571799657,0,0,1,8.59877317840866
4.0,0,1,0,0,0.0,0,0,0,0,1,0,"Office Supplies, Ink & Toner",3.9318256327243257,5.707077041605631,0,0,1,3.58351893845611
4.3,0,1,0,0,0.2,0,0,0,0,1,0,Small Gadget Accessories (Cases & Protectors),5.303304908059076,3.58324112209094,0,0,1,5.267858159063328
4.3,0,1,0,0,0.0,0,0,0,0,1,0,Wearables,4.61512051684126,4.5107496103686,0,0,1,6.492239835020471
4.4,0,1,0,0,0.0,0,0,0,0,1,0,"Audio, Sound & Recording Gear",4.61512051684126,4.983538126211888,0,0,1,4.605170185988092
4.6,0,1,0,0,0.14,0,0,0,0,1,0,"Office Supplies, Ink & Toner",4.61512051684126,4.836202538722539,0,0,1,7.4821189235521155
4.7,0,1,0,0,0.0,0,0,0,0,1,0,Power & Batteries,3.9318256327243257,5.703782474656201,1,0,0,5.749392985908253
4.4,0,1,0,0,0.0,0,0,0,0,1,0,"Audio, Sound & Recording Gear",4.61512051684126,5.417388461189051,0,0,1,6.539585955617669
4.1,0,1,1,0,0.33,0,0,0,0,1,0,Cameras & Photography,4.61512051684126,5.602081919829862,0,0,1,8.014996894348302
4.7,0,0,0,0,0.0,0,0,0,0,1,0,"Office Supplies, Ink & Toner",3.9318256327243257,5.496717303971331,0,0,1,4.543294782270004
4.6,0,1,1,0,0.0,0,0,0,0,1,0,"Office Supplies, Ink & Toner",5.707110264748875,3.5333945512735414,0,0,1,6.476972362889683
4.3,0,1,0,0,0.0,0,0,0,0,1,0,Laptops,0.0,7.261927092702751,0,0,1,5.823045895483019
4.5,0,1,0,0,0.08,0,0,0,0,1,0,TV & Video Displays,0.0,7.090901495650648,1,0,0,4.543294782270004
4.6,0,0,0,0,0.0,0,0,0,0,1,0,Small Gadget Accessories (Cases & Protectors),0.0,5.940171252720432,1,0,0,4.5217885770490405
4.4,0,1,0,0,0.23,0,0,0,0,1,0,"Audio, Sound & Recording Gear",5.303304908059076,3.970103216504671,0,0,1,6.12029741895095
4.3,0,0,0,0,0.0,0,0,0,0,1,0,"Audio, Sound & Recording Gear",5.303304908059076,3.784189633918261,0,1,0,7.282761179605593
4.3,0,0,0,0,0.0,0,0,0,0,1,0,Wearables,4.61512051684126,4.499809670330265,0,0,1,4.700480365792417
4.4,0,0,0,0,0.0,0,0,0,0,1,0,"Office Supplies, Ink & Toner",4.61512051684126,4.0943445622221,0,0,1,7.241366283322318
4.4,0,1,0,0,0.0,0,0,0,0,1,0,TV & Video Displays,4.61512051684126,5.3431951253261225,0,0,1,5.241747015059643
5.0,0,0,0,0,0.0,0,0,0,0,1,0,"Audio, Sound & Recording Gear",0.0,8.318498320504338,1,0,0,3.1354942159291497
4.5,0,0,0,0,0.23,0,0,0,0,1,0,Computer Peripherals,4.61512051684126,4.875120984409557,0,0,1,5.82600010738045
4.6,0,1,0,0,0.0,0,0,0,0,1,0,"Audio, Sound & Recording Gear",5.707110264748875,2.8903717578961645,0,1,0,7.30854279753919
4.5,0,0,0,0,0.0,0,0,0,0,1,0,Cameras & Photography,3.9318256327243257,5.676753802268282,0,0,1,6.063785208687608
3.9,0,1,0,0,0.0,0,0,0,0,1,0,"Audio, Sound & Recording Gear",3.9318256327243257,5.802088163440325,0,0,1,4.736198448394496
4.6,0,0,0,0,0.0,0,0,0,0,1,0,Storage & Memory Cards,5.707110264748875,2.825536896557877,0,1,0,8.379768515504566
4.5,0,1,0,0,0.0,0,0,0,0,1,0,PC Components,3.9318256327243257,5.19844178112078,0,0,1,2.3978952727983707
4.7,0,1,0,0,0.1,0,0,0,0,1,0,Wearables,5.707110264748875,3.0440461338325417,0,1,0,4.465908118654584
4.7,0,1,0,0,0.0,0,0,0,0,1,0,Power & Batteries,6.2166061010848646,2.194999882314108,0,1,0,8.158802490694002
3.8,0,0,0,0,0.0,0,0,0,0,1,0,Computer Peripherals,0.0,5.268734064006362,0,0,1,5.942799375126701
4.6,0,1,0,0,0.0,0,0,0,0,1,0,Smart Home & Security,5.303304908059076,3.7123518102990793,0,1,0,7.917171988845776
4.3,0,0,1,0,0.0,0,0,0,0,1,0,Computer Peripherals,3.9318256327243257,5.944005995948281,1,0,0,7.494430215031565
4.2,0,1,1,0,0.0,0,0,0,0,1,0,Printers & Scanners (Hardware),3.9318256327243257,6.311716660167896,0,0,1,6.115892125483034
5.0,0,0,0,0,0.0,0,0,0,0,1,0,Computer Peripherals,0.0,7.317205768231552,1,0,0,0.6931471805599453
4.0,0,0,0,0,0.0,0,0,0,0,1,0,Smart Home & Security,3.9318256327243257,5.916175108066267,0,0,1,3.1780538303479458
4.5,0,1,0,0,0.0,0,0,0,0,1,0,"Audio, Sound & Recording Gear",4.61512051684126,5.003274939689963,0,0,1,4.189654742026425
4.5,0,1,0,0,0.23,0,0,0,0,1,0,"Office Supplies, Ink & Toner",5.303304908059076,3.248434627109745,0,1,0,7.122866658599083
4.5,0,0,0,0,0.0,0,0,0,0,1,0,PC Components,4.61512051684126,4.6440062097732895,0,0,1,6.85751406254539
4.1,0,1,0,0,0.05,0,0,0,0,1,0,"Audio, Sound & Recording Gear",4.61512051684126,4.709440107163888,0,0,1,6.620073206530356
4.6,0,1,0,0,0.13,0,0,0,0,1,0,Other Electronics,5.303304908059076,3.3655702040190043,0,1,0,7.878534196140362
4.4,0,1,0,0,0.0,0,0,0,0,1,0,"Audio, Sound & Recording Gear",5.303304908059076,3.5607619513334936,0,1,0,7.9561263512135
3.5,0,1,0,0,0.0,0,0,0,0,1,0,Wearables,4.61512051684126,5.265122461690396,0,0,1,5.062595033026967
4.8,0,1,0,0,0.0,1,0,0,0,0,0,PC Components,5.707110264748875,2.7073833121145063,0,1,0,8.465268118551318
4.1,0,0,0,0,0.0,0,0,0,0,1,0,TV & Video Displays,3.9318256327243257,5.916094240083205,0,0,1,4.663439094112067
4.9,0,1,0,0,0.0,0,0,0,0,1,0,"Office Supplies, Ink & Toner",5.707110264748875,3.1350593387750902,0,1,0,5.153291594497779
0.0,0,1,0,0,0.0,0,0,0,0,1,0,"Office Supplies, Ink & Toner",3.9318256327243257,5.777311707944317,0,0,1,0.0
4.5,0,0,0,0,0.0,0,0,0,0,1,0,Computer Peripherals,4.61512051684126,3.4091655513113324,0,1,0,7.254177846456518
4.7,0,1,0,0,0.0,0,0,0,0,1,0,Cameras & Photography,0.0,7.408530566894626,0,0,1,5.733341276897746
4.2,0,1,0,0,0.25,0,0,0,0,1,0,Computer Peripherals,4.61512051684126,4.3943256902608985,0,0,1,4.02535169073515
4.4,0,1,0,0,0.1,0,0,0,0,1,0,Small Gadget Accessories (Cases & Protectors),5.707110264748875,3.610377225958979,0,0,1,10.89405052878487
4.7,0,0,0,0,0.0,0,0,0,0,1,0,Laptops,3.9318256327243257,4.509760001183433,0,1,0,3.688879454113936
0.0,0,1,0,0,0.0,0,0,0,0,1,0,"Audio, Sound & Recording Gear",0.0,3.433664571799657,0,1,0,0.0
4.7,0,1,0,0,0.0,0,0,0,0,1,0,Networking,5.303304908059076,3.366950942933564,0,1,0,8.342601680684194
4.8,0,1,0,0,0.07,0,0,0,0,1,0,"Office Supplies, Ink & Toner",5.707110264748875,2.771963526845863,0,1,0,5.117993812416755
4.6,0,1,0,0,0.0,0,0,0,0,1,0,Networking,3.9318256327243257,5.525413097700675,0,0,1,2.5649493574615367
4.1,0,1,0,0,0.11,0,0,0,0,1,0,Other Electronics,3.9318256327243257,5.545138381216603,0,0,1,4.624972813284271
3.7,0,0,1,0,0.0,0,0,0,0,1,0,"Office Supplies, Ink & Toner",0.0,6.277826999243745,1,0,0,3.091042453358316
4.7,0,0,0,0,0.12,0,0,0,0,1,0,Small Gadget Accessories (Cases & Protectors),5.707110264748875,3.7133281345162463,0,0,1,3.091042453358316
4.6,0,1,0,0,0.0,0,0,0,0,1,0,Computer Peripherals,5.303304908059076,3.0440461338325417,0,1,0,5.891644211825772
4.8,0,0,0,0,0.0,0,0,0,0,1,0,"Chargers, Adapters & Cables",5.707110264748875,3.3495531485098167,0,0,1,6.473890696352274
4.4,0,1,0,0,0.0,0,0,0,0,1,0,"Audio, Sound & Recording Gear",5.993961427306569,2.63834278867739,0,1,0,7.820037989458753
4.5,0,1,0,0,0.0,0,0,0,0,1,0,"Office Supplies, Ink & Toner",5.303304908059076,3.740285242173836,0,0,1,6.77078942390898
4.6,0,1,0,0,0.14,0,1,0,0,0,0,Cameras & Photography,5.303304908059076,3.760036648430265,0,1,0,7.771488760117616
4.1,0,0,0,0,0.12,0,0,0,0,1,0,Wearables,4.61512051684126,3.9318256327243257,0,0,1,6.137727054086234
4.3,0,0,1,0,0.0,0,0,0,0,1,0,Cameras & Photography,4.61512051684126,5.017213609456379,0,0,1,8.384575666801398
4.2,0,1,0,0,0.25,0,0,0,0,1,0,Small Gadget Accessories (Cases & Protectors),4.61512051684126,5.30325515557766,1,0,0,4.02535169073515
4.3,0,1,1,0,0.09,0,0,0,0,1,0,"Chargers, Adapters & Cables",5.303304908059076,3.7133281345162463,0,0,1,7.98139158158007
4.7,0,0,0,0,0.0,0,0,0,0,1,0,PC Components,3.9318256327243257,5.111927545578128,0,0,1,5.075173815233827
4.3,0,1,0,0,0.0,0,0,0,0,1,0,Storage & Memory Cards,3.9318256327243257,6.01856888329999,0,0,1,2.6390573296152584
4.7,0,1,0,0,0.08,0,0,0,0,1,0,"Chargers, Adapters & Cables",5.707110264748875,3.258096538021482,0,0,1,7.919719760924575
4.4,0,1,0,0,0.0,0,0,0,0,1,0,Wearables,4.61512051684126,5.003879189599248,0,0,1,8.796943893541737
4.8,0,0,0,0,0.0,0,0,0,0,1,0,Cameras & Photography,0.0,7.588394560898872,0,0,1,5.53338948872752
4.4,0,0,0,0,0.13,0,0,0,0,1,0,Wearables,0.0,3.433664571799657,0,1,0,4.382026634673881
4.8,0,1,1,0,0.2,0,0,0,0,1,0,Small Gadget Accessories (Cases & Protectors),4.61512051684126,3.9308447596687337,0,0,1,5.720311776607412
4.4,0,1,1,0,0.0,0,0,0,0,1,0,"Audio, Sound & Recording Gear",4.61512051684126,4.07668962698338,0,0,1,5.752572638825633
4.6,0,1,0,0,0.0,0,0,0,0,1,0,Cameras & Photography,5.303304908059076,3.432372999130605,0,1,0,7.470224135899966
4.4,0,1,0,0,0.0,0,0,0,0,1,0,"Chargers, Adapters & Cables",5.303304908059076,3.4011973816621555,0,0,1,4.394449154672439
4.2,0,0,0,0,0.0,0,0,0,0,1,0,Printers & Scanners (Hardware),3.9318256327243257,5.116795489924646,0,1,0,8.757469141470748
4.3,0,1,0,0,0.12,0,0,0,0,1,0,"Audio, Sound & Recording Gear",4.61512051684126,3.737431494696102,0,1,0,6.517671272912275
4.5,0,1,0,0,0.0,0,0,0,0,1,0,Small Gadget Accessories (Cases & Protectors),5.993961427306569,2.73696154459663,0,1,0,5.802118375377063
4.6,0,1,0,0,0.0,0,0,0,0,1,0,PC Components,4.61512051684126,5.375232110316162,0,0,1,6.095824562432225
4.1,0,1,0,0,0.0,0,0,0,0,1,0,Cameras & Photography,3.9318256327243257,5.802088163440325,0,0,1,4.6443908991413725
4.4,0,1,0,0,0.0,0,0,0,0,1,0,Wearables,3.9318256327243257,5.99393648933976,0,0,1,3.828641396489095
4.2,0,1,0,0,0.0,0,0,0,0,1,0,"Office Supplies, Ink & Toner",3.9318256327243257,5.998936561946683,1,0,0,3.1780538303479458
3.9,0,1,0,0,0.0,0,0,0,0,1,0,Computer Peripherals,5.303304908059076,3.331847303527362,0,1,0,5.3471075307174685
4.6,0,0,0,0,0.0,0,0,0,0,1,0,"Office Supplies, Ink & Toner",3.9318256327243257,5.860130738026947,1,0,0,3.555348061489413
4.6,0,0,0,0,0.0,0,0,0,0,1,0,Computer Peripherals,5.707110264748875,3.0440461338325417,0,1,0,8.447628728030327
4.2,0,1,0,0,0.08,0,0,0,0,1,0,"Chargers, Adapters & Cables",5.303304908059076,3.377246160839642,0,0,1,6.311734809152915
4.8,0,1,0,0,0.1,0,0,0,0,1,0,"Chargers, Adapters & Cables",3.9318256327243257,5.017213609456379,1,0,0,1.9459101490553128
4.7,0,1,0,0,0.0,0,0,0,0,1,0,"Office Supplies, Ink & Toner",4.61512051684126,3.5336865647082343,0,0,1,7.686162303492906
4.7,0,0,0,0,0.0,0,0,0,0,1,0,TV & Video Displays,0.0,8.036298468939142,1,0,0,2.3978952727983707
4.2,0,1,0,0,0.15,0,0,0,0,1,0,Laptops,3.9318256327243257,5.673288902319859,0,0,1,4.564348191467836
4.6,0,0,0,0,0.0,0,0,0,0,1,0,"Audio, Sound & Recording Gear",3.9318256327243257,7.089243155027514,1,0,0,5.831882477283517
0.0,0,1,0,0,0.19,0,0,0,0,1,0,"Audio, Sound & Recording Gear",0.0,6.135564891081739,1,0,0,0.0
4.6,0,1,0,0,0.0,0,0,0,0,1,0,"Office Supplies, Ink & Toner",6.2166061010848646,2.143589361503588,0,1,0,9.90283734119454
4.2,0,1,0,0,0.17,0,0,0,0,1,0,Other Electronics,5.303304908059076,3.433664571799657,0,1,0,7.661997558901893
4.7,0,1,0,0,0.0,0,0,0,0,1,0,Cameras & Photography,5.303304908059076,3.931629535067065,0,1,0,3.5263605246161616
4.6,0,1,0,0,0.0,0,0,0,0,1,0,Power & Batteries,5.707110264748875,3.1354942159291497,0,0,1,6.261491684321042
4.5,0,1,0,0,0.08,0,0,0,0,1,0,PC Components,3.9318256327243257,5.968681984210738,0,0,1,6.2766434893416445
4.7,0,0,0,0,0.0,0,0,0,0,1,0,Small Gadget Accessories (Cases & Protectors),5.303304908059076,2.70805020110221,0,1,0,4.812184355372417
4.6,0,0,1,0,0.0,0,0,0,0,1,0,Small Gadget Accessories (Cases & Protectors),5.707110264748875,2.5603232890727545,0,1,0,9.07096335550754
3.9,0,1,0,0,0.11,0,0,0,0,1,0,PC Components,5.303304908059076,3.58324112209094,0,1,0,3.4339872044851463
4.4,0,0,0,0,0.25,0,0,0,0,1,0,Cameras & Photography,0.0,8.071215415941241,1,0,0,3.7612001156935615
4.6,1,1,0,0,0.0,0,0,0,0,1,0,"Chargers, Adapters & Cables",4.61512051684126,3.734808386002336,0,0,1,7.917171988845776
4.4,0,1,0,0,0.0,0,0,0,0,1,0,Wearables,4.61512051684126,3.6995720836526793,0,1,0,6.336825731146441
4.4,0,1,0,0,0.0,0,0,0,0,1,0,"Office Supplies, Ink & Toner",4.61512051684126,4.338466519921502,0,0,1,5.1647859739235145
4.5,0,1,0,0,0.0,0,0,0,0,1,0,"Audio, Sound & Recording Gear",0.0,6.646390514847729,1,0,0,5.831882477283517
4.6,0,1,0,0,0.0,1,0,0,0,0,0,Storage & Memory Cards,5.303304908059076,3.433664571799657,0,0,1,7.348587530927593
3.0,0,1,0,0,0.0,0,0,0,0,1,0,Computer Peripherals,0.0,8.1886891244442,1,0,0,0.6931471805599453
4.1,0,1,0,0,0.0,0,0,0,0,1,0,"Audio, Sound & Recording Gear",4.61512051684126,5.303205400620812,0,0,1,6.182084906716632
4.7,0,0,0,0,0.0,0,0,0,0,1,0,"Office Supplies, Ink & Toner",5.303304908059076,2.953346557057553,0,1,0,7.037027614686276
4.3,0,0,0,0,0.0,0,0,0,0,1,0,PC Components,4.61512051684126,4.65386510752685,0,0,1,3.9889840465642745
4.1,0,1,0,0,0.23,0,0,0,0,1,0,TV & Video Displays,4.61512051684126,5.017213609456379,0,0,1,5.905361848054571
4.4,0,1,0,0,0.0,0,0,0,0,1,0,Computer Peripherals,3.9318256327243257,5.049856007249537,0,0,1,5.973809611869261
4.6,0,1,0,0,0.09,0,0,0,0,1,0,Small Gadget Accessories (Cases & Protectors),5.303304908059076,4.060270581888349,0,0,1,7.768956044538332
4.3,0,0,0,0,0.0,0,0,0,0,1,0,PC Components,0.0,8.474078988459034,1,0,0,4.248495242049359
4.0,0,0,0,0,0.0,0,0,0,0,1,0,Laptops,0.0,6.236271738058218,0,0,1,2.8903717578961645
4.8,0,1,0,0,0.0,0,0,0,0,1,0,Small Gadget Accessories (Cases & Protectors),4.61512051684126,4.795377237056036,0,0,1,6.555356891810665
4.4,0,1,0,0,0.0,0,0,0,0,1,0,Computer Peripherals,0.0,6.606650186198215,1,0,0,5.60947179518496
4.6,0,1,0,0,0.0,0,0,0,0,1,0,Networking,4.61512051684126,4.875120984409557,0,0,1,5.484796933490655
3.9,0,0,0,0,0.0,0,0,0,0,1,0,PC Components,0.0,7.878909125845435,1,0,0,4.969813299576001
4.4,0,1,0,0,0.0,0,0,0,0,1,0,PC Components,3.9318256327243257,6.112774688540522,0,0,1,6.408528791059498
4.7,0,0,0,0,0.0,0,0,0,0,1,0,"Office Supplies, Ink & Toner",4.61512051684126,3.4931686602009657,0,0,1,7.793586803371584
4.6,0,0,0,0,0.0,0,0,0,0,1,0,TV & Video Displays,0.0,6.197706060346835,0,0,1,4.74493212836325
4.0,0,1,0,1,0.0,0,0,0,0,1,0,Smart Home & Security,3.9318256327243257,5.525413097700675,0,0,1,3.713572066704308
4.7,0,1,0,0,0.0,0,0,0,0,1,0,Cameras & Photography,5.707110264748875,2.887590114934288,0,1,0,5.793013608384144
4.6,0,0,0,0,0.0,0,0,0,0,1,0,"Chargers, Adapters & Cables",5.707110264748875,2.771963526845863,0,0,1,6.914730892718563
4.2,0,0,0,0,0.52,0,0,0,0,1,0,Cameras & Photography,5.303304908059076,3.931629535067065,0,1,0,4.330733340286331
4.0,0,1,0,0,0.0,0,0,0,0,1,0,Small Gadget Accessories (Cases & Protectors),4.61512051684126,3.931629535067065,0,0,1,7.502186486602924
4.4,0,0,0,0,0.05,0,0,0,0,1,0,Computer Peripherals,5.303304908059076,3.713572066704308,0,0,1,3.8918202981106265
4.8,0,1,0,0,0.0,0,0,0,0,1,0,"Audio, Sound & Recording Gear",0.0,6.214608098422191,1,0,0,3.688879454113936
4.7,0,1,0,0,0.23,0,0,0,0,1,0,Cameras & Photography,3.9318256327243257,5.560681631015528,0,0,1,5.0238805208462765
4.8,0,0,0,0,0.0,0,0,0,0,1,0,"Office Supplies, Ink & Toner",5.707110264748875,3.3243163373261977,0,1,0,5.645446897643238
4.6,0,0,0,0,0.0,0,0,0,0,1,0,"Office Supplies, Ink & Toner",4.61512051684126,4.356708826689592,0,0,1,4.3694478524670215
4.6,0,0,0,0,0.0,0,0,0,0,1,0,Cameras & Photography,0.0,7.29980412349209,0,0,1,5.552959584921617
4.7,0,1,0,0,0.25,0,0,0,0,1,0,"Office Supplies, Ink & Toner",4.61512051684126,3.923753928303845,0,0,1,7.743269700829004
4.5,0,1,0,0,0.27,0,0,0,0,1,0,"Chargers, Adapters & Cables",4.61512051684126,3.8284239815518326,0,0,1,5.2574953720277815
4.5,0,0,0,0,0.0,0,0,0,0,1,0,Storage & Memory Cards,3.9318256327243257,7.090076835776092,1,0,0,1.6094379124341005
4.6,0,0,0,0,0.0,0,0,0,0,1,0,PC Components,0.0,6.738413124136237,1,0,0,5.351858133476067
3.4,0,0,0,0,0.0,0,0,0,0,1,0,"Office Supplies, Ink & Toner",0.0,6.728329525300208,1,0,0,1.6094379124341005
4.4,0,1,0,0,0.12,0,0,0,0,1,0,PC Components,4.61512051684126,4.3943256902608985,0,1,0,5.135798437050262
4.7,0,1,0,0,0.11,0,0,0,0,1,0,"Office Supplies, Ink & Toner",4.61512051684126,4.709440107163888,0,0,1,7.881182202227102
4.4,0,0,0,0,0.0,0,0,0,0,1,0,Cameras & Photography,3.9318256327243257,4.9486889658772695,0,0,1,4.74493212836325
4.7,0,0,0,0,0.0,0,0,0,0,1,0,Cameras & Photography,0.0,7.527385082183685,0,0,1,4.8283137373023015
4.1,0,1,0,0,0.0,0,0,0,0,1,0,Mobile Cell Phones & Smartphones,5.303304908059076,3.931629535067065,0,0,1,7.047517221357296
4.5,0,1,0,0,0.0,0,0,0,0,1,0,TV & Video Displays,4.61512051684126,4.606868742623673,0,0,1,5.84354441703136
4.6,0,1,0,0,0.0,0,0,0,0,1,0,Cameras & Photography,3.9318256327243257,6.683360945766275,0,0,1,6.056784013228625
4.7,0,0,0,0,0.0,0,0,0,0,1,0,"Audio, Sound & Recording Gear",4.61512051684126,5.136327708726,0,0,1,6.22455842927536
3.7,0,1,0,0,0.25,0,0,0,0,1,0,PC Components,4.61512051684126,5.484755438853831,0,0,1,2.833213344056216
4.2,0,1,0,0,0.14,0,0,0,0,1,0,TV & Video Displays,4.61512051684126,4.262539022051294,0,1,0,3.9889840465642745
4.4,0,1,0,0,0.0,0,0,0,0,1,0,"Office Supplies, Ink & Toner",3.9318256327243257,4.736110725248687,0,0,1,2.772588722239781
4.4,0,1,0,0,0.0,0,0,0,0,1,0,Small Gadget Accessories (Cases & Protectors),4.61512051684126,4.110053855927281,0,0,1,4.7535901911063645
4.3,0,1,0,0,0.19,0,0,0,0,1,0,"Office Supplies, Ink & Toner",5.303304908059076,3.9318256327243257,0,0,1,4.02535169073515
4.7,0,1,0,0,0.18,1,0,0,0,0,0,"Chargers, Adapters & Cables",5.707110264748875,3.1780538303479458,0,0,1,7.213031659834869
4.1,0,0,0,0,0.0,0,0,0,0,1,0,Tablets & E-readers (DEVICES ONLY),4.61512051684126,4.700480365792417,0,0,1,6.380122536899765
4.7,0,1,0,0,0.0,0,0,0,0,1,0,"Office Supplies, Ink & Toner",4.61512051684126,3.953740598780015,0,0,1,6.415096959171596
4.6,0,1,0,0,0.0,0,0,0,0,1,0,TV & Video Displays,5.303304908059076,3.736478432913216,0,1,0,7.6511201757027
0.0,0,1,0,0,0.32,0,0,0,0,1,0,Computer Peripherals,3.9318256327243257,5.525413097700675,0,0,1,0.0
4.7,0,1,0,0,0.0,0,0,0,0,1,0,Computer Peripherals,5.303304908059076,3.708436953329467,0,0,1,5.883322388488279
4.4,0,1,0,0,0.0,0,0,0,0,1,0,PC Components,3.9318256327243257,5.19844178112078,0,0,1,7.787382026484701
4.6,0,1,0,0,0.54,0,0,0,0,1,0,Small Gadget Accessories (Cases & Protectors),4.61512051684126,4.605170185988092,0,0,1,6.293419278846481
4.4,0,1,0,0,0.08,0,0,0,0,1,0,Computer Peripherals,4.61512051684126,3.622739651609391,0,0,1,6.539585955617669
4.3,0,1,0,0,0.25,0,0,0,0,1,0,PC Components,5.707110264748875,3.0440461338325417,0,1,0,6.71901315438526
3.9,0,1,0,0,0.05,0,0,0,0,1,0,Small Gadget Accessories (Cases & Protectors),5.303304908059076,3.7133281345162463,0,0,1,5.068904202220232
4.1,0,1,0,0,0.0,0,0,0,0,1,0,Tablets & E-readers (DEVICES ONLY),5.707110264748875,3.4339872044851463,0,1,0,4.158883083359672
4.5,0,1,0,0,0.11,0,0,0,0,1,0,"Office Supplies, Ink & Toner",3.9318256327243257,5.19844178112078,0,0,1,7.0967213784947605
3.8,0,1,0,0,0.0,0,0,0,0,1,0,"Audio, Sound & Recording Gear",4.61512051684126,4.262539022051294,0,0,1,3.1780538303479458
4.3,0,1,0,0,0.0,0,0,0,0,1,0,TV & Video Displays,4.61512051684126,4.262539022051294,0,1,0,6.725033642166843
4.5,0,1,0,0,0.0,0,0,0,0,1,0,PC Components,5.993961427306569,2.39698576841553,0,1,0,8.142063283104147
4.5,0,1,0,0,0.0,0,0,0,0,1,0,Laptops,5.707110264748875,2.790551422613954,0,1,0,8.589885876809678
4.2,0,0,0,0,0.0,0,0,0,0,1,0,TV & Video Displays,3.9318256327243257,6.478156277171131,0,0,1,5.777652323222656
4.6,0,0,0,0,0.0,0,0,0,0,1,0,Computer Peripherals,3.9318256327243257,4.6443908991413725,0,0,1,6.156978985585555
4.6,0,1,0,0,0.0,0,0,0,0,1,0,Wearables,3.9318256327243257,6.2760229961236575,1,0,0,8.463159302923751
4.6,0,1,0,0,0.1,0,0,0,0,1,0,"Chargers, Adapters & Cables",5.707110264748875,3.238286218388024,0,0,1,6.981934677156389
4.2,0,1,0,0,0.09,0,0,0,0,1,0,Power & Batteries,3.9318256327243257,6.309918278226516,1,0,0,1.9459101490553128
4.3,0,1,0,0,0.0,0,0,0,0,1,0,Wearables,4.61512051684126,4.510309904964132,0,0,1,7.802618063442671
4.6,0,1,0,0,0.43,0,0,0,0,1,0,Small Gadget Accessories (Cases & Protectors),5.303304908059076,3.582129084167056,0,0,1,4.553876891600541
4.8,0,1,1,0,0.0,0,0,0,0,1,0,"Office Supplies, Ink & Toner",4.61512051684126,4.406597288608086,0,0,1,3.8918202981106265
4.6,0,1,0,0,0.19,0,0,0,0,1,0,Cameras & Photography,0.0,8.594154232552366,1,0,0,4.127134385045092
4.6,0,1,0,0,0.0,0,0,0,0,1,0,Computer Peripherals,4.61512051684126,4.248495242049359,0,0,1,6.997595982981927
4.6,0,1,0,0,0.1,0,0,0,0,1,0,"Audio, Sound & Recording Gear",5.707110264748875,3.0440461338325417,0,1,0,2.995732273553991
4.7,0,0,0,0,0.0,0,0,0,0,1,0,PC Components,4.61512051684126,4.343675543289958,0,1,0,7.8050670442584895
4.6,0,1,0,0,0.0,0,0,0,0,1,0,"Audio, Sound & Recording Gear",4.61512051684126,4.085976312551584,0,0,1,7.057036981697891
4.8,0,1,0,0,0.0,0,0,0,0,1,0,Networking,4.61512051684126,4.759435144999521,0,0,1,4.356708826689592
4.4,0,1,0,0,0.3,0,0,0,0,1,0,Storage & Memory Cards,4.61512051684126,4.6150215020384655,0,0,1,5.3471075307174685
4.2,0,1,0,0,0.31,0,0,0,0,1,0,Networking,4.61512051684126,5.673288902319859,0,0,1,3.295836866004329
4.8,0,1,0,0,0.0,0,0,0,0,1,0,Small Gadget Accessories (Cases & Protectors),5.303304908059076,3.258096538021482,0,0,1,5.921578419643816
4.5,0,1,0,0,0.0,0,0,0,0,1,0,Power & Batteries,6.2166061010848646,1.7833912195575383,0,1,0,5.545177444479562
4.5,0,0,0,0,0.0,0,0,0,0,1,0,Other Electronics,3.9318256327243257,5.525413097700675,0,0,1,4.0943445622221
4.4,0,0,0,0,0.0,0,0,0,0,1,0,PC Components,0.0,6.607987129928372,1,0,0,4.736198448394496
4.4,0,1,0,1,0.0,0,0,0,0,1,0,"Chargers, Adapters & Cables",5.303304908059076,3.783734985126615,0,0,1,4.61512051684126
4.5,0,0,0,0,0.0,0,0,0,0,1,0,Computer Peripherals,3.9318256327243257,5.141605075260502,0,0,1,6.692083742506628
4.4,0,1,1,0,0.0,0,0,0,0,1,0,Smart Home & Security,4.61512051684126,3.931629535067065,0,0,1,5.176149732573829
4.6,0,1,0,0,0.27,0,0,0,0,1,0,"Office Supplies, Ink & Toner",5.303304908059076,3.4008639927609177,0,1,0,8.049107721326406
4.6,0,1,0,0,0.0,0,0,0,0,1,0,Storage & Memory Cards,3.9318256327243257,3.988798844230196,0,0,1,7.1770187659099
4.6,0,0,0,0,0.0,0,0,0,0,1,0,Cameras & Photography,0.0,6.857503547242996,0,0,1,4.442651256490317
4.1,0,0,0,0,0.0,0,0,0,0,1,0,TV & Video Displays,3.9318256327243257,6.746294612855512,0,0,1,4.59511985013459
4.1,0,0,0,0,0.0,0,0,0,0,1,0,Cameras & Photography,0.0,7.6260583794232,1,0,0,2.70805020110221
4.4,0,1,0,0,0.0,0,0,0,0,1,0,Laptops,5.707110264748875,2.995232148512309,0,1,0,7.170119543449628
4.1,0,1,0,0,0.0,0,0,0,0,1,0,TV & Video Displays,5.303304908059076,3.3857452771032337,0,1,0,5.5053315359323625
4.5,0,1,0,0,0.0,0,0,0,0,1,0,"Audio, Sound & Recording Gear",0.0,6.396929655216146,1,0,0,5.755742213586912
4.4,0,0,0,0,0.08,0,0,0,0,1,0,Laptops,0.0,6.824373670043086,0,0,1,3.332204510175204
4.4,0,1,0,0,0.25,0,0,0,0,1,0,Computer Peripherals,5.303304908059076,3.7133281345162463,0,0,1,6.767343125265392
4.1,0,1,0,0,0.07,0,0,0,0,1,0,Laptops,0.0,6.956545443151569,0,0,1,3.295836866004329
4.6,0,1,0,0,0.0,0,0,0,0,1,0,Computer Peripherals,4.61512051684126,4.499809670330265,0,0,1,5.220355825078324
4.3,0,1,0,0,0.0,0,0,0,0,1,0,PC Components,4.61512051684126,5.19844178112078,0,0,1,3.4657359027997265
4.4,0,0,0,0,0.0,0,0,0,0,1,0,Other Electronics,0.0,6.396929655216146,1,0,0,5.365976015021851
4.3,0,1,0,1,0.0,0,0,0,0,1,0,Computer Peripherals,3.9318256327243257,5.942668132919018,1,0,0,5.666426688112432
4.4,0,0,0,0,0.0,0,0,0,0,1,0,Computer Peripherals,5.707110264748875,2.9439125248241944,0,1,0,7.04141166379481
4.5,0,1,0,0,0.0,0,0,0,0,1,0,PC Components,4.61512051684126,4.531523645819793,0,1,0,4.927253685157205
3.8,0,0,0,0,0.0,0,0,0,0,1,0,"Office Supplies, Ink & Toner",3.9318256327243257,5.5053315359323625,0,0,1,4.07753744390572
4.7,0,0,0,0,0.0,0,0,0,0,1,0,Power & Batteries,4.61512051684126,4.362843815257108,0,0,1,9.310638093291546
4.7,0,0,0,0,0.0,0,0,0,0,1,0,PC Components,3.9318256327243257,5.104793295246089,0,0,1,5.087596335232384
4.4,0,1,0,0,0.0,0,0,0,0,1,0,Small Gadget Accessories (Cases & Protectors),6.2166061010848646,2.34660197841082,0,1,0,5.942799375126701
4.3,0,0,1,0,0.0,0,0,0,0,1,0,Smart Home & Security,3.9318256327243257,5.707077041605631,0,0,1,8.218247926685745
4.2,0,1,0,0,0.0,0,0,0,0,1,0,Other Electronics,6.2166061010848646,2.178155014615869,0,1,0,5.749392985908253
4.1,0,1,0,0,0.0,0,0,0,0,1,0,Wearables,5.303304908059076,3.7133281345162463,0,1,0,6.175867270105761
3.9,0,0,1,0,0.0,0,0,0,0,1,0,TV & Video Displays,0.0,7.261892004367864,1,0,0,5.298317366548036
5.0,0,0,0,0,0.0,0,0,0,0,1,0,Laptops,0.0,7.549609165154532,1,0,0,0.6931471805599453
4.2,0,1,0,0,0.0,0,0,0,0,1,0,"Audio, Sound & Recording Gear",4.61512051684126,3.931629535067065,0,1,0,6.38856140554563
4.3,0,0,1,0,0.0,0,0,0,0,1,0,Computer Peripherals,3.9318256327243257,4.219360635538369,0,0,1,5.278114659230517
4.4,0,1,0,0,0.0,0,0,0,0,1,0,Computer Peripherals,5.303304908059076,3.849934813114724,0,0,1,6.26530121273771
5.0,0,0,0,0,0.0,0,0,0,0,1,0,"Audio, Sound & Recording Gear",3.9318256327243257,5.23207072072911,0,0,1,1.791759469228055
4.3,0,0,0,0,0.0,0,0,0,0,1,0,Cameras & Photography,4.61512051684126,4.867534450455582,0,0,1,4.787491742782046
4.0,0,0,0,0,0.59,0,0,0,0,1,0,"Office Supplies, Ink & Toner",4.61512051684126,5.91350300563827,1,0,0,5.153291594497779
4.0,0,0,0,0,0.0,0,0,0,0,1,0,Storage & Memory Cards,0.0,6.565264970035361,1,0,0,5.389071729816501
4.2,0,1,0,0,0.0,0,0,0,0,1,0,"Audio, Sound & Recording Gear",5.303304908059076,3.58324112209094,0,1,0,7.424165281042028
4.6,0,1,0,0,0.0,0,0,0,0,1,0,"Chargers, Adapters & Cables",5.993961427306569,1.979621206397625,0,1,0,7.32052696227274
4.4,0,1,0,0,0.0,0,0,0,0,1,0,"Audio, Sound & Recording Gear",4.61512051684126,4.700480365792417,0,0,1,6.656726524178391
5.0,0,0,0,0,0.0,0,0,0,0,1,0,Cameras & Photography,0.0,8.070593539949519,1,0,0,1.791759469228055
3.7,0,1,0,0,0.0,0,0,0,0,1,0,Computer Peripherals,3.9318256327243257,5.707077041605631,0,0,1,4.7535901911063645
4.4,0,1,0,0,0.81,0,0,0,0,1,0,Wearables,5.303304908059076,5.141605075260502,0,0,1,3.218875824868201
4.6,0,1,0,0,0.0,0,0,0,0,1,0,Cameras & Photography,0.0,7.1693500166706,0,0,1,3.58351893845611
4.7,0,1,0,0,0.47,0,0,0,0,1,0,"Office Supplies, Ink & Toner",4.61512051684126,4.334672938290411,0,0,1,5.521460917862246
4.5,0,1,0,0,0.0,0,0,0,0,1,0,"Audio, Sound & Recording Gear",3.9318256327243257,4.262539022051294,0,0,1,9.165447603085449
4.2,0,1,0,0,0.0,0,0,0,0,1,0,Networking,3.9318256327243257,6.216506295705272,1,0,0,7.134890851565884
4.8,0,1,0,0,0.0,0,0,0,0,1,0,Small Gadget Accessories (Cases & Protectors),6.2166061010848646,2.0706530356467567,0,1,0,8.114324709155339
4.5,0,1,0,0,0.44,0,0,0,0,1,0,Small Gadget Accessories (Cases & Protectors),5.707110264748875,3.432372999130605,0,0,1,4.672828834461906
4.2,0,0,0,0,0.0,0,0,0,0,1,0,"Chargers, Adapters & Cables",0.0,5.99393648933976,1,0,0,4.605170185988092
4.6,0,0,0,0,0.0,0,0,0,0,1,0,Other Electronics,3.9318256327243257,5.199215005504826,0,0,1,7.302496423727326
4.7,0,1,0,0,0.31,0,0,0,0,1,0,"Office Supplies, Ink & Toner",5.707110264748875,3.028683373693677,0,1,0,7.249215057114389
4.3,0,0,0,0,0.09,0,0,0,0,1,0,TV & Video Displays,3.9318256327243257,6.154836862368523,0,0,1,3.332204510175204
4.3,0,1,0,0,0.0,0,0,0,0,1,0,Computer Peripherals,4.61512051684126,5.147436335588401,0,0,1,6.612041034833092
4.6,0,1,0,0,0.13,0,0,0,0,1,0,Small Gadget Accessories (Cases & Protectors),5.303304908059076,3.693369359386789,0,0,1,3.5263605246161616
4.5,0,1,0,0,0.0,0,0,0,0,1,0,"Audio, Sound & Recording Gear",5.993961427306569,2.3933394562625097,0,1,0,9.295875660082446
3.9,0,1,0,0,0.08,0,0,0,0,1,0,Computer Peripherals,3.9318256327243257,4.61512051684126,0,0,1,5.996452088619021
4.5,0,1,1,0,0.33,0,0,0,0,1,0,"Office Supplies, Ink & Toner",5.303304908059076,3.331847303527362,0,1,0,6.71295620067707
4.8,0,0,0,0,0.0,0,0,0,0,1,0,Cameras & Photography,4.61512051684126,4.268717949166882,0,1,0,7.44716835960004
4.5,0,0,0,0,0.0,0,0,0,0,1,0,Video Game Consoles & Virtual Reality,3.9318256327243257,5.707077041605631,0,0,1,6.2878585601617845
4.2,0,1,1,1,0.0,0,0,0,0,1,0,Wearables,5.303304908059076,4.110709916308365,0,0,1,5.6240175061873385
4.7,0,1,0,0,0.0,0,0,0,0,1,0,Small Gadget Accessories (Cases & Protectors),5.303304908059076,2.8898160479624417,0,1,0,7.4377951216719325
4.1,0,1,0,0,0.21,0,0,0,0,1,0,Other Electronics,5.707110264748875,3.0440461338325417,0,1,0,6.96979066990159
3.6,0,1,0,0,0.0,0,0,0,0,1,0,"Audio, Sound & Recording Gear",4.61512051684126,4.18950321539533,0,0,1,7.193685818395112
4.7,0,1,0,0,0.06,0,0,0,0,1,0,Storage & Memory Cards,6.2166061010848646,2.454447442303292,0,1,0,6.590301048196686
4.7,0,1,0,0,0.0,0,0,0,0,1,0,PC Components,4.61512051684126,4.584865432647727,0,0,1,7.194436851100335
4.4,0,1,0,0,0.0,0,0,0,0,1,0,"Office Supplies, Ink & Toner",3.9318256327243257,5.860786223465865,1,0,0,4.30406509320417
4.1,0,1,0,0,0.0,0,0,0,0,1,0,TV & Video Displays,5.707110264748875,2.867330558749466,0,1,0,5.697093486505405
0.0,0,1,0,0,0.0,0,0,0,0,1,0,TV & Video Displays,0.0,7.10052209363763,1,0,0,0.0
4.4,0,1,1,0,0.0,0,0,0,0,1,0,PC Components,6.2166061010848646,2.19722457733622,0,1,0,6.848005274576363
4.7,0,1,0,0,0.0,0,0,0,0,1,0,Laptops,3.9318256327243257,5.560681631015528,0,0,1,9.244065241377804
4.6,0,1,0,0,0.0,0,0,0,0,1,0,Smart Home & Security,5.303304908059076,3.3311325072138684,0,1,0,7.87587915949631
5.0,0,0,0,0,0.0,0,0,0,0,1,0,Networking,3.9318256327243257,5.670570340450087,0,0,1,0.6931471805599453
4.2,0,1,0,0,0.0,0,0,0,0,1,0,Mobile Cell Phones & Smartphones,4.61512051684126,4.406719247264253,0,0,1,4.127134385045092
4.1,0,1,0,0,0.0,0,0,0,0,1,0,"Audio, Sound & Recording Gear",4.61512051684126,5.129602813160299,0,0,1,6.858565034791365
4.6,0,1,0,0,0.0,0,0,0,0,1,0,"Office Supplies, Ink & Toner",4.61512051684126,4.430697744137536,0,0,1,5.796057750765372
4.5,0,1,0,0,0.19,0,0,0,0,1,0,Cameras & Photography,3.9318256327243257,6.685848462595922,0,0,1,7.604396348796338
4.6,0,0,0,0,0.13,0,0,0,0,1,0,"Audio, Sound & Recording Gear",6.2166061010848646,2.196112848483529,0,1,0,9.977063240194449
4.6,0,1,0,0,0.0,0,0,0,0,1,0,"Audio, Sound & Recording Gear",4.61512051684126,3.828206519335036,0,1,0,4.7535901911063645
4.4,0,1,0,0,0.29,0,0,0,0,1,0,"Audio, Sound & Recording Gear",3.9318256327243257,5.860757733031528,0,0,1,5.811140992976701
4.5,0,0,0,0,0.11,0,0,0,0,1,0,PC Components,4.61512051684126,5.016948656152848,0,0,1,5.159055299214529
4.7,0,1,0,0,0.14,0,0,0,0,1,0,Small Gadget Accessories (Cases & Protectors),4.61512051684126,3.610647605844363,0,0,1,7.44716835960004
4.4,0,1,0,0,0.0,0,0,0,0,1,0,Small Gadget Accessories (Cases & Protectors),5.993961427306569,3.0440461338325417,0,1,0,5.579729825986222
4.1,0,1,0,0,0.32,0,0,0,0,1,0,Mobile Cell Phones & Smartphones,4.61512051684126,5.081093757744817,0,0,1,2.4849066497880004
4.4,0,1,0,0,0.11,0,0,0,0,1,0,Wearables,4.61512051684126,4.025173103360802,0,0,1,2.079441541679836
4.8,0,1,0,0,0.29,0,0,0,0,1,0,"Chargers, Adapters & Cables",4.61512051684126,4.262539022051294,0,0,1,4.276666119016055
4.3,0,1,0,0,0.0,0,0,0,0,1,0,Small Gadget Accessories (Cases & Protectors),5.303304908059076,3.5550623063795967,0,0,1,5.37989735354046
4.4,0,0,0,0,0.0,0,0,0,0,1,0,TV & Video Displays,0.0,8.006367567650246,1,0,0,2.079441541679836
4.5,0,0,0,0,0.0,0,0,0,0,1,0,PC Components,3.9318256327243257,4.774490930604794,0,0,1,7.213031659834869
4.4,0,0,0,0,0.0,0,0,0,0,1,0,Networking,3.9318256327243257,5.525413097700675,0,0,1,2.995732273553991
4.6,0,0,1,0,0.0,0,0,0,0,1,0,Computer Peripherals,5.707110264748875,3.218475744846861,0,1,0,7.1929342212158
4.3,0,0,0,0,0.0,0,0,0,0,1,0,TV & Video Displays,4.61512051684126,3.794364961959914,0,1,0,7.030857476116121
4.6,0,1,0,0,0.0,0,0,0,0,1,0,Small Gadget Accessories (Cases & Protectors),5.993961427306569,2.39698576841553,0,1,0,5.3230099791384085
4.6,0,1,0,0,0.0,0,0,0,0,1,0,Other Electronics,6.2166061010848646,1.9050881545350584,0,1,0,7.270312886079025
4.5,0,0,0,0,0.0,0,0,0,0,1,0,PC Components,3.9318256327243257,4.491665485191271,0,1,0,5.54907608489522
4.5,0,1,0,0,0.0,0,0,0,0,1,0,PC Components,3.9318256327243257,5.075173815233827,0,0,1,4.852030263919617
4.4,0,1,0,0,0.0,0,0,0,0,1,0,"Audio, Sound & Recording Gear",4.61512051684126,4.393831680123644,0,0,1,6.934397209928558
4.3,0,1,0,0,0.0,0,0,0,0,1,0,Wearables,4.61512051684126,3.931629535067065,0,0,1,4.219507705176107
4.6,0,0,0,0,0.0,0,0,0,0,1,0,Wearables,3.9318256327243257,5.241217774507464,0,0,1,7.830822995135316
4.2,0,1,1,0,0.0,0,0,0,0,1,0,Smart Home & Security,3.9318256327243257,5.298317366548036,0,0,1,6.906754778648554
4.3,0,1,0,0,0.0,0,0,0,0,1,0,Laptops,4.61512051684126,4.927181218763463,0,1,0,8.399535147948004
4.6,0,1,0,0,0.0,0,0,0,0,1,0,"Office Supplies, Ink & Toner",4.61512051684126,4.337160013333775,0,0,1,6.161207321695077
4.2,0,0,0,0,0.0,0,0,0,0,1,0,Computer Peripherals,3.9318256327243257,4.499809670330265,0,0,1,5.075173815233827
4.4,0,0,0,0,0.0,0,0,0,0,1,0,PC Components,0.0,7.005090679369415,1,0,0,5.480638923341991
3.4,0,1,0,0,0.17,0,0,0,0,1,0,Computer Peripherals,5.303304908059076,3.218475744846861,0,1,0,5.318119993844216
4.5,0,0,0,0,0.0,0,0,0,0,1,0,PC Components,4.61512051684126,4.476768471183568,0,1,0,9.013595294516504
4.8,0,1,0,0,0.0,0,0,0,0,1,0,Storage & Memory Cards,5.303304908059076,3.331847303527362,0,0,1,3.8501476017100575
3.6,0,1,0,0,0.75,0,0,0,0,1,0,Small Gadget Accessories (Cases & Protectors),5.993961427306569,4.110053855927281,0,0,1,5.5053315359323625
4.5,0,0,0,0,0.0,0,0,0,0,1,0,"Office Supplies, Ink & Toner",4.61512051684126,4.304470416455007,0,0,1,6.059123195581797
4.0,0,1,0,0,0.0,0,0,0,0,1,0,Computer Peripherals,3.9318256327243257,5.638319081511895,0,0,1,7.589841512182657
4.2,0,0,0,0,0.0,0,0,0,0,1,0,Printers & Scanners (Hardware),4.61512051684126,5.30325515557766,0,0,1,5.278114659230517
4.5,0,0,0,0,0.0,0,0,0,0,1,0,"Audio, Sound & Recording Gear",4.61512051684126,4.795790545596741,0,0,1,7.633369649679584
4.7,0,1,0,0,0.0,0,0,0,0,1,0,TV & Video Displays,3.9318256327243257,4.6150215020384655,0,0,1,7.138866999945524
4.0,0,1,1,0,0.0,0,0,0,0,1,0,"Audio, Sound & Recording Gear",5.303304908059076,3.433664571799657,0,1,0,8.239329427901795
5.0,0,0,0,0,0.0,0,0,0,0,1,0,Storage & Memory Cards,0.0,6.679837850828966,1,0,0,0.6931471805599453
4.2,0,1,0,0,0.0,0,0,0,0,1,0,"Audio, Sound & Recording Gear",3.9318256327243257,4.874815570953721,0,0,1,6.359573868672378
4.7,0,1,0,0,0.22,0,0,0,0,1,0,Cameras & Photography,5.707110264748875,2.9439125248241944,0,1,0,8.831419819090131
4.1,0,1,0,0,0.22,0,0,0,0,1,0,Laptops,0.0,7.741094744089373,1,0,0,2.4849066497880004
3.9,0,0,0,0,0.0,0,0,0,0,1,0,Video Game Consoles & Virtual Reality,3.9318256327243257,5.583496308781699,0,0,1,5.5909869805108565
4.0,0,1,0,0,0.0,0,0,0,0,1,0,Wearables,4.61512051684126,4.948050418904635,0,0,1,8.10349427838097
4.2,0,0,0,0,0.0,0,0,0,0,1,0,Mobile Cell Phones & Smartphones,3.9318256327243257,4.874815570953721,0,0,1,6.194405391104672
4.4,0,1,0,0,0.0,0,0,0,0,1,0,Cameras & Photography,3.9318256327243257,6.051806776114144,0,0,1,5.627621113690637
4.2,0,1,0,0,0.0,0,0,0,0,1,0,"Audio, Sound & Recording Gear",5.303304908059076,3.1350593387750902,0,1,0,5.123963979403259
4.5,0,1,0,0,0.0,0,0,0,0,1,0,"Chargers, Adapters & Cables",6.2166061010848646,2.152924318439639,0,1,0,8.616676469901188
4.6,0,0,0,0,0.0,0,0,0,0,1,0,Computer Peripherals,5.707110264748875,3.34533224882076,0,1,0,5.407171771460119
4.1,0,1,1,0,0.52,0,0,0,0,1,0,Small Gadget Accessories (Cases & Protectors),5.993961427306569,3.432372999130605,0,0,1,5.739792912179234
4.5,0,0,0,0,0.0,0,0,0,0,1,0,Smart Home & Security,3.9318256327243257,5.831853151340319,0,0,1,2.079441541679836
4.4,0,0,0,0,0.05,0,0,0,0,1,0,"Audio, Sound & Recording Gear",5.707110264748875,2.7239235502585,0,1,0,5.111987788356544
4.9,0,0,0,0,0.0,0,0,0,0,1,0,Power & Batteries,3.9318256327243257,4.6150215020384655,1,0,0,3.737669618283368
4.4,0,1,0,0,0.29,0,0,0,0,1,0,TV & Video Displays,3.9318256327243257,5.420490750505713,0,0,1,6.903747257584598
4.0,0,1,1,0,0.0,0,0,0,0,1,0,Small Gadget Accessories (Cases & Protectors),5.303304908059076,4.024458434757935,0,0,1,7.538494999413465
4.6,0,0,0,0,0.0,0,0,0,0,1,0,Power & Batteries,6.2166061010848646,1.944480556245719,0,1,0,7.845416036592485
4.6,0,0,0,0,0.0,0,0,0,0,1,0,Small Gadget Accessories (Cases & Protectors),5.303304908059076,2.6390573296152584,0,1,0,3.7612001156935615
4.6,0,1,1,0,0.0,0,0,0,0,1,0,Computer Peripherals,4.61512051684126,4.060270581888349,0,0,1,8.954156966583772
3.8,0,1,0,0,0.0,0,0,0,0,1,0,Other Electronics,6.2166061010848646,2.19722457733622,0,1,0,6.478509642208569
4.1,0,0,0,0,0.0,0,0,0,0,1,0,Computer Peripherals,5.303304908059076,3.4008639927609177,0,1,0,5.780743515792329
4.4,0,0,0,0,0.16,0,0,0,0,1,0,TV & Video Displays,4.61512051684126,4.77912349311153,0,0,1,4.48863636973214
4.1,0,0,1,0,0.0,0,0,0,0,1,0,Computer Peripherals,4.61512051684126,3.433664571799657,0,1,0,6.063785208687608
4.6,0,1,0,0,0.0,0,0,0,0,1,0,"Chargers, Adapters & Cables",5.993961427306569,2.2321626286975,0,1,0,6.922643891475888
4.7,0,0,0,0,0.0,0,0,0,0,1,0,Computer Peripherals,4.61512051684126,4.663439094112067,0,0,1,5.541263545158426
4.5,0,0,0,0,0.0,0,0,0,0,1,0,PC Components,4.61512051684126,4.6150215020384655,0,0,1,4.30406509320417
4.4,0,1,0,0,0.2,0,0,0,0,1,0,Small Gadget Accessories (Cases & Protectors),5.303304908059076,3.931629535067065,0,0,1,4.262679877041316
4.3,0,0,0,0,0.0,0,0,0,0,1,0,Laptops,0.0,5.860786223465865,0,0,1,4.927253685157205
4.3,0,1,0,0,0.0,0,0,0,0,1,0,Laptops,3.9318256327243257,5.252221070655064,0,0,1,2.772588722239781
4.2,0,1,0,0,0.0,0,0,0,0,1,0,Small Gadget Accessories (Cases & Protectors),5.303304908059076,3.7133281345162463,0,0,1,6.853299093186078
4.1,0,1,0,0,0.23,0,0,0,0,1,0,"Audio, Sound & Recording Gear",4.61512051684126,4.983538126211888,0,0,1,7.981733286691885
4.7,0,1,0,0,0.2,0,0,0,0,1,0,Storage & Memory Cards,6.2166061010848646,2.39698576841553,0,1,0,9.583557732534226
4.5,0,1,0,0,0.3,0,0,0,0,1,0,Wearables,4.61512051684126,5.3518107389880365,0,0,1,1.791759469228055
4.4,0,1,0,0,0.33,0,0,0,0,1,0,Small Gadget Accessories (Cases & Protectors),4.61512051684126,4.262539022051294,0,0,1,6.56244409369372
4.5,0,1,0,1,0.17,0,0,0,0,1,0,"Chargers, Adapters & Cables",5.303304908059076,4.110709916308365,0,0,1,7.108244139731541
4.7,0,0,0,0,0.0,0,0,0,0,1,0,Video Game Consoles & Virtual Reality,0.0,4.110053855927281,0,1,0,8.30622521603216
4.6,0,1,0,0,0.15,0,0,0,0,1,0,Small Gadget Accessories (Cases & Protectors),4.61512051684126,4.703566507844284,0,0,1,7.611347717403621
4.9,0,1,0,0,0.05,0,0,0,0,1,0,Printers & Scanners (Hardware),3.9318256327243257,6.3647335449998295,0,0,1,3.1354942159291497
4.8,0,0,0,0,0.0,0,0,0,0,1,0,PC Components,0.0,6.359573868672378,0,0,1,4.7535901911063645
4.4,0,1,0,0,0.0,0,0,0,0,1,0,"Audio, Sound & Recording Gear",5.303304908059076,3.610647605844363,0,1,0,7.639642287858013
5.0,0,0,0,0,0.0,0,0,0,0,1,0,Wearables,3.9318256327243257,6.118075171367044,1,0,0,0.6931471805599453
4.7,0,1,0,0,0.29,0,0,0,0,1,0,Storage & Memory Cards,4.61512051684126,5.30325515557766,0,0,1,4.158883083359672
4.6,0,1,0,0,0.08,0,0,0,0,1,0,Small Gadget Accessories (Cases & Protectors),5.303304908059076,3.931629535067065,0,0,1,4.262679877041316
4.9,0,1,0,0,0.0,0,0,0,0,1,0,Cameras & Photography,0.0,6.551080335043404,0,0,1,2.70805020110221
4.6,0,1,0,0,0.0,0,0,0,0,1,0,Power & Batteries,5.303304908059076,3.5100517865742376,0,0,1,7.359467638255621
4.8,0,0,0,0,0.0,0,0,0,0,1,0,"Audio, Sound & Recording Gear",3.9318256327243257,5.993836731253038,0,0,1,1.9459101490553128
4.2,0,0,0,0,0.0,0,0,0,0,1,0,Mobile Cell Phones & Smartphones,4.61512051684126,4.185555442275485,0,0,1,6.251903883165888
4.2,0,1,0,0,0.21,0,0,0,0,1,0,Wearables,3.9318256327243257,5.016948656152848,0,0,1,10.32137518064285
4.8,0,1,0,0,0.08,0,0,0,0,1,0,Storage & Memory Cards,3.9318256327243257,4.795707897553386,0,0,1,9.93991590914968
4.2,0,0,0,0,0.16,0,0,0,0,1,0,Video Game Consoles & Virtual Reality,5.303304908059076,3.7123518102990793,0,1,0,6.86484777797086
4.6,0,0,0,0,0.0,0,0,0,0,1,0,TV & Video Displays,3.9318256327243257,4.605170185988092,0,0,1,7.733245646529795
4.2,0,0,0,0,0.0,0,0,0,0,1,0,Cameras & Photography,3.9318256327243257,5.187385805840755,0,0,1,7.461065514354283
4.2,0,1,0,1,0.0,0,0,0,0,1,0,Mobile Cell Phones & Smartphones,3.9318256327243257,5.525253716100942,0,0,1,6.238324625039508
4.7,0,0,0,0,0.0,0,0,0,0,1,0,Cameras & Photography,3.9318256327243257,5.598421958998375,0,0,1,3.218875824868201
4.1,0,1,1,0,0.05,0,0,0,0,1,0,Printers & Scanners (Hardware),4.61512051684126,5.752540892289972,0,0,1,7.834392302910435
5.0,0,0,0,0,0.0,0,0,0,0,1,0,"Office Supplies, Ink & Toner",0.0,5.398117451625214,0,0,1,0.6931471805599453
4.1,0,1,1,0,0.0,0,0,0,0,1,0,Mobile Cell Phones & Smartphones,4.61512051684126,3.9308447596687337,0,0,1,6.113682179832232
4.5,0,0,0,0,0.38,0,0,0,0,1,0,Small Gadget Accessories (Cases & Protectors),5.707110264748875,3.0440461338325417,0,1,0,6.953684210870537
4.6,0,1,0,0,0.21,0,0,0,0,1,0,Laptops,4.61512051684126,4.110709916308365,0,1,0,8.305236829492593
4.7,0,0,0,0,0.0,0,0,0,0,1,0,Cameras & Photography,4.61512051684126,4.614129927359564,0,0,1,4.700480365792417
4.3,0,0,0,0,0.0,0,0,0,0,1,0,"Audio, Sound & Recording Gear",5.303304908059076,3.2577118486533987,0,1,0,7.987864096085687
3.9,0,1,0,0,0.2,0,0,0,0,1,0,Computer Peripherals,3.9318256327243257,5.017213609456379,0,0,1,6.444131256700441
4.6,0,1,0,0,0.0,0,0,0,0,1,0,Power & Batteries,5.707110264748875,3.295466427029913,0,0,1,6.371611847231857
4.4,0,1,0,0,0.0,0,0,0,0,1,0,Wearables,4.61512051684126,4.058026299547989,0,0,1,10.352490962658775
3.3,0,1,0,0,0.0,0,0,0,0,1,0,TV & Video Displays,0.0,6.398578295461671,0,0,1,3.7612001156935615
4.1,0,0,0,0,0.6,0,0,0,0,1,0,Networking,5.303304908059076,4.605070180987758,0,0,1,5.942799375126701
4.8,0,1,0,0,0.0,0,0,0,0,1,0,"Office Supplies, Ink & Toner",5.707110264748875,2.63834278867739,0,1,0,9.46591239050973
4.5,0,1,0,0,0.0,0,0,0,0,1,0,"Audio, Sound & Recording Gear",4.61512051684126,5.075173815233827,0,0,1,5.081404364984463
3.9,0,0,0,0,0.0,0,0,0,0,1,0,Cameras & Photography,3.9318256327243257,5.095466518501589,0,0,1,3.1780538303479458
5.0,0,1,0,0,0.0,0,0,0,0,1,0,TV & Video Displays,3.9318256327243257,6.5367060902399095,0,0,1,1.3862943611198906
4.3,0,1,0,0,0.06,0,0,0,0,1,0,"Audio, Sound & Recording Gear",3.9318256327243257,5.19844178112078,0,0,1,3.332204510175204
4.0,0,0,0,0,0.0,0,0,0,0,1,0,Laptops,4.61512051684126,5.828945617610208,0,0,1,7.171656822768514
4.4,0,1,1,0,0.22,0,0,0,0,1,0,"Office Supplies, Ink & Toner",5.303304908059076,3.8709926558701535,0,0,1,6.852242569051878
5.0,0,1,0,0,0.0,0,0,0,0,1,0,"Office Supplies, Ink & Toner",3.9318256327243257,6.1158700501841885,1,0,0,0.6931471805599453
4.6,0,1,0,0,0.0,0,0,0,0,1,0,Computer Peripherals,5.303304908059076,3.2577118486533987,0,1,0,6.997595982981927
4.4,0,1,0,0,0.0,0,0,0,0,1,0,Wearables,5.303304908059076,3.931629535067065,0,0,1,3.688879454113936
4.4,0,0,0,0,0.0,0,0,0,0,1,0,"Chargers, Adapters & Cables",4.61512051684126,4.848665233550198,1,0,0,3.1780538303479458
4.1,0,0,0,0,0.0,0,0,0,0,1,0,PC Components,3.9318256327243257,5.525413097700675,0,0,1,5.8805329864007
4.4,0,1,0,0,0.4,0,0,0,0,1,0,Computer Peripherals,5.707110264748875,3.2577118486533987,0,1,0,5.429345628954441
4.4,0,0,0,0,0.0,0,0,0,0,1,0,Cameras & Photography,0.0,7.047517221357296,0,0,1,1.9459101490553128
4.5,0,0,0,0,0.0,0,0,0,0,1,0,TV & Video Displays,4.61512051684126,4.3943256902608985,0,0,1,7.498869733976931
4.4,0,0,0,0,0.0,0,0,0,0,1,0,Wearables,0.0,2.5641798306825083,0,1,0,3.6635616461296463
4.3,0,0,0,0,0.0,0,0,0,0,1,0,Small Gadget Accessories (Cases & Protectors),4.61512051684126,4.584967478670572,0,0,1,5.159055299214529
4.5,0,0,0,0,0.0,0,0,0,0,1,0,Smart Home & Security,4.61512051684126,5.293254572205575,0,0,1,6.905753276311464
4.6,0,0,0,0,0.0,0,0,0,0,1,0,Cameras & Photography,4.61512051684126,3.0973859272804907,0,1,0,2.8903717578961645
4.4,0,0,1,0,0.0,0,0,0,0,1,0,Printers & Scanners (Hardware),3.9318256327243257,6.141176820336309,0,0,1,5.0238805208462765
4.7,0,1,0,0,0.0,0,0,0,0,1,0,Laptops,3.9318256327243257,5.081342251254203,0,0,1,7.140453043101158
4.5,0,1,0,0,0.0,0,0,0,0,1,0,"Office Supplies, Ink & Toner",4.61512051684126,3.7727609380946383,0,0,1,5.802118375377063
4.7,0,1,0,0,0.0,0,0,0,0,1,0,"Office Supplies, Ink & Toner",5.707110264748875,2.244955980157409,0,1,0,7.993957547573565
4.6,0,1,0,0,0.0,0,0,0,0,1,0,Networking,3.9318256327243257,4.912581353620868,0,0,1,4.564348191467836
4.5,0,0,0,0,0.0,0,0,0,0,1,0,"Audio, Sound & Recording Gear",4.61512051684126,4.919907930463299,0,0,1,7.2078598714324755
4.5,0,1,0,0,0.0,0,0,0,0,1,0,Laptops,5.303304908059076,3.6373229671995344,0,1,0,7.290974778142981
3.7,0,1,0,0,0.09,0,0,0,0,1,0,PC Components,3.9318256327243257,5.860757733031528,0,0,1,1.6094379124341005
4.7,0,1,0,0,0.0,0,0,0,0,1,0,PC Components,0.0,7.332781155075517,1,0,0,6.297109319933935
4.4,0,0,0,0,0.0,0,0,0,0,1,0,"Office Supplies, Ink & Toner",3.9318256327243257,5.0277545859036445,0,0,1,5.468060141135132
4.3,0,1,1,0,0.13,0,0,0,0,1,0,Small Gadget Accessories (Cases & Protectors),5.707110264748875,2.8326249356838407,0,1,0,8.851663425366777
4.7,0,1,0,0,0.0,0,0,0,0,1,0,Laptops,4.61512051684126,3.175968323856924,0,1,0,4.276666119016055
4.4,0,1,1,0,0.24,0,0,0,0,1,0,"Office Supplies, Ink & Toner",3.9318256327243257,4.204692619390966,0,0,1,7.148345743900068
4.4,0,0,0,0,0.0,0,0,0,0,1,0,Cameras & Photography,3.9318256327243257,5.961005339623274,0,0,1,5.598421958998375
4.6,0,1,0,0,0.0,0,0,0,0,1,0,"Office Supplies, Ink & Toner",5.993961427306569,2.39698576841553,0,1,0,6.694562058521095
4.3,0,1,0,0,0.0,0,0,0,0,1,0,Laptops,0.0,6.684611727667927,0,0,1,4.02535169073515
4.9,0,1,0,0,0.0,0,0,0,0,1,0,Small Gadget Accessories (Cases & Protectors),4.61512051684126,4.110053855927281,0,0,1,5.730099782973574
4.4,0,0,0,0,0.15,0,0,0,0,1,0,Computer Peripherals,4.61512051684126,3.931629535067065,0,0,1,4.61512051684126
4.7,0,1,0,0,0.0,0,0,0,0,1,0,Wearables,5.303304908059076,3.8284239815518326,0,1,0,5.3471075307174685
4.2,0,1,0,0,0.07,0,0,0,0,1,0,Tablets & E-readers (DEVICES ONLY),3.9318256327243257,5.860757733031528,0,0,1,3.951243718581428
4.5,0,0,0,1,0.0,0,0,0,0,1,0,"Audio, Sound & Recording Gear",5.303304908059076,3.4333418349887226,0,1,0,5.44673737166631
4.8,0,1,0,0,0.0,0,0,0,0,1,0,PC Components,5.303304908059076,2.691243082785829,0,1,0,6.3835066348840055
4.1,0,1,0,0,0.0,0,0,0,0,1,0,"Audio, Sound & Recording Gear",4.61512051684126,4.74406218485471,0,0,1,6.974478911025045
4.6,0,1,0,0,0.0,0,0,0,0,1,0,Small Gadget Accessories (Cases & Protectors),5.993961427306569,2.1077860146889784,0,1,0,5.5909869805108565
4.8,0,1,0,0,0.33,0,0,0,0,1,0,Smart Home & Security,4.61512051684126,4.795707897553386,0,0,1,5.75890177387728
4.6,0,1,1,0,0.05,0,0,0,0,1,0,Laptops,5.303304908059076,3.4008639927609177,0,1,0,5.424950017481403
4.7,0,1,0,0,0.09,0,0,0,0,1,0,Wearables,5.303304908059076,3.7133281345162463,0,1,0,6.169610732491456
4.7,0,0,0,0,0.0,0,0,0,0,1,0,Power & Batteries,6.2166061010848646,1.6770965609079151,0,1,0,8.670772279344538
4.3,0,0,0,0,0.12,0,0,0,0,1,0,Computer Peripherals,5.303304908059076,3.5260663637080247,0,1,0,6.16541785423142
4.7,0,0,0,0,0.0,0,0,0,0,1,0,Power & Batteries,5.707110264748875,2.9439125248241944,0,0,1,7.675546002537848
4.8,0,1,0,0,0.0,0,0,0,0,1,0,Cameras & Photography,0.0,6.742821671789409,0,0,1,6.428105272684596
4.3,0,1,0,0,0.0,1,0,0,0,0,0,Cameras & Photography,0.0,6.4457198193855785,0,0,1,5.293304824724492
4.6,0,0,0,0,0.0,0,0,0,0,1,0,Small Gadget Accessories (Cases & Protectors),4.61512051684126,4.208119576480946,0,0,1,4.430816798843313
4.5,0,1,1,0,0.0,0,0,0,0,1,0,TV & Video Displays,3.9318256327243257,6.1092475827643655,0,0,1,6.040254711277414
4.4,0,0,0,0,0.0,0,0,0,0,1,0,Printers & Scanners (Hardware),0.0,5.701045398946315,0,0,1,4.564348191467836
4.7,0,1,0,0,0.05,0,0,0,0,1,0,Storage & Memory Cards,3.9318256327243257,5.398117451625214,0,0,1,5.908082938168931
4.0,0,0,0,0,0.0,0,0,0,0,1,0,Laptops,0.0,6.398594934535208,0,0,1,5.3981627015177525
4.2,0,1,0,0,0.23,0,0,0,0,1,0,Networking,3.9318256327243257,5.707077041605631,0,0,1,5.068904202220232
4.5,0,1,0,0,0.0,0,0,0,0,1,0,Small Gadget Accessories (Cases & Protectors),4.61512051684126,3.7123518102990793,0,0,1,4.532599493153256
4.6,0,0,0,0,0.0,0,0,0,0,1,0,Power & Batteries,5.303304908059076,3.2523106009544382,0,0,1,7.126087273299125
4.7,0,1,0,0,0.0,0,0,0,0,1,0,"Chargers, Adapters & Cables",5.303304908059076,2.905807566026004,0,0,1,8.857515151192198
4.7,0,1,0,0,0.0,0,0,0,0,1,0,Cameras & Photography,4.61512051684126,4.851639562605798,0,0,1,4.51085950651685
4.3,0,1,0,0,0.39,0,0,0,0,1,0,"Chargers, Adapters & Cables",5.707110264748875,3.090132948975475,0,0,1,9.776051829226445
4.7,0,1,0,0,0.15,0,0,0,0,1,0,Computer Peripherals,5.303304908059076,3.177637076851603,0,1,0,8.811503250158239
4.2,0,1,0,0,0.4,0,0,0,0,1,0,"Audio, Sound & Recording Gear",4.61512051684126,3.7727609380946383,0,1,0,5.805134968916488
4.3,0,1,0,0,0.0,0,0,0,0,1,0,"Audio, Sound & Recording Gear",3.9318256327243257,5.19295685089021,0,0,1,3.951243718581428
4.6,0,1,0,0,0.2,0,0,0,0,1,0,TV & Video Displays,4.61512051684126,5.298317366548036,0,0,1,5.19295685089021
4.7,0,1,0,0,0.0,0,0,0,0,1,0,Small Gadget Accessories (Cases & Protectors),4.61512051684126,3.58324112209094,0,0,1,2.3978952727983707
4.3,0,1,0,0,0.0,0,0,0,0,1,0,Computer Peripherals,5.303304908059076,3.6240742307478206,0,0,1,5.883322388488279
4.6,0,1,0,0,0.12,0,0,0,0,1,0,"Office Supplies, Ink & Toner",4.61512051684126,3.295466427029913,0,1,0,5.697093486505405
4.5,0,1,0,0,0.44,0,0,0,0,1,0,TV & Video Displays,5.303304908059076,3.1350593387750902,0,1,0,7.475905969367397
3.8,0,0,0,0,0.0,0,0,0,0,1,0,PC Components,3.9318256327243257,6.124639626260398,0,0,1,2.9444389791664403
4.8,0,1,0,0,0.0,0,0,0,0,1,0,"Office Supplies, Ink & Toner",5.707110264748875,2.39698576841553,0,1,0,7.917900586327916
4.5,0,0,0,0,0.0,0,0,0,0,1,0,Computer Peripherals,4.61512051684126,4.04305126783455,0,0,1,7.171656822768514
4.0,0,0,0,0,0.0,0,0,0,0,1,0,Storage & Memory Cards,0.0,5.707077041605631,0,0,1,2.079441541679836
4.7,0,1,0,0,0.0,0,0,0,0,1,0,Cameras & Photography,3.9318256327243257,5.525413097700675,0,0,1,2.302585092994046
4.6,0,0,0,0,0.0,0,0,0,0,1,0,"Chargers, Adapters & Cables",4.61512051684126,5.084195497204284,1,0,0,4.189654742026425
4.4,0,0,0,0,0.0,0,0,0,0,1,0,Computer Peripherals,3.9318256327243257,5.18329925496377,0,0,1,3.332204510175204
4.5,0,1,0,0,0.19,0,0,0,0,1,0,Storage & Memory Cards,4.61512051684126,4.317354771313298,0,0,1,6.871091294610546
4.5,0,1,0,0,0.0,0,0,0,0,1,0,PC Components,4.61512051684126,4.663344750039164,0,0,1,5.472270673671475
4.2,0,0,0,0,0.0,0,0,0,0,1,0,PC Components,3.9318256327243257,5.017213609456379,0,0,1,3.1354942159291497
4.6,0,0,0,0,0.0,0,0,0,0,1,0,Wearables,4.61512051684126,4.173617743116608,0,0,1,5.831882477283517
4.6,0,1,1,0,0.0,0,0,0,0,1,0,Computer Peripherals,5.707110264748875,2.8898160479624417,0,1,0,7.768110378525988
4.4,0,1,0,0,0.12,0,0,0,0,1,0,Small Gadget Accessories (Cases & Protectors),5.707110264748875,2.8898160479624417,0,1,0,8.663714844079005
4.5,0,1,0,0,0.39,0,0,0,0,1,0,Wearables,3.9318256327243257,6.803494158767612,1,0,0,5.739792912179234
4.4,0,1,0,0,0.25,0,0,0,0,1,0,Tablets & E-readers (DEVICES ONLY),6.2166061010848646,2.63834278867739,0,1,0,7.842278779117352
4.5,0,0,0,0,0.0,0,0,0,0,1,0,Networking,4.61512051684126,4.9486889658772695,0,0,1,4.276666119016055
4.5,0,0,0,0,0.0,0,0,0,0,1,0,"Office Supplies, Ink & Toner",3.9318256327243257,5.616771097666572,0,0,1,2.833213344056216
4.7,0,1,0,0,0.0,0,0,0,0,1,0,Cameras & Photography,0.0,7.088367041577369,0,0,1,6.212606095751519
4.3,0,1,0,0,0.16,0,0,0,0,1,0,"Audio, Sound & Recording Gear",4.61512051684126,4.356580613342406,0,0,1,7.19668657083435
4.3,0,1,0,0,0.1,0,0,0,0,1,0,Computer Peripherals,4.61512051684126,4.941570991486734,0,0,1,5.883322388488279
4.5,0,1,0,0,0.06,0,0,0,0,1,0,Cameras & Photography,3.9318256327243257,5.300265467766052,0,0,1,4.219507705176107
4.6,0,1,1,0,0.24,0,0,0,0,1,0,Cameras & Photography,4.61512051684126,5.62021968988551,0,0,1,6.942156705699469
4.6,0,1,0,0,0.0,0,0,0,0,1,0,"Office Supplies, Ink & Toner",5.303304908059076,3.4239368686316447,0,0,1,6.274762021241939
4.5,0,1,0,0,0.07,0,0,0,0,1,0,Computer Peripherals,5.303304908059076,5.081342251254203,0,0,1,6.068425588244111
4.7,0,1,0,0,0.0,0,0,0,0,1,0,Cameras & Photography,5.303304908059076,3.574870537502069,0,1,0,6.418364935936212
3.7,0,1,0,0,0.22,0,0,0,0,1,0,Small Gadget Accessories (Cases & Protectors),5.303304908059076,3.433664571799657,0,0,1,6.0330862217988015
4.1,0,0,0,0,0.15,0,0,0,0,1,0,Video Game Consoles & Virtual Reality,4.61512051684126,4.762173934797756,0,0,1,5.736572297479192
4.6,0,1,0,0,0.0,1,0,0,0,0,0,TV & Video Displays,5.993961427306569,2.3933394562625097,0,1,0,6.962243464266207
4.3,0,0,0,0,0.0,0,0,0,0,1,0,"Office Supplies, Ink & Toner",3.9318256327243257,5.742650561541583,0,0,1,3.1354942159291497
3.7,0,1,0,0,0.0,0,0,0,0,1,0,"Office Supplies, Ink & Toner",3.9318256327243257,5.5032562132074,0,0,1,5.7745515455444085
4.0,0,0,0,0,0.0,0,0,0,0,1,0,Wearables,0.0,3.911822985425479,0,0,1,2.19722457733622
4.7,0,0,0,0,0.0,0,0,0,0,1,0,"Office Supplies, Ink & Toner",5.303304908059076,4.173617743116608,0,0,1,8.267192185932146
4.5,0,1,0,0,0.0,0,0,0,0,1,0,PC Components,5.303304908059076,3.7133281345162463,0,1,0,9.527192821727745
4.5,0,0,0,0,0.0,0,0,0,0,1,0,Other Electronics,3.9318256327243257,5.06487092223793,0,0,1,5.25227342804663
4.7,0,0,0,0,0.05,0,0,0,0,1,0,Small Gadget Accessories (Cases & Protectors),4.61512051684126,4.382276603429089,0,0,1,5.572154032177765
4.4,0,0,0,0,0.0,0,0,0,0,1,0,Networking,3.9318256327243257,4.494126887194767,0,0,1,8.569216219483389
4.5,0,1,0,0,0.0,0,0,0,0,1,0,"Audio, Sound & Recording Gear",3.9318256327243257,5.916175108066267,0,0,1,4.356708826689592
5.0,0,0,0,0,0.0,0,0,0,0,1,0,Networking,3.9318256327243257,4.948759890378168,0,0,1,1.9459101490553128
4.3,0,1,0,0,0.0,0,0,0,0,1,0,Laptops,5.707110264748875,3.7133281345162463,0,1,0,3.295836866004329
4.3,0,1,0,0,0.11,0,0,0,0,1,0,PC Components,0.0,6.857503547242996,1,0,0,3.367295829986474
4.8,0,1,0,0,0.0,0,0,0,0,1,0,Small Gadget Accessories (Cases & Protectors),5.707110264748875,3.366950942933564,0,0,1,2.302585092994046
4.5,0,1,0,0,0.1,0,0,0,0,1,0,Small Gadget Accessories (Cases & Protectors),5.303304908059076,3.0440461338325417,0,1,0,8.581294116822761
4.0,0,0,0,0,0.06,0,0,0,0,1,0,Wearables,5.303304908059076,3.987872317711584,0,0,1,6.118097198041348
4.2,0,0,0,0,0.0,0,0,0,0,1,0,TV & Video Displays,3.9318256327243257,5.812188348499988,0,0,1,6.883462586413092
5.0,0,0,0,0,0.0,0,0,0,0,1,0,Laptops,0.0,7.600902459542082,1,0,0,1.3862943611198906
4.1,0,0,0,0,0.0,0,0,0,0,1,0,"Audio, Sound & Recording Gear",5.707110264748875,2.7265447837383743,0,1,0,7.9854843567338225
4.3,0,1,0,0,0.0,0,0,0,0,1,0,Laptops,0.0,6.522078092179667,0,0,1,3.4011973816621555
4.5,0,0,0,0,0.0,0,0,0,0,1,0,Power & Batteries,4.61512051684126,3.091042453358316,0,0,1,5.910796644040527
4.5,0,1,0,0,0.0,0,0,0,0,1,0,Computer Peripherals,4.61512051684126,4.231349083214389,0,0,1,6.597145701886651
4.2,0,1,0,0,0.08,0,0,0,0,1,0,Mobile Cell Phones & Smartphones,3.9318256327243257,5.19844178112078,0,0,1,5.488937726156687
4.4,0,0,0,0,0.0,0,0,0,0,1,0,Other Electronics,4.61512051684126,4.465908118654584,0,0,1,7.374629015218945
4.6,0,0,0,0,0.06,0,0,0,0,1,0,Computer Peripherals,5.303304908059076,3.2577118486533987,0,1,0,8.305236829492593
4.5,0,1,0,0,0.0,0,0,0,0,1,0,"Office Supplies, Ink & Toner",3.9318256327243257,5.525014596061544,0,0,1,7.588829878307813
4.7,0,1,0,0,0.0,0,0,0,0,1,0,Power & Batteries,5.303304908059076,3.591542221224979,0,0,1,8.441607204459642
4.5,0,1,0,0,0.0,0,0,0,0,1,0,TV & Video Displays,3.9318256327243257,5.688228807729435,0,0,1,4.23410650459726
5.0,0,1,0,0,0.09,0,0,0,0,1,0,Computer Peripherals,0.0,7.6966625381267715,1,0,0,1.3862943611198906
4.6,0,1,0,1,0.0,0,0,0,0,1,0,Small Gadget Accessories (Cases & Protectors),5.707110264748875,3.0440461338325417,0,1,0,8.759825595314295
4.4,1,1,1,0,0.0,0,0,0,0,1,0,Small Gadget Accessories (Cases & Protectors),9.210440366976515,3.2561716096118976,0,0,1,11.8489976215701
4.2,0,1,1,0,0.0,0,0,0,0,1,0,Computer Peripherals,4.61512051684126,3.7133281345162463,0,0,1,5.940171252720432
4.6,0,1,0,0,0.15,0,0,0,0,1,0,Storage & Memory Cards,5.707110264748875,3.295466427029913,0,0,1,3.784189633918261
4.6,0,0,0,0,0.0,0,0,0,0,1,0,Computer Peripherals,0.0,4.110709916308365,0,0,1,6.311734809152915
4.8,0,1,0,0,0.0,0,0,0,0,1,0,"Office Supplies, Ink & Toner",5.707110264748875,3.067587710654419,0,1,0,6.023447592961033
4.6,0,0,0,0,0.0,0,0,0,0,1,0,"Audio, Sound & Recording Gear",4.61512051684126,4.709440107163888,0,0,1,8.139148678884066
3.8,0,1,0,0,0.0,0,0,0,0,1,0,Wearables,4.61512051684126,4.6150215020384655,0,0,1,4.983606621708336
4.5,0,1,0,0,0.0,0,0,0,0,1,0,Computer Peripherals,5.707110264748875,2.771963526845863,0,1,0,4.653960350157523
4.7,0,1,0,0,0.0,0,0,0,0,1,0,Wearables,0.0,7.170880792087884,1,0,0,2.079441541679836
4.3,0,1,0,0,0.0,0,0,0,0,1,0,TV & Video Displays,3.9318256327243257,6.22455842927536,0,0,1,4.262679877041316
4.3,0,1,1,1,0.09,0,0,0,0,1,0,"Chargers, Adapters & Cables",5.993961427306569,2.4840729690394228,0,1,0,7.81035268372429
4.7,0,1,0,0,0.53,0,0,0,0,1,0,Small Gadget Accessories (Cases & Protectors),5.303304908059076,3.9308447596687337,0,0,1,10.022292288301378
4.8,0,1,0,0,0.09,0,0,0,0,1,0,Storage & Memory Cards,5.303304908059076,3.1354942159291497,0,1,0,6.502790045915623
4.1,0,1,0,0,0.0,0,0,0,0,1,0,Mobile Cell Phones & Smartphones,3.9318256327243257,5.580069390969017,0,0,1,6.320768294250582
4.5,0,1,0,0,0.14,0,0,0,0,1,0,"Office Supplies, Ink & Toner",4.61512051684126,4.7676291136857945,0,0,1,4.634728988229636
4.4,0,1,0,0,0.15,0,0,0,0,1,0,Wearables,4.61512051684126,4.875120984409557,0,0,1,4.804021044733257
4.3,0,0,0,0,0.0,0,0,0,0,1,0,Cameras & Photography,3.9318256327243257,5.919914838267906,0,0,1,7.636269603379373
4.4,0,1,0,0,0.0,0,0,0,0,1,0,Smart Home & Security,3.9318256327243257,5.70694413799378,0,0,1,7.143617602704121
4.2,0,1,0,0,0.0,0,0,0,0,1,0,Wearables,5.707110264748875,2.694627180770069,0,1,0,8.287276755814599
4.2,0,1,0,0,0.0,0,0,0,0,1,0,Power & Batteries,4.61512051684126,3.35620001573142,0,0,1,5.942799375126701
0.0,0,0,0,0,0.0,0,0,0,0,1,0,Laptops,0.0,7.972466015974565,1,0,0,0.0
4.6,0,0,0,0,0.0,0,0,0,0,1,0,Laptops,0.0,6.260632536733471,0,0,1,5.170483995038151
4.6,0,1,0,0,0.0,0,0,0,0,1,0,Tablets & E-readers (DEVICES ONLY),4.61512051684126,4.110709916308365,0,0,1,7.61085279039525
4.6,0,0,0,0,0.15,0,0,0,0,1,0,Computer Peripherals,4.61512051684126,4.6150215020384655,0,0,1,5.793013608384144
4.2,0,0,0,0,0.15,0,0,0,0,1,0,Computer Peripherals,4.61512051684126,3.849934813114724,0,0,1,5.468060141135132
4.5,0,1,0,0,0.0,0,0,0,0,1,0,PC Components,3.9318256327243257,5.339987001719429,0,0,1,5.755742213586912
4.5,0,1,0,0,0.0,0,0,0,0,1,0,"Audio, Sound & Recording Gear",3.9318256327243257,5.442201236876614,0,0,1,5.476463551931511
3.7,0,1,0,0,0.07,0,0,0,0,1,0,Wearables,4.61512051684126,4.948405217560121,0,0,1,6.853299093186078
4.3,0,1,0,0,0.0,0,0,0,0,1,0,Mobile Cell Phones & Smartphones,5.303304908059076,3.4011973816621555,0,1,0,7.971776122880628
4.3,0,0,0,0,0.0,0,0,0,0,1,0,Laptops,3.9318256327243257,6.196423760988341,0,0,1,2.302585092994046
4.1,0,0,0,0,0.0,0,0,0,0,1,0,Other Electronics,4.61512051684126,4.5345331063886505,0,0,1,6.001414877961151
4.5,0,0,0,0,0.0,0,0,0,0,1,0,TV & Video Displays,0.0,7.24493440855279,1,0,0,1.0986122886681098
4.7,0,1,0,0,0.1,0,0,0,0,1,0,Smart Home & Security,4.61512051684126,3.939054344479176,0,0,1,7.19668657083435
4.6,0,1,1,0,0.0,0,0,0,0,1,0,Small Gadget Accessories (Cases & Protectors),5.303304908059076,3.0421386463681466,0,1,0,7.301822342137932
4.2,0,1,0,0,0.0,0,0,0,0,1,0,Computer Peripherals,5.303304908059076,3.4836986031738992,0,1,0,7.158513997329321
4.4,0,1,0,0,0.0,0,0,0,0,1,0,Computer Peripherals,4.61512051684126,4.329416684401584,0,0,1,3.367295829986474
4.5,0,0,1,0,0.0,0,0,0,0,1,0,"Office Supplies, Ink & Toner",5.303304908059076,3.8918202981106265,0,0,1,4.770684624465665
4.7,0,1,0,0,0.0,0,0,0,0,1,0,TV & Video Displays,5.707110264748875,2.379546134130174,0,1,0,6.309918278226516
4.3,0,0,0,0,0.0,0,0,0,0,1,0,Wearables,4.61512051684126,4.093510881473524,0,0,1,5.648974238161206
4.4,0,1,0,1,0.0,0,0,0,0,1,0,Small Gadget Accessories (Cases & Protectors),4.61512051684126,3.7010550300440697,0,0,1,3.4011973816621555
4.8,0,1,0,0,0.69,0,0,0,0,1,0,"Chargers, Adapters & Cables",5.993961427306569,3.218075504697432,0,0,1,5.135798437050262
4.9,0,0,0,0,0.0,0,0,0,0,1,0,Wearables,0.0,3.234355395716587,0,1,0,8.131824785007195
4.2,0,1,0,0,0.15,0,0,0,0,1,0,PC Components,3.9318256327243257,5.111927545578128,0,0,1,5.83773044716594
4.5,0,1,0,0,0.0,0,0,0,0,1,0,Cameras & Photography,4.61512051684126,4.926891300663295,0,0,1,4.465908118654584
4.5,0,1,0,0,0.0,0,0,0,0,1,0,"Audio, Sound & Recording Gear",4.61512051684126,4.48863636973214,0,0,1,7.263329617476836
4.6,0,0,0,0,0.0,0,0,0,0,1,0,Laptops,3.9318256327243257,5.617498106059188,0,0,1,2.8903717578961645
4.7,0,1,0,0,0.0,0,0,0,0,1,0,"Chargers, Adapters & Cables",5.993961427306569,2.196112848483529,0,1,0,7.666690200080086
4.7,0,0,1,0,0.0,0,0,0,0,1,0,TV & Video Displays,3.9318256327243257,5.251173346739219,0,0,1,10.158362302011792
4.6,0,1,0,0,0.0,0,0,0,0,1,0,"Audio, Sound & Recording Gear",3.9318256327243257,5.298317366548036,0,0,1,4.997212273764115
4.0,0,1,0,0,0.0,0,0,0,0,1,0,TV & Video Displays,0.0,6.476972362889683,0,0,1,4.343805421853684
4.3,0,0,0,0,0.0,0,0,0,0,1,0,Other Electronics,3.9318256327243257,5.786897381366708,0,0,1,5.834810737062605
4.5,0,1,0,0,0.0,0,0,0,0,1,0,Wearables,4.61512051684126,5.252011613671526,0,0,1,9.618335609937972
4.6,0,1,0,0,0.0,0,0,0,0,1,0,PC Components,3.9318256327243257,4.564244019375446,0,1,0,5.272999558563747
3.7,0,0,0,0,0.0,0,0,0,0,1,0,Other Electronics,0.0,7.001445966297956,1,0,0,3.5263605246161616
4.4,0,0,0,0,0.0,0,0,0,0,1,0,Small Gadget Accessories (Cases & Protectors),4.61512051684126,4.235554730773624,0,0,1,7.662467815200237
3.9,0,1,0,0,0.0,0,0,0,0,1,0,"Office Supplies, Ink & Toner",3.9318256327243257,4.787491742782046,0,0,1,1.3862943611198906
4.8,0,0,0,0,0.0,0,0,0,0,1,0,Power & Batteries,5.303304908059076,3.58324112209094,0,0,1,7.380879035564116
4.6,0,1,0,0,0.23,0,0,0,0,1,0,"Audio, Sound & Recording Gear",3.9318256327243257,6.396929655216146,1,0,0,6.274762021241939
4.3,1,1,0,0,0.26,0,0,0,0,1,0,Mobile Cell Phones & Smartphones,5.707110264748875,3.177637076851603,0,1,0,9.038721338315364
4.6,1,1,0,0,0.0,0,0,0,0,1,0,"Chargers, Adapters & Cables",4.61512051684126,2.771963526845863,0,0,1,9.260462981379394
4.1,0,0,0,0,0.0,0,0,0,0,1,0,"Office Supplies, Ink & Toner",3.9318256327243257,5.444363867477279,0,0,1,6.661854740545311
4.6,0,1,0,0,0.29,0,0,0,0,1,0,Storage & Memory Cards,4.61512051684126,4.6150215020384655,0,0,1,5.723585101952381
4.2,0,0,0,0,0.0,0,0,0,0,1,0,Computer Peripherals,0.0,6.9574878560838265,1,0,0,2.302585092994046
4.3,0,1,0,0,0.0,0,0,0,0,1,0,Laptops,0.0,7.24422751560335,0,0,1,3.044522437723423
4.3,0,1,0,0,0.25,0,0,0,0,1,0,Smart Home & Security,3.9318256327243257,5.30325515557766,0,0,1,7.305188215393037
4.4,0,0,0,0,0.0,0,0,0,0,1,0,"Audio, Sound & Recording Gear",0.0,7.131690516829846,1,0,0,5.83773044716594
4.7,0,1,0,0,0.0,0,0,0,0,1,0,Cameras & Photography,4.61512051684126,4.941570991486734,0,0,1,6.836259277277067
4.4,0,1,0,0,0.0,0,0,0,0,1,0,Cameras & Photography,0.0,7.495541943884256,0,0,1,4.290459441148391
0.0,0,1,0,0,0.41,0,0,0,0,1,0,TV & Video Displays,0.0,8.516583005290542,1,0,0,0.0
4.8,0,1,0,0,0.11,0,0,0,0,1,0,TV & Video Displays,4.61512051684126,3.849934813114724,0,1,0,4.442651256490317
5.0,0,1,0,0,0.0,0,0,0,0,1,0,PC Components,0.0,6.1522857863448,0,0,1,0.6931471805599453
4.7,0,1,0,0,0.06,0,0,0,0,1,0,PC Components,3.9318256327243257,5.427194193468923,0,0,1,6.1463292576688975
4.3,0,0,0,0,0.0,0,0,0,0,1,0,Laptops,0.0,6.746388626534571,0,0,1,1.791759469228055
4.6,0,0,0,0,0.0,0,0,0,0,1,0,"Office Supplies, Ink & Toner",4.61512051684126,4.0428758138469085,0,0,1,7.13966033596492
4.3,0,1,0,0,0.0,0,0,0,0,1,0,TV & Video Displays,4.61512051684126,3.688629422858727,0,1,0,6.8966943316227125
4.6,0,1,0,0,0.0,0,0,0,0,1,0,Wearables,0.0,7.378377466881018,1,0,0,3.871201010907891
4.7,0,0,0,0,0.0,0,0,0,0,1,0,Cameras & Photography,3.9318256327243257,4.7318028369214575,0,0,1,9.664976524090797
4.9,0,1,0,0,0.0,0,0,0,0,1,0,PC Components,0.0,6.3647335449998295,0,0,1,3.091042453358316
4.8,0,0,0,0,0.0,0,0,0,0,1,0,Computer Peripherals,4.61512051684126,4.484018984423941,0,0,1,2.5649493574615367
4.5,0,0,0,0,0.0,0,0,0,0,1,0,"Office Supplies, Ink & Toner",4.61512051684126,3.755135249891002,0,0,1,4.912654885736052
4.2,1,0,0,0,0.33,0,0,0,0,1,0,Small Gadget Accessories (Cases & Protectors),8.853808274977197,3.433664571799657,0,0,1,6.07993319509559
4.3,1,1,0,1,0.0,0,0,0,0,1,0,Other Electronics,0.0,5.398117451625214,0,0,1,4.700480365792417
4.6,1,1,0,0,0.0,0,1,0,0,0,0,"Chargers, Adapters & Cables",3.9318256327243257,2.771963526845863,0,0,1,9.260462981379394
4.3,0,0,0,0,0.0,0,0,0,0,1,0,Printers & Scanners (Hardware),3.9318256327243257,5.225155100919053,0,0,1,5.54907608489522
4.4,0,0,0,0,0.0,0,0,0,0,1,0,Smart Home & Security,3.9318256327243257,5.274024673978992,0,0,1,5.010635294096256
4.5,0,0,0,0,0.0,0,0,0,0,1,0,"Audio, Sound & Recording Gear",3.9318256327243257,4.915298447269702,0,0,1,7.259116128097101
3.9,0,1,0,0,0.0,0,0,0,0,1,0,Networking,3.9318256327243257,5.525413097700675,0,0,1,6.269096283706261
4.8,0,1,0,0,0.0,0,0,0,0,1,0,Smart Home & Security,4.61512051684126,4.709440107163888,0,0,1,2.6390573296152584
3.9,0,1,0,0,0.45,0,0,0,0,1,0,Printers & Scanners (Hardware),3.9318256327243257,5.560681631015528,0,0,1,4.290459441148391
4.3,0,0,0,0,0.0,0,0,0,0,1,0,"Office Supplies, Ink & Toner",4.61512051684126,4.424726864205909,0,0,1,5.910796644040527
4.6,0,1,0,0,0.0,0,0,0,0,1,0,Storage & Memory Cards,5.303304908059076,4.709440107163888,0,0,1,5.869296913133774
3.6,0,1,0,0,0.0,0,0,0,0,1,0,Cameras & Photography,3.9318256327243257,4.875120984409557,0,0,1,7.087573705557973
4.7,0,1,0,0,0.0,0,0,0,0,1,0,Small Gadget Accessories (Cases & Protectors),5.303304908059076,3.58324112209094,0,0,1,7.022868086082641
4.7,0,1,0,0,0.29,1,0,0,0,0,0,"Audio, Sound & Recording Gear",5.707110264748875,3.091042453358316,0,1,0,7.288927694521257
4.6,0,0,0,0,0.08,0,0,0,0,1,0,Small Gadget Accessories (Cases & Protectors),5.303304908059076,3.433664571799657,0,0,1,8.027476530860483
4.1,0,1,0,0,0.0,0,0,0,0,1,0,Wearables,4.61512051684126,3.945457781514384,0,0,1,6.018593214496234
4.2,0,0,1,0,0.0,0,0,0,0,1,0,Printers & Scanners (Hardware),3.9318256327243257,5.437600933650423,0,0,1,5.955837369464831
4.6,0,0,0,0,0.0,0,0,0,0,1,0,"Chargers, Adapters & Cables",5.993961427306569,2.87751164216656,0,0,1,8.129174996911793
4.7,0,1,0,0,0.0,0,0,0,0,1,0,"Audio, Sound & Recording Gear",5.303304908059076,3.2355362657613083,0,1,0,7.343426229147367
4.3,0,1,0,0,0.24,0,0,0,0,1,0,"Audio, Sound & Recording Gear",5.303304908059076,3.931629535067065,0,1,0,6.895682697747868
4.3,1,1,0,0,0.0,0,0,0,0,1,0,Small Gadget Accessories (Cases & Protectors),0.0,2.771963526845863,0,1,0,4.890349128221754
4.4,1,1,1,0,0.27,0,0,0,0,1,0,Mobile Cell Phones & Smartphones,8.006700845440367,2.63834278867739,0,1,0,11.029455571214092
4.6,0,1,0,0,0.21,0,0,0,0,1,0,Computer Peripherals,4.61512051684126,2.63834278867739,0,1,0,10.413282645487596
4.8,0,1,0,0,0.1,0,0,0,0,1,0,Storage & Memory Cards,5.707110264748875,2.6504210882655737,0,1,0,8.648922962094131
4.3,0,0,0,0,0.0,0,0,0,0,1,0,PC Components,3.9318256327243257,5.99393648933976,0,0,1,6.529418838262226
3.8,1,1,0,1,0.0,0,0,0,0,1,0,Smart Home & Security,0.0,4.867534450455582,0,0,1,4.0943445622221
4.2,0,1,0,0,0.0,0,0,0,0,1,0,Power & Batteries,4.61512051684126,4.72809553282539,1,0,0,4.356708826689592
4.7,0,1,0,0,0.0,0,0,0,0,1,0,"Office Supplies, Ink & Toner",5.707110264748875,2.451005098112319,0,1,0,7.6236419465115715
4.4,0,0,0,0,0.6,0,0,0,0,1,0,Networking,5.303304908059076,4.329811863225142,0,1,0,4.700480365792417
4.6,0,1,0,0,0.1,0,0,0,0,1,0,PC Components,4.61512051684126,3.552486829208381,0,1,0,5.214935757608986
4.5,1,1,1,0,0.25,0,0,0,0,1,0,Small Gadget Accessories (Cases & Protectors),7.601402334583733,2.995232148512309,0,1,0,9.793616881400416
4.4,1,1,1,0,0.3,0,0,0,0,1,0,Small Gadget Accessories (Cases & Protectors),8.517393171418904,3.3304171996011083,0,0,1,11.8489976215701
4.6,1,1,0,0,0.17,0,0,0,0,1,0,"Chargers, Adapters & Cables",9.210440366976515,2.5641798306825083,0,1,0,8.323122887587735
4.6,1,1,0,0,0.0,1,0,0,0,0,0,Other Electronics,3.9318256327243257,3.432372999130605,0,1,0,5.209486152841421
4.8,1,1,0,0,0.0,0,0,0,0,1,0,Cameras & Photography,0.0,4.261975403606051,0,1,0,3.9318256327243257
4.4,1,1,0,0,0.14,0,0,0,0,1,0,Computer Peripherals,6.90875477931522,3.7133281345162463,0,0,1,9.19339765124587
4.1,1,1,1,0,0.0,0,0,0,0,1,0,Small Gadget Accessories (Cases & Protectors),6.2166061010848646,3.2565568918358894,0,0,1,8.785539527561276
4.6,0,1,0,0,0.0,0,0,0,0,1,0,Power & Batteries,6.398594934535208,2.0731719286662407,0,1,0,7.335633981927201
4.7,0,1,0,0,0.15,0,0,0,0,1,0,Small Gadget Accessories (Cases & Protectors),5.303304908059076,3.433664571799657,0,0,1,7.977968093128549
4.4,0,0,0,0,0.0,0,0,0,0,1,0,PC Components,3.9318256327243257,5.330251985078383,0,0,1,3.58351893845611
3.9,0,0,0,0,0.0,0,0,0,0,1,0,"Audio, Sound & Recording Gear",0.0,7.088408778675395,1,0,0,4.919980925828125
4.4,0,0,0,0,0.0,0,0,0,0,1,0,Cameras & Photography,0.0,7.114769448366463,0,0,1,5.393627546352362
4.6,0,1,0,0,0.17,0,0,0,0,1,0,PC Components,3.9318256327243257,5.707077041605631,0,0,1,7.408530566894626
4.5,0,1,0,0,0.0,0,0,0,0,1,0,Laptops,0.0,6.552493621597604,0,0,1,2.995732273553991
4.4,0,1,0,0,0.18,0,0,0,0,1,0,"Office Supplies, Ink & Toner",4.61512051684126,4.812184355372417,0,0,1,5.3981627015177525
4.6,0,1,0,0,0.0,0,0,0,0,1,0,Computer Peripherals,5.303304908059076,3.931629535067065,0,0,1,7.7306140660637395
4.7,0,1,0,0,0.0,0,0,0,0,1,0,"Office Supplies, Ink & Toner",5.993961427306569,2.280339484046726,0,1,0,6.912742820493176
4.5,0,1,0,0,0.0,0,0,0,0,1,0,Power & Batteries,5.303304908059076,3.295466427029913,0,0,1,5.762051382780177
4.5,0,0,0,0,0.47,0,0,0,0,1,0,"Audio, Sound & Recording Gear",5.707110264748875,3.433664571799657,0,1,0,5.768320995793772
4.7,0,1,0,0,0.0,0,0,0,0,1,0,Small Gadget Accessories (Cases & Protectors),3.9318256327243257,5.19844178112078,1,0,0,5.666426688112432
4.7,0,1,0,0,0.0,0,0,0,0,1,0,"Office Supplies, Ink & Toner",5.303304908059076,3.3495531485098167,0,1,0,7.181591944611865
4.5,0,0,0,0,0.0,0,0,0,0,1,0,PC Components,0.0,4.248352374701448,0,1,0,10.322296566735872
4.2,0,0,0,0,0.0,0,0,0,0,1,0,Laptops,0.0,6.343880434126331,0,0,1,4.007333185232471
4.1,0,0,0,0,0.0,0,0,0,0,1,0,"Audio, Sound & Recording Gear",3.9318256327243257,5.673323267171493,0,0,1,4.875197323201151
4.2,0,1,0,0,0.0,0,0,0,0,1,0,"Audio, Sound & Recording Gear",3.9318256327243257,6.3647335449998295,1,0,0,7.520776415062797
4.5,0,1,0,0,0.0,0,0,0,0,1,0,TV & Video Displays,0.0,7.321849713788356,1,0,0,2.302585092994046
4.6,0,0,0,0,0.0,0,0,0,0,1,0,Computer Peripherals,4.61512051684126,5.023485706075076,0,0,1,6.049733455231958
4.4,0,1,0,0,0.0,0,0,0,0,1,0,Cameras & Photography,3.9318256327243257,6.492239835020471,0,0,1,4.07753744390572
4.2,0,0,0,0,0.0,0,0,0,0,1,0,TV & Video Displays,4.61512051684126,4.874510064192008,0,0,1,7.115582126184454
4.4,0,0,0,0,0.0,0,0,0,0,1,0,Laptops,3.9318256327243257,5.673288902319859,0,0,1,6.541029999189903
4.7,0,1,0,0,0.0,1,0,0,0,0,0,TV & Video Displays,3.9318256327243257,5.30325515557766,0,0,1,5.3471075307174685
4.2,0,1,0,0,0.22,0,0,0,0,1,0,"Audio, Sound & Recording Gear",4.61512051684126,5.225746673713202,0,0,1,6.725033642166843
4.1,0,1,0,0,0.0,0,0,0,0,1,0,"Office Supplies, Ink & Toner",3.9318256327243257,5.598421958998375,0,0,1,6.683360945766275
4.4,0,1,0,0,0.0,0,0,0,0,1,0,Networking,4.61512051684126,4.5107496103686,0,0,1,5.4638318050256105
4.0,0,1,0,0,0.0,0,0,0,0,1,0,Small Gadget Accessories (Cases & Protectors),4.61512051684126,4.65386510752685,0,0,1,4.418840607796598
4.5,0,1,0,0,0.0,0,0,0,0,1,0,"Office Supplies, Ink & Toner",4.61512051684126,3.931629535067065,0,0,1,3.970291913552122
4.6,0,1,0,0,0.0,0,0,0,0,1,0,Computer Peripherals,4.61512051684126,3.9415818076696905,0,0,1,5.476463551931511
4.7,0,1,0,0,0.0,0,0,0,0,1,0,"Audio, Sound & Recording Gear",0.0,6.781000870636638,1,0,0,4.897839799950911
4.5,0,1,0,0,0.07,0,0,0,0,1,0,Storage & Memory Cards,5.303304908059076,3.331847303527362,0,0,1,7.299797366758161
4.6,0,1,0,0,0.0,0,0,0,0,1,0,"Audio, Sound & Recording Gear",4.61512051684126,5.016948656152848,0,0,1,4.584967478670572
4.0,0,1,0,0,0.0,0,0,0,0,1,0,Mobile Cell Phones & Smartphones,0.0,6.463013856174954,1,0,0,0.6931471805599453
4.6,0,0,0,0,0.0,0,0,0,0,1,0,Video Game Consoles & Virtual Reality,3.9318256327243257,5.303304908059076,0,0,1,7.444248649496705
4.4,0,1,0,0,0.27,0,0,0,0,1,0,Cameras & Photography,4.61512051684126,3.737431494696102,0,1,0,7.13966033596492
4.0,0,1,0,0,0.2,0,0,0,0,1,0,PC Components,4.61512051684126,4.6150215020384655,0,0,1,8.388222810119277
4.7,0,1,0,0,0.0,0,0,0,0,1,0,"Chargers, Adapters & Cables",5.707110264748875,2.3933394562625097,0,1,0,8.629092283913646
4.4,0,0,0,0,0.0,0,0,0,0,1,0,TV & Video Displays,3.9318256327243257,5.393627546352362,0,0,1,7.749322464660356
4.3,0,1,0,0,0.0,0,0,0,0,1,0,Mobile Cell Phones & Smartphones,3.9318256327243257,5.30325515557766,0,0,1,4.663439094112067
4.4,1,1,1,0,0.5,0,0,0,0,1,0,"Audio, Sound & Recording Gear",8.517393171418904,3.7133281345162463,0,1,0,11.190983155833331
4.8,1,0,1,0,0.26,0,0,0,0,1,0,"Chargers, Adapters & Cables",8.517393171418904,4.007151350519723,0,0,1,7.282761179605593
0.0,1,1,0,0,0.0,0,0,0,0,1,0,Small Gadget Accessories (Cases & Protectors),0.0,3.433664571799657,0,0,1,0.0
4.4,1,1,1,0,0.5,0,0,0,0,1,0,"Audio, Sound & Recording Gear",9.210440366976515,3.7133281345162463,0,1,0,11.190983155833331
4.6,1,1,0,0,0.34,0,1,0,0,0,0,Small Gadget Accessories (Cases & Protectors),9.90353755128617,2.770711962226921,0,1,0,8.553139318189707
4.6,1,1,0,0,0.24,0,1,0,0,0,0,Small Gadget Accessories (Cases & Protectors),9.90353755128617,2.8326249356838407,0,1,0,9.713718330607016
4.5,1,1,0,1,0.42,0,0,0,0,1,0,"Chargers, Adapters & Cables",6.90875477931522,3.218475744846861,0,0,1,7.290292882446597
4.5,1,1,0,0,0.33,0,0,0,0,1,0,"Chargers, Adapters & Cables",5.993961427306569,3.433664571799657,0,0,1,5.749392985908253
4.3,0,1,0,0,0.0,0,0,0,0,1,0,Other Electronics,3.9318256327243257,5.89150608073915,0,0,1,6.22455842927536
4.7,1,1,1,0,0.0,0,0,0,0,1,0,Wearables,5.993961427306569,4.261975403606051,0,0,1,8.887652690325586
4.7,0,1,0,0,0.0,0,0,0,0,1,0,Storage & Memory Cards,6.2166061010848646,2.0149030205422647,0,1,0,6.927557906278317
5.0,1,1,0,0,0.0,0,0,0,0,1,0,Wearables,3.9318256327243257,3.433664571799657,0,1,0,1.791759469228055
4.7,0,1,0,0,0.22,0,0,0,0,1,0,"Office Supplies, Ink & Toner",5.303304908059076,3.3253956682458736,0,1,0,4.442651256490317
4.7,0,1,0,0,0.2,0,0,0,0,1,0,"Office Supplies, Ink & Toner",5.993961427306569,2.6748380668960965,0,1,0,6.738152494595957
4.5,0,0,0,0,0.0,0,0,0,0,1,0,Tablets & E-readers (DEVICES ONLY),0.0,6.888562265833489,1,0,0,3.555348061489413
4.0,0,1,0,0,0.05,0,0,0,0,1,0,Computer Peripherals,3.9318256327243257,5.442374419541463,0,0,1,5.749392985908253
4.4,0,1,0,0,0.0,0,0,0,0,1,0,"Audio, Sound & Recording Gear",5.303304908059076,3.58324112209094,0,1,0,5.908082938168931
4.8,1,1,0,0,0.27,0,0,0,0,1,0,"Chargers, Adapters & Cables",7.601402334583733,3.806440242853081,0,0,1,8.00603417874901
4.3,1,1,0,1,0.0,0,0,0,0,1,0,Smart Home & Security,3.9318256327243257,4.5107496103686,0,0,1,5.176149732573829
4.0,1,1,0,0,0.07,0,0,0,0,1,0,Printers & Scanners (Hardware),3.9318256327243257,4.46579316951945,0,1,0,2.8903717578961645
4.3,1,1,1,0,0.0,0,0,0,0,1,0,"Audio, Sound & Recording Gear",6.90875477931522,4.110709916308365,0,0,1,9.19085169539232
4.0,1,1,0,0,0.4,0,0,0,0,1,0,Wearables,0.0,3.931629535067065,0,0,1,4.394449154672439
4.5,1,1,0,0,0.0,0,0,0,0,1,0,Computer Peripherals,0.0,6.675810611214858,1,0,0,5.560681631015528
4.4,0,0,0,0,0.05,0,0,0,0,1,0,Laptops,0.0,7.170119543449628,0,0,1,4.007333185232471
4.8,0,1,0,0,0.0,0,0,0,0,1,0,PC Components,0.0,3.5260663637080247,0,1,0,2.302585092994046
4.7,0,0,0,0,0.0,0,0,0,0,1,0,Computer Peripherals,4.61512051684126,4.203946072137182,0,0,1,9.57692604202343
4.3,0,1,0,0,0.3,0,0,0,0,1,0,"Audio, Sound & Recording Gear",4.61512051684126,5.30305612089521,0,0,1,8.37539918579835
0.0,1,1,0,0,0.27,0,0,0,0,1,0,Networking,0.0,6.311716660167896,1,0,0,0.0
4.6,0,0,0,0,0.0,0,0,0,0,1,0,Small Gadget Accessories (Cases & Protectors),5.303304908059076,3.1692653243148663,0,0,1,6.762729506931879
4.6,0,0,0,0,0.0,0,0,0,0,1,0,Power & Batteries,6.68586094706836,1.6054298910365616,0,1,0,7.186144304522325
4.6,0,0,0,0,0.0,0,0,0,0,1,0,"Office Supplies, Ink & Toner",4.61512051684126,3.783962335360629,0,0,1,6.951772164398911
3.2,0,0,0,0,0.0,0,0,0,0,1,0,Wearables,5.707110264748875,3.433664571799657,0,1,0,4.442651256490317
4.3,0,1,0,0,0.05,0,0,0,0,1,0,Cameras & Photography,4.61512051684126,4.20797082229696,0,1,0,5.945420608606575
4.5,0,1,0,0,0.0,0,0,0,0,1,0,PC Components,5.303304908059076,3.2577118486533987,0,1,0,7.014814351275545
4.6,0,1,0,0,0.0,0,0,0,0,1,0,Cameras & Photography,0.0,6.897704943128636,0,0,1,4.882801922586371
5.0,0,0,0,0,0.0,0,0,0,0,1,0,PC Components,0.0,5.8668079425084265,0,0,1,3.258096538021482
4.6,0,1,0,0,0.0,0,0,0,0,1,0,Storage & Memory Cards,4.61512051684126,4.553771622902091,0,0,1,5.831882477283517
3.7,0,0,1,0,0.0,0,0,0,0,1,0,Printers & Scanners (Hardware),0.0,5.382934212267916,0,0,1,4.343805421853684
4.7,0,0,0,0,0.0,0,0,0,0,1,0,Video Game Consoles & Virtual Reality,3.9318256327243257,5.41610040220442,0,0,1,9.99606673382922
4.5,0,1,0,0,0.13,0,0,0,0,1,0,"Office Supplies, Ink & Toner",5.303304908059076,2.727199019940971,0,1,0,6.126869184114185
4.3,0,0,1,0,0.0,0,0,0,0,1,0,"Office Supplies, Ink & Toner",4.61512051684126,4.098336583491638,0,0,1,5.817111159963204
4.7,0,1,0,0,0.19,0,0,0,0,1,0,"Office Supplies, Ink & Toner",5.303304908059076,3.3439213138424253,0,1,0,7.2868764117507
4.2,0,1,0,0,0.0,0,0,0,0,1,0,Laptops,3.9318256327243257,5.857933154483459,0,0,1,6.2324480165505225
4.8,0,1,0,0,0.0,0,0,0,0,1,0,Cameras & Photography,4.61512051684126,4.753848778359454,0,0,1,7.547501682814967
4.5,0,1,0,0,0.05,0,0,0,0,1,0,Other Electronics,0.0,6.1158700501841885,0,0,1,4.48863636973214
4.5,0,1,0,0,0.0,0,0,0,0,1,0,Wearables,4.61512051684126,4.874739203012945,0,0,1,5.932245187448011
4.4,0,0,0,0,0.0,0,0,0,0,1,0,Computer Peripherals,0.0,8.242453668333352,1,0,0,3.258096538021482
4.6,0,1,0,0,0.58,0,0,0,0,1,0,"Chargers, Adapters & Cables",5.303304908059076,4.110053855927281,0,0,1,3.8918202981106265
3.8,0,1,0,0,0.32,0,0,0,0,1,0,TV & Video Displays,3.9318256327243257,5.968681984210738,0,0,1,4.465908118654584
4.8,0,1,0,0,0.13,0,0,0,0,1,0,Power & Batteries,5.303304908059076,3.2767673032839784,0,0,1,10.23221559442391
4.6,1,1,0,0,0.39,0,1,0,0,0,0,"Chargers, Adapters & Cables",9.210440366976515,3.366950942933564,0,0,1,9.24936875894366
4.4,1,1,0,0,0.0,0,0,0,0,1,0,Laptops,0.0,6.040230901470153,0,0,1,5.860786223465865
4.5,0,1,0,0,0.45,0,0,0,0,1,0,Computer Peripherals,5.707110264748875,2.620311286794203,0,1,0,6.263398262591624
4.1,0,0,0,0,0.0,0,0,0,0,1,0,"Office Supplies, Ink & Toner",4.61512051684126,4.787074989285704,0,0,1,3.295836866004329
4.4,0,0,0,0,0.0,0,0,0,0,1,0,Storage & Memory Cards,0.0,5.707077041605631,0,0,1,4.574710978503383
4.8,0,1,0,0,0.0,0,0,0,0,1,0,PC Components,4.61512051684126,5.17042717524212,0,0,1,9.313799080344412
4.4,1,1,0,0,0.0,0,0,0,0,1,0,TV & Video Displays,0.0,3.8284239815518326,0,1,0,3.4011973816621555
4.7,1,1,0,0,0.0,0,0,0,0,1,0,PC Components,0.0,4.875120984409557,0,0,1,5.659482215759621
4.4,1,1,0,0,0.0,0,0,0,0,1,0,PC Components,0.0,5.30325515557766,0,0,1,5.886104031450156
4.2,1,1,0,0,0.0,0,0,0,0,1,0,Laptops,0.0,7.24493440855279,0,0,1,6.255750041753367
0.0,0,0,0,0,0.0,0,0,0,0,1,0,Computer Peripherals,0.0,4.262539022051294,0,0,1,0.0
4.8,1,0,0,0,0.14,0,0,0,0,1,0,TV & Video Displays,6.90875477931522,4.077367938014984,0,1,0,9.645687854566216
4.2,1,1,0,0,0.0,1,0,0,0,0,0,"Audio, Sound & Recording Gear",3.9318256327243257,5.525253716100942,0,0,1,9.276034475171546
4.1,1,1,0,0,0.0,0,0,0,0,1,0,Laptops,0.0,7.378377466881018,0,0,1,4.836281906951478
4.4,0,0,1,0,0.0,0,0,0,0,1,0,TV & Video Displays,3.9318256327243257,5.631175938885108,0,0,1,9.545669097895315
5.0,1,1,0,0,0.0,0,0,0,0,1,0,"Chargers, Adapters & Cables",0.0,5.114514713472284,1,0,0,0.6931471805599453
4.4,1,1,0,0,0.0,0,0,0,0,1,0,PC Components,0.0,5.442374419541463,0,0,1,3.1354942159291497
4.3,1,1,0,0,0.0,0,0,0,0,1,0,Cameras & Photography,4.61512051684126,4.110709916308365,0,1,0,6.703188113240863
4.8,1,0,0,0,0.13,0,0,0,0,1,0,TV & Video Displays,6.2166061010848646,5.017213609456379,0,0,1,7.557472901614746
3.8,1,1,0,0,0.05,0,0,0,0,1,0,Small Gadget Accessories (Cases & Protectors),0.0,3.295466427029913,0,0,1,2.6390573296152584
4.3,0,1,0,0,0.0,0,0,0,0,1,0,TV & Video Displays,4.61512051684126,4.795707897553386,0,0,1,7.936302693201959
4.1,0,1,0,0,0.2,0,0,0,0,1,0,Printers & Scanners (Hardware),3.9318256327243257,5.880505053049674,0,0,1,5.883322388488279
4.6,0,1,1,0,0.38,0,0,0,0,1,0,Cameras & Photography,4.61512051684126,3.9308447596687337,0,1,0,7.037905963447182
4.6,0,1,0,0,0.21,0,0,0,0,1,0,Storage & Memory Cards,4.61512051684126,5.30325515557766,0,0,1,4.204692619390966
4.8,0,1,0,0,0.05,0,0,0,0,1,0,Cameras & Photography,0.0,7.714655162083928,1,0,0,4.795790545596741
4.5,0,0,0,0,0.0,0,0,0,0,1,0,PC Components,3.9318256327243257,6.024996030316775,0,0,1,4.812184355372417
4.5,0,1,0,0,0.0,0,0,0,0,1,0,Cameras & Photography,0.0,7.7406644019172415,1,0,0,1.0986122886681098
2.0,0,1,0,0,0.0,0,0,0,0,1,0,TV & Video Displays,3.9318256327243257,7.549609165154532,1,0,0,1.0986122886681098
4.6,0,1,0,0,0.0,0,0,0,0,1,0,Storage & Memory Cards,3.9318256327243257,6.16541785423142,1,0,0,6.411818267709897
4.6,0,1,0,0,0.0,0,0,0,0,1,0,Small Gadget Accessories (Cases & Protectors),5.707110264748875,3.2577118486533987,0,0,1,6.98100574072173
4.0,0,1,0,0,0.07,0,0,0,0,1,0,Computer Peripherals,4.61512051684126,3.904393978263655,0,0,1,8.39773375137891
4.9,0,0,0,0,0.0,0,0,0,0,1,0,Storage & Memory Cards,4.61512051684126,4.356580613342406,0,0,1,3.688879454113936
4.6,1,1,0,0,0.0,0,0,0,0,1,0,Cameras & Photography,3.9318256327243257,4.795707897553386,0,0,1,2.302585092994046
4.8,1,1,0,0,0.16,0,0,0,0,1,0,Power & Batteries,11.407576060361786,2.9439125248241944,0,0,1,10.674382501717998
4.6,0,0,0,0,0.0,0,0,0,0,1,0,Cameras & Photography,3.9318256327243257,6.030565060729897,0,0,1,4.653960350157523
4.7,0,1,0,0,0.0,0,0,0,0,1,0,Laptops,5.707110264748875,2.8831233291713367,0,1,0,8.55756708555451
4.9,1,1,1,0,0.0,0,0,0,0,1,0,Computer Peripherals,0.0,5.141605075260502,0,0,1,3.4011973816621555
4.1,0,1,0,0,0.0,0,0,0,0,1,0,Wearables,3.9318256327243257,5.365976015021851,0,0,1,6.212606095751519
4.6,0,1,0,0,0.07,0,0,0,0,1,0,"Office Supplies, Ink & Toner",5.707110264748875,2.771963526845863,0,1,0,6.687108607866515
4.9,0,1,0,0,0.0,1,0,0,0,0,0,TV & Video Displays,4.61512051684126,3.7133281345162463,0,1,0,3.295836866004329
4.5,0,1,0,0,0.28,0,0,0,0,1,0,"Chargers, Adapters & Cables",6.2166061010848646,2.301584592660462,0,1,0,7.421775793644647
4.1,0,1,0,0,0.29,0,0,0,0,1,0,Storage & Memory Cards,5.303304908059076,3.58324112209094,0,0,1,4.90527477843843
4.4,0,1,0,0,0.0,0,0,0,0,1,0,"Office Supplies, Ink & Toner",4.61512051684126,4.395066248181685,0,0,1,2.8903717578961645
3.9,0,0,0,0,0.0,0,0,0,0,1,0,PC Components,3.9318256327243257,5.602081919829862,0,0,1,5.564520407322694
4.3,0,1,0,0,0.0,0,0,0,0,1,0,Small Gadget Accessories (Cases & Protectors),4.61512051684126,5.601934302012123,1,0,0,3.258096538021482
3.8,0,0,0,0,0.0,0,0,0,0,1,0,"Audio, Sound & Recording Gear",4.61512051684126,4.8545271441182045,0,0,1,7.079184394609668
4.0,1,1,0,1,0.0,0,0,0,0,1,0,Computer Peripherals,5.707110264748875,3.0440461338325417,0,1,0,5.153291594497779
4.0,1,1,0,1,0.15,0,0,0,0,1,0,Wearables,4.61512051684126,3.0440461338325417,0,1,0,5.153291594497779
4.3,0,1,0,0,0.0,0,0,0,0,1,0,Laptops,4.61512051684126,5.521460917862246,0,0,1,4.5217885770490405
4.7,0,1,0,0,0.0,0,0,0,0,1,0,"Office Supplies, Ink & Toner",6.2166061010848646,2.7966713927557385,0,1,0,7.32052696227274
4.8,0,1,0,0,0.0,0,0,0,0,1,0,Small Gadget Accessories (Cases & Protectors),5.993961427306569,2.9559514035421466,0,1,0,7.748460023899697
4.0,1,1,0,0,0.11,0,0,0,0,1,0,Wearables,4.61512051684126,4.2903224454635405,0,0,1,6.0112671744041615
4.8,1,1,0,0,0.3,0,0,0,0,1,0,"Chargers, Adapters & Cables",4.61512051684126,3.783962335360629,0,0,1,5.247024072160486
4.4,1,1,0,0,0.1,0,0,0,0,1,0,"Audio, Sound & Recording Gear",0.0,4.867534450455582,0,0,1,4.143134726391533
4.0,1,1,0,0,0.4,0,0,0,0,1,0,Wearables,3.9318256327243257,3.931629535067065,0,0,1,2.19722457733622
0.0,1,1,0,0,0.0,0,0,0,0,1,0,Smart Home & Security,0.0,6.139194659132317,1,0,0,0.0
4.5,1,1,0,0,0.16,0,0,0,1,0,0,Laptops,0.0,6.214608098422191,0,0,1,4.770684624465665
4.6,1,1,0,0,0.0,0,0,0,0,1,0,Small Gadget Accessories (Cases & Protectors),0.0,2.995232148512309,0,1,0,2.9444389791664403
4.5,1,1,0,0,0.0,0,0,0,0,1,0,Laptops,3.9318256327243257,5.480638923341991,0,0,1,4.04305126783455
4.2,1,1,0,1,0.0,0,0,0,0,1,0,Smart Home & Security,3.9318256327243257,4.262539022051294,0,0,1,5.204006687076795
4.1,1,1,0,0,0.0,0,0,0,0,1,0,Laptops,0.0,8.294297109478956,1,0,0,4.330733340286331
4.0,1,1,0,0,0.0,0,0,0,0,1,0,Laptops,3.9318256327243257,6.234410725718371,0,0,1,3.218875824868201
0.0,1,1,0,0,0.0,0,0,0,0,1,0,PC Components,0.0,4.409641801706855,0,1,0,0.0
0.0,1,1,0,0,0.0,0,0,0,0,1,0,PC Components,0.0,7.989560449333865,1,0,0,0.0
4.6,1,1,0,0,0.37,0,0,0,0,1,0,"Chargers, Adapters & Cables",9.210440366976515,2.830857630363757,0,0,1,8.331586243630754
4.4,1,1,0,0,0.23,1,0,0,0,0,0,TV & Video Displays,4.61512051684126,6.478494281107485,0,0,1,4.962844630259907
4.2,1,1,0,1,0.0,0,0,0,0,1,0,Laptops,5.707110264748875,6.1092475827643655,0,0,1,1.6094379124341005
4.5,1,1,0,0,0.0,0,0,0,0,1,0,Laptops,0.0,6.476972362889683,0,0,1,4.770684624465665
0.0,1,1,0,0,0.0,0,0,0,0,1,0,Laptops,0.0,6.309918278226516,0,0,1,0.0
5.0,1,1,0,1,0.0,0,0,0,0,1,0,Laptops,0.0,5.799092654460526,0,0,1,1.3862943611198906
4.4,1,1,0,0,0.0,0,0,0,0,1,0,"Office Supplies, Ink & Toner",4.61512051684126,3.783962335360629,0,0,1,5.991464547107982
4.6,1,1,0,0,0.09,1,0,0,0,0,0,Power & Batteries,5.993961427306569,5.393627546352362,1,0,0,5.056245805348308
0.0,1,1,0,0,0.0,0,0,0,0,1,0,Power & Batteries,0.0,2.6461747973841225,0,0,1,0.0
4.2,1,1,0,0,0.1,0,0,0,1,0,0,Laptops,0.0,6.551080335043404,0,0,1,3.737669618283368
4.3,1,0,0,0,0.19,0,0,0,0,1,0,Computer Peripherals,5.993961427306569,5.225692908827035,0,0,1,6.977281341630747
4.2,1,1,0,0,0.0,0,0,0,0,1,0,Storage & Memory Cards,0.0,3.580458705159516,0,0,1,1.3862943611198906
0.0,1,1,0,0,0.0,0,0,0,0,1,0,TV & Video Displays,0.0,7.933789706330937,1,0,0,0.0
0.0,1,1,0,0,0.0,0,0,0,0,1,0,PC Components,0.0,7.919356190660617,1,0,0,0.0
0.0,1,1,0,0,0.0,0,0,0,0,1,0,Small Gadget Accessories (Cases & Protectors),0.0,3.2577118486533987,0,0,1,0.0
3.8,1,1,0,0,0.09,0,0,0,0,1,0,Laptops,0.0,7.378377466881018,0,0,1,2.772588722239781
4.4,1,1,0,0,0.11,1,0,0,0,0,0,"Audio, Sound & Recording Gear",3.9318256327243257,6.347301640147657,1,0,0,7.293017679772782
3.4,1,1,0,0,0.0,0,0,0,0,1,0,Laptops,0.0,5.438079308923196,0,0,1,3.332204510175204
4.7,1,1,0,1,0.2,1,0,0,0,0,0,"Chargers, Adapters & Cables",4.61512051684126,3.0440461338325417,0,0,1,6.495265555937008
3.8,1,1,0,0,0.0,0,0,0,0,1,0,Laptops,0.0,7.377127458905705,0,0,1,2.772588722239781
4.5,0,1,0,0,0.0,0,0,0,0,1,0,Small Gadget Accessories (Cases & Protectors),5.707110264748875,3.931629535067065,0,0,1,7.556427969440253
4.0,1,1,0,1,0.05,0,0,0,0,1,0,Wearables,5.993961427306569,3.663305202994506,0,1,0,6.736966958001855
4.3,1,1,0,1,0.18,0,0,0,0,1,0,Small Gadget Accessories (Cases & Protectors),6.55250788703459,4.454347296253507,0,0,1,7.472500744737558
3.9,1,1,0,0,0.25,0,0,0,0,1,0,Laptops,0.0,7.783636431281301,1,0,0,3.7612001156935615
4.9,0,1,0,1,0.0,0,0,0,0,1,0,Laptops,3.9318256327243257,6.606650186198215,0,0,1,2.4849066497880004
4.3,0,0,0,0,0.22,0,0,0,0,1,0,Tablets & E-readers (DEVICES ONLY),3.9318256327243257,6.142897250868192,0,0,1,4.836281906951478
4.4,0,1,1,0,0.07,0,0,0,0,1,0,Printers & Scanners (Hardware),3.9318256327243257,6.413458957167357,0,0,1,8.393442383980062
4.4,0,1,0,0,0.0,0,0,0,0,1,0,Laptops,4.61512051684126,5.598421958998375,0,0,1,7.2305631534092925
4.2,1,1,0,0,0.0,0,0,0,0,1,0,Laptops,0.0,7.090901495650648,0,0,1,4.844187086458591
4.2,1,1,0,0,0.43,0,0,0,0,1,0,Computer Peripherals,3.9318256327243257,3.58324112209094,0,1,0,5.739792912179234
4.1,1,1,0,0,0.0,0,0,0,0,1,0,Cameras & Photography,4.61512051684126,3.849934813114724,0,1,0,5.594711379601839
4.4,1,1,0,0,0.0,0,0,0,0,1,0,"Chargers, Adapters & Cables",3.9318256327243257,2.884241897520628,0,0,1,4.624972813284271
4.5,1,1,0,1,0.42,0,0,0,0,1,0,"Chargers, Adapters & Cables",6.90875477931522,3.218475744846861,0,0,1,7.292337176173877
4.7,0,1,0,0,0.0,0,0,0,0,1,0,"Office Supplies, Ink & Toner",5.303304908059076,2.190535589185423,0,1,0,5.720311776607412
4.8,0,0,0,0,0.0,0,0,0,0,1,0,Cameras & Photography,0.0,6.907755278982137,0,0,1,7.0630481633881725
4.6,1,1,0,0,0.21,1,0,0,0,0,0,Small Gadget Accessories (Cases & Protectors),6.90875477931522,2.5641798306825083,0,1,0,7.901377353792616
2.7,1,1,0,0,0.0,0,0,0,0,1,0,Laptops,0.0,5.438079308923196,0,0,1,2.772588722239781
4.3,0,1,0,0,0.08,0,0,0,0,1,0,Small Gadget Accessories (Cases & Protectors),5.303304908059076,4.874815570953721,0,0,1,5.288267030694535
0.0,1,1,0,0,0.0,0,0,0,0,1,0,Laptops,0.0,6.733401891837359,0,0,1,0.0
4.4,1,1,0,0,0.77,0,0,0,0,0,1,Laptops,0.0,7.313880169386086,0,0,1,7.124478262493424
4.8,0,1,0,0,0.0,0,0,0,0,1,0,"Audio, Sound & Recording Gear",3.9318256327243257,5.476463551931511,0,0,1,5.869296913133774
4.1,0,0,0,0,0.0,0,0,0,0,1,0,"Audio, Sound & Recording Gear",5.303304908059076,3.931629535067065,0,1,0,5.820082930352362
4.2,0,1,0,0,0.12,0,0,0,0,1,0,Laptops,0.0,7.030848634344053,0,0,1,5.313205979041787
4.2,1,1,0,1,0.0,0,0,0,0,1,0,Smart Home & Security,4.61512051684126,4.875120984409557,0,0,1,5.204006687076795
4.8,0,1,0,0,0.0,0,0,0,0,1,0,"Chargers, Adapters & Cables",5.993961427306569,3.043569602968151,0,0,1,5.313205979041787
4.1,1,1,0,0,0.17,0,0,0,0,1,0,Other Electronics,0.0,4.5107496103686,0,0,1,4.5217885770490405
3.8,1,1,0,0,0.43,0,0,0,0,1,0,Smart Home & Security,4.61512051684126,4.875120984409557,0,0,1,6.432940092739179
4.2,1,1,0,0,0.14,0,0,0,0,1,0,Other Electronics,0.0,4.54318839363221,0,0,1,5.147494476813453
4.2,1,1,0,1,0.0,0,0,0,0,1,0,Smart Home & Security,0.0,4.110545941560109,0,0,1,5.204006687076795
0.0,1,1,0,0,0.0,0,0,0,0,1,0,"Office Supplies, Ink & Toner",0.0,6.574252628771435,1,0,0,0.0
4.2,1,1,0,0,0.0,0,0,0,0,1,0,TV & Video Displays,0.0,5.996427212687727,0,0,1,1.9459101490553128
5.0,1,1,0,0,0.0,0,0,0,0,1,0,"Office Supplies, Ink & Toner",5.303304908059076,4.889521718343416,0,0,1,1.3862943611198906
0.0,1,1,0,0,0.0,0,0,0,0,1,0,"Office Supplies, Ink & Toner",0.0,6.675015833994481,1,0,0,0.0
4.4,0,1,0,0,0.0,0,0,0,0,1,0,"Chargers, Adapters & Cables",5.707110264748875,3.58324112209094,0,0,1,4.406719247264253
4.7,0,1,0,0,0.0,0,0,0,0,1,0,PC Components,5.303304908059076,4.585477552642355,0,0,1,8.835210463664092
4.3,0,1,0,0,0.55,0,0,0,0,1,0,Small Gadget Accessories (Cases & Protectors),5.993961427306569,3.7133281345162463,0,0,1,7.895808377083183
4.0,0,1,0,0,0.0,0,0,0,0,1,0,Networking,5.303304908059076,4.3819016268607305,0,0,1,6.496774990185863
4.4,0,1,0,0,0.17,0,0,0,0,0,1,"Audio, Sound & Recording Gear",4.61512051684126,5.19844178112078,0,0,1,3.9318256327243257
4.5,0,1,1,0,0.0,0,0,0,0,1,0,Laptops,3.9318256327243257,6.45518283994607,0,0,1,4.290459441148391
4.6,0,1,0,0,0.0,0,0,0,0,1,0,Power & Batteries,6.2166061010848646,2.173614711697085,0,1,0,9.0811424335045
4.3,0,1,0,0,0.1,0,0,0,0,1,0,Other Electronics,5.303304908059076,4.976388855367665,0,0,1,7.731492029245684
4.5,0,1,0,0,0.2,0,0,0,0,1,0,PC Components,5.707110264748875,4.262539022051294,0,1,0,7.024649030453636
4.3,0,1,0,0,0.3,0,0,0,0,0,1,Wearables,4.61512051684126,5.30305612089521,0,0,1,5.5093883366279774
3.9,0,1,0,0,0.13,0,0,0,0,1,0,Storage & Memory Cards,4.61512051684126,4.382026634673881,0,0,1,4.634728988229636
4.7,0,1,0,0,0.0,0,0,0,0,1,0,Storage & Memory Cards,4.61512051684126,4.356708826689592,0,0,1,3.4339872044851463
3.7,0,0,0,0,0.06,0,0,0,0,1,0,Laptops,4.61512051684126,5.869155660220199,0,0,1,5.1298987149230735
4.2,0,1,0,0,0.0,0,0,0,0,1,0,Smart Home & Security,3.9318256327243257,6.29340079438729,1,0,0,8.368925174747135
0.0,0,1,0,0,0.0,0,0,0,0,1,0,PC Components,0.0,7.723120092266331,1,0,0,0.0
4.6,0,1,0,0,0.0,0,0,0,0,1,0,"Office Supplies, Ink & Toner",5.303304908059076,4.330601752681694,0,0,1,7.1891677384203225
4.4,0,1,0,0,0.0,0,0,0,0,1,0,Wearables,3.9318256327243257,6.552493621597604,1,0,0,5.777652323222656
3.5,0,1,0,0,0.0,0,0,0,0,1,0,Wearables,5.303304908059076,4.709440107163888,0,0,1,8.144969417087875
4.8,0,1,0,0,0.08,0,0,0,0,1,0,"Office Supplies, Ink & Toner",5.993961427306569,3.218475744846861,0,1,0,6.852242569051878
4.5,0,1,0,0,0.1,0,0,0,1,0,0,Mobile Cell Phones & Smartphones,5.993961427306569,3.5260663637080247,0,1,0,5.676753802268282
3.9,0,1,0,0,0.32,0,0,0,0,1,0,Computer Peripherals,5.303304908059076,3.806440242853081,0,0,1,7.442492722794441
4.6,0,0,0,0,0.0,0,0,0,0,1,0,"Audio, Sound & Recording Gear",0.0,6.311716660167896,1,0,0,4.543294782270004
4.2,0,0,0,0,0.0,0,0,0,0,1,0,Cameras & Photography,0.0,6.398511736398798,0,0,1,5.231108616854587
4.6,0,1,1,0,0.23,0,0,0,0,1,0,"Chargers, Adapters & Cables",5.303304908059076,3.433664571799657,0,0,1,8.747352077624353
4.6,0,0,0,0,0.0,0,0,0,0,1,0,Other Electronics,3.9318256327243257,5.823045895483019,0,0,1,7.1846291527173145
4.2,0,0,0,0,0.0,0,0,0,0,1,0,"Audio, Sound & Recording Gear",5.303304908059076,3.0007198150650303,0,1,0,7.629975707027789
4.8,0,1,0,0,0.0,0,0,0,0,1,0,Small Gadget Accessories (Cases & Protectors),6.2166061010848646,2.115049969147204,0,1,0,8.617219505483362
3.8,0,1,0,0,0.0,0,0,0,0,1,0,"Audio, Sound & Recording Gear",5.303304908059076,3.737431494696102,0,1,0,8.103191752285786
4.6,0,1,0,0,0.35,0,0,0,0,1,0,"Audio, Sound & Recording Gear",4.61512051684126,4.709440107163888,0,0,1,4.30406509320417
4.5,0,1,0,0,0.11,0,0,0,0,1,0,Small Gadget Accessories (Cases & Protectors),4.61512051684126,4.025173103360802,0,0,1,4.7535901911063645
4.4,1,1,0,1,0.0,0,0,0,0,1,0,"Chargers, Adapters & Cables",6.90875477931522,4.795707897553386,1,0,0,8.174421152646497
4.8,0,1,0,0,0.0,0,0,0,0,1,0,Computer Peripherals,5.303304908059076,3.688629422858727,0,0,1,2.70805020110221
4.6,0,1,0,0,0.0,0,0,0,0,1,0,"Office Supplies, Ink & Toner",4.61512051684126,4.430697744137536,0,0,1,6.42648845745769
4.7,0,0,0,0,0.0,0,0,0,0,1,0,Other Electronics,5.303304908059076,3.8284239815518326,0,0,1,5.683579767338681
4.4,0,1,0,0,0.0,0,0,0,0,1,0,Mobile Cell Phones & Smartphones,4.61512051684126,4.983606621708336,0,0,1,4.442651256490317
4.7,0,1,0,0,0.0,0,0,0,0,1,0,Other Electronics,4.61512051684126,5.337345753515515,0,0,1,5.869296913133774
4.8,1,1,0,0,0.16,0,0,0,0,1,0,Power & Batteries,6.90875477931522,2.8684669225081145,0,0,1,5.209486152841421
4.6,0,0,0,0,0.0,0,0,0,0,1,0,Computer Peripherals,5.303304908059076,2.7073833121145063,0,1,0,6.810142450115136
4.3,0,0,0,0,0.0,0,0,0,0,1,0,Small Gadget Accessories (Cases & Protectors),4.61512051684126,5.016948656152848,1,0,0,4.543294782270004
0.0,0,0,0,0,0.0,0,0,0,0,1,0,"Office Supplies, Ink & Toner",0.0,6.418185474483234,1,0,0,0.0
4.5,1,1,0,0,0.0,0,0,0,0,1,0,Laptops,3.9318256327243257,6.214608098422191,0,0,1,2.079441541679836
5.0,1,1,0,0,0.0,0,0,0,0,1,0,Laptops,0.0,6.593044534142437,0,0,1,1.6094379124341005
4.4,1,1,0,0,0.12,0,0,0,0,1,0,Laptops,0.0,6.396929655216146,0,0,1,3.6635616461296463
4.4,1,1,0,0,0.16,0,1,0,0,0,0,Storage & Memory Cards,7.601402334583733,5.525413097700675,0,0,1,9.405907155520158
4.3,1,1,0,0,0.38,0,0,0,0,1,0,"Chargers, Adapters & Cables",8.699681400989514,2.8326249356838407,0,0,1,7.845416036592485
4.6,1,1,0,0,0.12,0,0,0,0,1,0,"Chargers, Adapters & Cables",4.61512051684126,2.8887037007954675,0,0,1,8.491259809389733
4.8,1,1,0,0,0.21,1,0,0,0,0,0,Storage & Memory Cards,8.294299608857235,5.252221070655064,0,0,1,10.250440389576625
4.9,0,1,0,0,0.17,0,0,0,0,1,0,PC Components,4.61512051684126,4.110709916308365,0,1,0,2.70805020110221
4.5,1,1,0,0,0.41,0,0,0,1,0,0,Laptops,5.303304908059076,6.0867747269123065,0,0,1,3.1780538303479458
3.0,1,1,0,1,0.0,0,0,0,0,1,0,Laptops,0.0,5.991464547107982,0,0,1,0.6931471805599453
4.3,1,1,0,0,0.0,0,0,0,0,1,0,Laptops,0.0,5.43372200355424,0,0,1,5.389071729816501
4.2,1,1,0,1,0.0,0,0,0,0,1,0,Laptops,5.303304908059076,6.1092475827643655,0,0,1,3.258096538021482
4.4,1,1,0,0,0.73,0,0,0,1,0,0,Laptops,0.0,8.006697513212222,1,0,0,6.778784897685177
4.8,1,1,0,0,0.05,0,0,0,0,1,0,Storage & Memory Cards,6.90875477931522,5.652454091933764,0,0,1,10.250440389576625
4.3,1,1,0,1,0.0,0,0,0,0,1,0,Laptops,0.0,6.565264970035361,0,0,1,4.330733340286331
4.4,1,1,0,1,0.0,0,0,0,0,1,0,Laptops,0.0,6.476972362889683,0,0,1,3.6635616461296463
4.5,1,1,0,0,0.0,0,0,0,0,1,0,Laptops,0.0,6.309918278226516,0,0,1,2.079441541679836
0.0,1,1,0,0,0.0,0,0,0,0,1,0,Power & Batteries,0.0,5.19844178112078,1,0,0,0.0
0.0,1,1,0,0,0.0,0,0,0,0,1,0,PC Components,0.0,7.847762537473608,1,0,0,0.0
4.7,0,0,0,0,0.47,0,0,0,0,1,0,Laptops,3.9318256327243257,7.438965713483813,1,0,0,1.6094379124341005
4.7,1,1,0,0,0.15,0,0,0,0,1,0,Small Gadget Accessories (Cases & Protectors),3.9318256327243257,5.247024072160486,1,0,0,3.49650756146648
4.7,1,1,0,0,0.0,0,0,0,0,1,0,Wearables,0.0,3.177637076851603,0,1,0,4.543294782270004
4.1,1,1,0,0,0.13,0,0,0,0,1,0,Wearables,3.9318256327243257,4.753503980493785,0,0,1,4.127134385045092
4.4,0,1,0,0,0.1,0,0,0,0,1,0,TV & Video Displays,3.9318256327243257,5.135798437050262,0,0,1,4.5217885770490405
4.0,1,1,1,0,0.0,0,0,0,0,1,0,Small Gadget Accessories (Cases & Protectors),4.61512051684126,4.393831680123644,0,0,1,7.540090320145325
4.6,1,1,0,0,0.35,0,0,0,0,1,0,"Chargers, Adapters & Cables",6.90875477931522,3.433664571799657,0,0,1,7.993619994827744
4.2,0,1,0,0,0.2,0,0,0,0,1,0,Computer Peripherals,4.61512051684126,5.19844178112078,0,0,1,6.476972362889683
4.5,0,0,0,0,0.0,0,0,0,0,1,0,"Office Supplies, Ink & Toner",4.61512051684126,5.1923455529745945,0,0,1,4.663439094112067
4.2,1,1,0,0,0.0,0,0,0,0,1,0,Laptops,0.0,6.327936783729195,0,0,1,4.68213122712422
4.3,1,1,0,0,0.0,0,0,0,0,1,0,Laptops,3.9318256327243257,6.272877006546167,0,0,1,4.90527477843843
4.3,1,1,0,0,0.0,0,0,0,0,1,0,Wearables,8.006700845440367,4.077367938014984,0,0,1,8.169902647359145
4.6,1,1,0,0,0.1,0,0,0,0,1,0,PC Components,0.0,5.673288902319859,0,0,1,9.379154445411636
4.9,1,1,0,1,0.0,0,0,0,0,1,0,Laptops,4.61512051684126,6.1092475827643655,0,0,1,2.6390573296152584
3.6,1,1,0,0,0.25,0,0,0,0,1,0,Wearables,3.9318256327243257,4.836202538722539,0,0,1,4.343805421853684
4.8,1,1,0,0,0.0,1,0,0,0,0,0,Laptops,0.0,3.331847303527362,0,1,0,3.6635616461296463
4.8,0,1,0,0,0.0,0,0,0,0,1,0,Storage & Memory Cards,5.303304908059076,3.58324112209094,0,0,1,7.124478262493424
4.4,1,1,0,1,0.0,0,0,0,0,1,0,Wearables,6.90875477931522,4.3943256902608985,0,0,1,7.273786317844895
4.0,1,1,0,0,0.0,0,0,0,0,1,0,"Audio, Sound & Recording Gear",0.0,5.010635294096256,0,0,1,0.6931471805599453
4.1,1,1,0,0,0.23,0,0,0,0,1,0,Wearables,6.2166061010848646,4.875120984409557,0,0,1,6.874198495453294
4.2,1,1,0,0,0.0,1,0,0,0,0,0,Laptops,0.0,6.492239835020471,0,0,1,6.699500340161678
4.8,1,1,0,0,0.0,0,0,0,0,1,0,Storage & Memory Cards,6.90875477931522,6.398578295461671,1,0,0,10.25040504701888
4.0,1,1,0,1,0.0,0,0,0,0,1,0,Wearables,6.2166061010848646,4.875120984409557,0,0,1,5.393627546352362
4.6,1,1,0,0,0.33,0,1,0,0,0,0,"Chargers, Adapters & Cables",9.210440366976515,2.771963526845863,0,0,1,9.265680467009346
4.5,0,1,0,0,0.0,0,0,0,0,1,0,Other Electronics,5.303304908059076,4.669833699313814,0,0,1,6.895682697747868
4.5,1,1,0,0,0.0,0,0,0,0,1,0,PC Components,0.0,2.5572273113676265,0,1,0,2.995732273553991
4.4,1,1,0,1,0.0,1,0,0,0,0,0,Laptops,0.0,5.91350300563827,0,0,1,5.236441962829949
4.4,1,1,0,0,0.0,0,0,0,0,1,0,Laptops,0.0,6.327936783729195,0,0,1,3.6635616461296463
4.1,1,1,0,1,0.0,0,0,0,0,1,0,Laptops,0.0,7.003065458786462,0,0,1,3.951243718581428
4.3,1,1,0,0,0.0,0,0,0,0,1,0,Laptops,3.9318256327243257,6.253828811575473,0,0,1,4.90527477843843
3.6,0,1,0,0,0.43,0,0,0,0,1,0,"Audio, Sound & Recording Gear",3.9318256327243257,6.685848462595922,1,0,0,5.655991810819852
4.5,0,0,0,0,0.0,0,0,0,0,1,0,TV & Video Displays,3.9318256327243257,5.293254572205575,0,0,1,6.907755278982137
4.1,0,1,1,0,0.27,0,0,0,0,1,0,Small Gadget Accessories (Cases & Protectors),5.707110264748875,3.295466427029913,0,0,1,6.100318952020064
4.3,1,1,0,0,0.29,0,0,0,0,1,0,Wearables,3.9318256327243257,3.0440461338325417,0,1,0,4.060443010546419
4.1,1,1,0,1,0.0,0,0,0,0,1,0,Laptops,0.0,6.214608098422191,0,0,1,7.210079628170788
4.4,1,1,0,0,0.15,0,0,0,0,1,0,Storage & Memory Cards,6.90875477931522,4.6150215020384655,0,0,1,9.405742668308667
4.9,1,1,0,0,0.82,0,0,0,1,0,0,Wearables,0.0,5.141605075260502,0,0,1,2.8903717578961645
4.3,1,1,0,1,0.0,0,0,0,0,1,0,"Audio, Sound & Recording Gear",0.0,4.356580613342406,0,0,1,6.456769655572163
3.8,1,1,1,0,0.0,0,0,0,0,1,0,Mobile Cell Phones & Smartphones,0.0,3.9308447596687337,0,0,1,2.079441541679836
4.6,1,1,0,0,0.0,0,0,0,0,1,0,Wearables,0.0,4.356580613342406,0,0,1,4.158883083359672
4.4,1,1,0,0,0.0,0,0,0,0,1,0,Laptops,3.9318256327243257,5.703782474656201,0,0,1,3.5263605246161616
4.4,1,1,0,1,0.0,0,0,0,0,1,0,Wearables,6.90875477931522,4.6150215020384655,0,0,1,7.273786317844895
3.9,1,1,0,0,0.32,0,0,0,0,1,0,Wearables,6.90875477931522,4.875120984409557,0,0,1,5.828945617610208
4.9,1,1,0,0,0.29,0,0,0,1,0,0,Other Electronics,3.9318256327243257,6.685848462595922,1,0,0,2.6390573296152584
4.2,1,1,0,0,0.4,0,0,0,0,1,0,Wearables,0.0,3.931629535067065,0,0,1,4.23410650459726
4.2,1,1,0,0,0.0,0,0,0,0,1,0,Wearables,4.61512051684126,3.433664571799657,0,1,0,5.117993812416755
4.6,1,1,1,0,0.2,0,0,0,0,1,0,"Chargers, Adapters & Cables",9.210440366976515,2.39698576841553,0,1,0,10.415981783402664
4.1,1,1,0,0,0.0,0,0,0,0,1,0,Laptops,0.0,6.492239835020471,0,0,1,7.210079628170788
4.4,1,1,0,0,0.0,0,0,0,0,1,0,Laptops,0.0,6.214608098422191,0,0,1,5.236441962829949
4.8,1,1,0,0,0.06,0,0,0,0,1,0,PC Components,5.303304908059076,5.802088163440325,0,0,1,10.25040504701888
4.5,1,1,0,0,0.0,0,0,0,0,1,0,Laptops,0.0,6.4457198193855785,0,0,1,2.079441541679836
4.2,1,1,0,0,0.0,0,0,0,0,1,0,Laptops,0.0,6.327936783729195,0,0,1,6.699500340161678
5.0,1,1,0,0,0.0,0,0,0,0,1,0,"Office Supplies, Ink & Toner",0.0,4.233961566558017,0,0,1,0.6931471805599453
4.8,1,1,0,1,0.0,0,0,0,0,1,0,Laptops,0.0,5.857933154483459,0,0,1,2.302585092994046
4.6,0,1,0,0,0.0,0,0,0,0,1,0,PC Components,3.9318256327243257,5.552571912887299,0,0,1,4.04305126783455
4.3,1,1,0,0,0.12,0,0,0,0,0,1,Laptops,3.9318256327243257,6.492239835020471,0,0,1,5.278114659230517
4.7,1,1,0,0,0.0,0,0,0,0,1,0,Power & Batteries,6.90875477931522,2.39698576841553,0,0,1,4.927253685157205
0.0,1,1,0,0,0.0,0,0,0,0,1,0,"Audio, Sound & Recording Gear",0.0,4.532599493153256,0,0,1,0.0
4.4,1,1,0,0,0.0,0,0,0,0,1,0,"Audio, Sound & Recording Gear",7.601402334583733,6.107022887742255,1,0,0,6.669498089857879
4.8,0,0,0,0,0.24,0,0,0,0,1,0,TV & Video Displays,5.303304908059076,4.875120984409557,0,0,1,8.175547596021026
4.4,1,1,0,0,0.0,1,0,0,0,0,0,Laptops,0.0,5.857933154483459,0,0,1,5.236441962829949
4.6,0,1,1,0,0.0,0,0,0,0,1,0,Tablets & E-readers (DEVICES ONLY),5.707110264748875,3.038791763014438,0,1,0,5.501258210544727
4.6,0,0,0,0,0.0,0,0,0,0,1,0,Cameras & Photography,0.0,7.549609165154532,0,0,1,6.88653164253051
5.0,1,1,0,0,0.0,0,0,0,0,1,0,Smart Home & Security,0.0,5.99393648933976,0,0,1,1.0986122886681098
4.3,1,1,0,0,0.0,0,0,0,0,1,0,Laptops,3.9318256327243257,6.327936783729195,0,0,1,4.90527477843843
4.0,1,1,0,0,0.0,1,0,0,0,0,0,Laptops,0.0,6.327936783729195,0,0,1,4.454347296253507
4.3,1,1,0,0,0.0,0,0,0,0,1,0,Laptops,0.0,6.745236349484363,0,0,1,4.969813299576001
3.0,1,1,0,0,0.0,0,0,0,0,1,0,Computer Peripherals,0.0,6.855398261146611,1,0,0,0.6931471805599453
4.3,1,1,0,1,0.0,0,0,0,0,1,0,Laptops,0.0,6.476972362889683,0,0,1,4.330733340286331
4.4,1,1,0,0,0.15,0,0,0,0,1,0,"Chargers, Adapters & Cables",5.303304908059076,4.875120984409557,1,0,0,8.174421152646497
4.4,1,1,0,0,0.07,0,0,0,0,1,0,Storage & Memory Cards,5.993961427306569,5.602081919829862,0,0,1,9.405742668308667
3.8,0,0,0,0,0.0,0,0,0,0,1,0,Printers & Scanners (Hardware),4.61512051684126,5.298317366548036,0,0,1,3.80666248977032
5.0,0,0,0,0,0.0,0,0,0,0,1,0,Laptops,0.0,6.72320724542729,0,0,1,1.9459101490553128
4.4,0,1,0,0,0.51,0,0,0,0,1,0,Small Gadget Accessories (Cases & Protectors),5.707110264748875,3.2577118486533987,0,0,1,8.510369966068112
4.3,0,1,0,0,0.0,0,0,0,0,1,0,Mobile Cell Phones & Smartphones,4.61512051684126,4.795707897553386,0,0,1,3.8501476017100575
4.7,0,1,0,0,0.35,0,0,0,0,1,0,Laptops,5.303304908059076,3.849934813114724,0,1,0,4.356708826689592
4.5,0,1,0,1,0.0,0,0,0,0,1,0,"Chargers, Adapters & Cables",5.993961427306569,2.7073833121145063,0,1,0,5.666426688112432
4.8,0,1,1,0,0.27,0,0,0,0,1,0,"Chargers, Adapters & Cables",6.2166061010848646,3.295466427029913,0,0,1,7.563719668414366
4.5,0,1,0,0,0.0,0,0,0,0,1,0,PC Components,4.61512051684126,4.510309904964132,0,1,0,5.605802066295998
4.2,0,0,0,0,0.0,0,0,0,0,1,0,Video Game Consoles & Virtual Reality,4.61512051684126,5.293053536872938,0,0,1,5.501258210544727
4.7,0,0,0,0,0.0,0,0,0,0,1,0,PC Components,5.303304908059076,4.626540211724284,0,0,1,5.209486152841421
4.2,0,1,1,0,0.0,0,0,0,0,1,0,TV & Video Displays,0.0,6.551080335043404,0,0,1,5.556828061699537
4.2,0,0,0,0,0.0,0,0,0,0,1,0,Wearables,0.0,2.39698576841553,0,1,0,3.9318256327243257
4.1,0,1,0,0,0.19,0,0,0,0,1,0,Smart Home & Security,3.9318256327243257,5.916175108066267,0,0,1,4.948759890378168
4.8,0,1,0,0,0.0,0,0,0,0,1,0,Small Gadget Accessories (Cases & Protectors),5.707110264748875,3.08876713952118,0,0,1,8.157370441186774
4.2,0,0,0,0,0.0,0,0,0,0,1,0,Networking,4.61512051684126,4.867534450455582,0,0,1,4.330733340286331
4.5,0,1,0,0,0.05,0,0,0,0,1,0,"Audio, Sound & Recording Gear",4.61512051684126,5.017213609456379,0,0,1,5.855071922202427
4.4,0,0,0,0,0.0,0,0,0,0,1,0,Storage & Memory Cards,0.0,5.860757733031528,0,0,1,4.836281906951478
4.5,0,1,0,0,0.0,0,0,0,0,1,0,Power & Batteries,5.303304908059076,3.931629535067065,0,0,1,4.543294782270004
5.0,0,1,0,0,0.0,0,0,0,0,1,0,Laptops,3.9318256327243257,6.856461984594587,0,0,1,0.6931471805599453
4.0,0,1,0,0,0.15,0,0,0,0,1,0,Computer Peripherals,5.303304908059076,3.8284239815518326,0,0,1,4.23410650459726
3.8,0,1,0,0,0.0,0,0,0,0,1,0,"Chargers, Adapters & Cables",5.303304908059076,4.077367938014984,0,0,1,5.488937726156687
4.5,0,1,0,0,0.0,0,0,0,0,1,0,"Audio, Sound & Recording Gear",4.61512051684126,5.361573816183052,0,0,1,6.498282149476434
4.2,0,1,0,0,0.0,0,0,0,0,1,0,Computer Peripherals,5.707110264748875,3.4333418349887226,0,1,0,5.337538079701318
5.0,0,1,0,0,0.0,0,0,0,0,1,0,"Office Supplies, Ink & Toner",3.9318256327243257,5.777311707944317,0,0,1,1.6094379124341005
4.4,0,1,0,0,0.0,0,0,0,0,1,0,Computer Peripherals,4.61512051684126,4.9486889658772695,0,0,1,3.7612001156935615
4.4,0,0,0,0,0.09,0,0,0,0,1,0,Tablets & E-readers (DEVICES ONLY),5.303304908059076,4.204692619390966,0,0,1,5.429345628954441
4.5,0,1,1,0,0.0,0,0,0,0,1,0,TV & Video Displays,4.61512051684126,5.225477820371079,0,0,1,9.100971834920818
4.6,0,1,0,0,0.0,0,0,0,0,1,0,PC Components,4.61512051684126,5.602081919829862,0,0,1,4.330733340286331
3.9,0,0,0,0,0.0,0,0,0,0,1,0,Tablets & E-readers (DEVICES ONLY),5.303304908059076,4.700480365792417,0,0,1,6.182084906716632
4.7,0,1,0,0,0.37,0,0,0,0,1,0,"Audio, Sound & Recording Gear",6.2166061010848646,2.9947317732204075,0,1,0,8.491054533806542
4.2,0,1,0,0,0.15,0,0,0,0,1,0,TV & Video Displays,5.707110264748875,3.58324112209094,0,1,0,7.691656822810547
4.9,0,1,0,0,0.0,0,0,0,0,1,0,Laptops,5.303304908059076,4.6150215020384655,0,1,0,3.713572066704308
4.1,0,1,0,0,0.0,0,0,0,0,1,0,"Audio, Sound & Recording Gear",5.707110264748875,4.0428758138469085,0,0,1,7.424165281042028
4.6,0,1,0,0,0.0,0,0,0,0,1,0,Networking,4.61512051684126,4.5107496103686,0,0,1,5.796057750765372
4.5,0,0,0,0,0.0,0,0,0,0,1,0,Wearables,5.303304908059076,4.262539022051294,0,0,1,9.069813136839208
4.4,0,0,0,0,0.0,0,0,0,0,1,0,Other Electronics,5.303304908059076,4.282620578207235,0,0,1,7.1891677384203225
4.5,0,1,0,0,0.0,0,0,0,0,1,0,Cameras & Photography,3.9318256327243257,6.646390514847729,0,0,1,2.079441541679836
4.5,0,1,1,0,0.0,0,0,0,0,1,0,Small Gadget Accessories (Cases & Protectors),5.707110264748875,3.366950942933564,0,0,1,6.532334292222349
4.8,0,0,0,0,0.76,0,0,0,0,1,0,Laptops,3.9318256327243257,7.972466015974565,1,0,0,2.70805020110221
4.1,0,1,0,1,0.0,0,0,0,0,1,0,PC Components,3.9318256327243257,7.409130386966594,1,0,0,5.049856007249537
4.8,1,1,0,0,0.48,0,0,0,1,0,0,Power & Batteries,10.308985993422082,2.9947317732204075,0,0,1,10.09158406877277
4.6,0,0,0,0,0.43,0,1,0,0,0,0,"Audio, Sound & Recording Gear",4.61512051684126,4.5107496103686,0,0,1,4.68213122712422
4.7,0,1,0,0,0.0,0,0,0,0,1,0,"Office Supplies, Ink & Toner",4.61512051684126,5.009968405108552,0,0,1,8.24143968982973
4.2,0,1,0,0,0.0,0,0,0,0,1,0,Laptops,5.707110264748875,3.5260663637080247,0,1,0,7.288927694521257
4.7,0,1,0,0,0.0,0,0,0,0,1,0,"Audio, Sound & Recording Gear",5.303304908059076,3.5260663637080247,0,1,0,5.958424693029782
4.4,1,1,1,0,0.22,0,1,0,0,0,0,Wearables,9.210440366976515,5.198220750009751,0,0,1,8.491875383431948
5.0,1,1,0,0,0.73,0,0,0,0,1,0,"Audio, Sound & Recording Gear",0.0,5.017213609456379,0,0,1,1.9459101490553128
4.7,1,1,0,0,0.09,0,0,0,0,1,0,Power & Batteries,0.0,5.799092654460526,1,0,0,3.4339872044851463
4.5,1,1,0,0,0.0,0,0,0,0,1,0,Power & Batteries,0.0,5.135798437050262,1,0,0,2.079441541679836
4.7,0,1,0,0,0.0,0,0,0,0,1,0,Small Gadget Accessories (Cases & Protectors),5.303304908059076,4.110709916308365,0,0,1,7.483806687665835
3.8,1,1,0,0,0.25,0,0,0,0,1,0,Smart Home & Security,0.0,4.94861803634573,0,0,1,2.4849066497880004
4.4,1,1,0,0,0.25,0,0,0,0,1,0,Storage & Memory Cards,0.0,5.017147377711479,0,0,1,4.23410650459726
3.0,1,1,0,0,0.09,0,0,0,0,1,0,Computer Peripherals,0.0,5.857933154483459,0,0,1,0.6931471805599453
4.4,1,1,0,1,0.0,0,0,0,0,1,0,Smart Home & Security,0.0,5.398117451625214,0,0,1,3.970291913552122
5.0,1,1,0,0,0.15,0,0,0,1,0,0,Small Gadget Accessories (Cases & Protectors),4.61512051684126,3.319987326236612,0,0,1,2.8903717578961645
4.6,1,1,1,0,0.11,1,0,0,0,0,0,Computer Peripherals,9.210440366976515,3.8284239815518326,0,0,1,11.832331469804917
4.1,1,1,0,0,0.4,0,0,0,1,0,0,Wearables,3.9318256327243257,3.931629535067065,0,0,1,6.082218910376446
3.8,1,1,0,0,0.08,0,0,0,0,1,0,Networking,7.601402334583733,3.663305202994506,0,1,0,11.688717416884352
4.3,1,1,0,1,0.0,0,0,0,0,1,0,Smart Home & Security,0.0,5.081342251254203,0,0,1,3.218875824868201
3.8,1,1,0,0,0.0,0,0,0,0,1,0,"Audio, Sound & Recording Gear",0.0,4.9486889658772695,0,0,1,3.4339872044851463
4.7,0,1,0,0,0.1,0,0,1,0,0,0,Storage & Memory Cards,4.61512051684126,5.017213609456379,0,0,1,6.3080984415095305
4.8,0,1,0,0,0.0,0,0,0,0,1,0,Wearables,5.993961427306569,3.331847303527362,0,1,0,7.605392364814935
4.5,1,1,0,0,0.11,0,0,0,0,1,0,Wearables,7.601402334583733,5.198220750009751,0,0,1,10.129706370367266
4.3,1,0,0,0,0.29,0,0,0,0,1,0,Laptops,3.9318256327243257,6.857966115979496,0,0,1,7.371489295214277
4.2,1,1,1,0,0.0,0,0,0,0,1,0,"Chargers, Adapters & Cables",0.0,5.141371116085311,1,0,0,1.3862943611198906
3.7,1,1,1,0,0.0,0,0,0,0,1,0,Power & Batteries,0.0,5.484755438853831,1,0,0,3.871201010907891
4.6,1,1,0,0,0.0,0,0,0,0,1,0,Power & Batteries,5.303304908059076,2.3960754360813845,0,0,1,3.4657359027997265
4.4,1,1,0,0,0.0,0,0,0,0,1,0,Small Gadget Accessories (Cases & Protectors),8.294299608857235,2.825536896557877,0,1,0,9.74455043597491
4.7,1,1,0,0,0.37,0,0,0,0,1,0,TV & Video Displays,0.0,4.060270581888349,0,1,0,7.54274354536855
4.7,1,1,0,0,0.0,0,0,0,0,1,0,Wearables,0.0,3.9308447596687337,0,0,1,2.19722457733622
4.0,0,1,0,0,0.28,0,0,0,0,1,0,Printers & Scanners (Hardware),4.61512051684126,5.484755438853831,0,0,1,7.340835554123275
4.1,0,0,0,0,0.0,0,0,0,0,1,0,Wearables,4.61512051684126,4.163870624870711,0,0,1,8.278428259199071
4.1,0,1,0,0,0.0,0,0,0,0,1,0,"Audio, Sound & Recording Gear",4.61512051684126,5.398117451625214,0,0,1,6.92951677076365
5.0,0,0,0,0,0.0,0,0,0,0,1,0,Laptops,0.0,8.18505753821015,1,0,0,1.6094379124341005
3.4,0,0,1,0,0.0,0,0,0,0,1,0,"Office Supplies, Ink & Toner",0.0,6.7912214627261855,1,0,0,3.8501476017100575
4.7,0,1,0,0,0.07,0,0,0,0,1,0,Cameras & Photography,0.0,7.313880169386086,0,0,1,6.393590753950631
1.5,0,1,0,0,0.0,0,0,0,0,1,0,Storage & Memory Cards,0.0,7.133527372650034,1,0,0,1.791759469228055
4.5,0,1,0,1,0.08,0,0,0,0,1,0,Computer Peripherals,3.9318256327243257,6.398511736398798,1,0,0,5.099866427824199
3.8,0,1,0,0,0.12,0,0,0,0,1,0,Computer Peripherals,3.9318256327243257,5.802088163440325,0,0,1,5.8971538676367405
4.8,1,1,0,0,0.0,0,0,0,0,1,0,"Audio, Sound & Recording Gear",4.61512051684126,4.6150215020384655,0,0,1,3.091042453358316
3.8,1,1,0,0,0.0,0,0,0,0,1,0,Wearables,0.0,3.6883793290722537,0,1,0,6.156978985585555
5.0,1,1,0,0,0.09,0,0,0,0,1,0,Computer Peripherals,0.0,5.799092654460526,0,0,1,1.3862943611198906
5.0,0,0,0,0,0.0,0,0,0,0,1,0,Laptops,0.0,7.4960917926896915,1,0,0,0.6931471805599453
4.2,1,1,0,0,0.42,0,0,0,0,1,0,Smart Home & Security,8.006700845440367,3.931629535067065,0,0,1,8.526945482858915
0.0,1,1,0,1,0.17,0,0,0,0,1,0,Laptops,0.0,4.110709916308365,0,1,0,0.0
4.7,0,1,0,0,0.06,1,0,0,0,0,0,Storage & Memory Cards,5.707110264748875,3.108614430610664,0,1,0,7.552237287560802
3.7,1,0,0,0,0.38,0,0,0,0,1,0,TV & Video Displays,0.0,4.3943256902608985,0,0,1,2.079441541679836
4.8,1,1,0,0,0.15,0,0,0,0,1,0,Power & Batteries,9.90353755128617,3.1888289035159043,0,0,1,8.56845648535378
4.1,1,1,0,1,0.0,0,0,0,0,1,0,Cameras & Photography,0.0,4.46579316951945,0,0,1,5.594711379601839
4.7,0,1,0,1,0.0,0,0,0,0,1,0,TV & Video Displays,6.2166061010848646,2.301584592660462,0,1,0,8.575462099540212
4.0,0,1,0,0,0.0,0,0,0,0,1,0,Laptops,3.9318256327243257,6.063785208687608,0,0,1,4.653960350157523
4.8,1,1,0,0,0.0,0,0,0,0,1,0,Power & Batteries,8.699681400989514,2.771963526845863,0,0,1,10.045507812556558
4.5,0,1,0,0,0.19,0,0,0,0,1,0,Computer Peripherals,4.61512051684126,4.3943256902608985,0,0,1,7.033506484287697
4.1,0,1,0,0,0.5,0,0,0,0,1,0,"Audio, Sound & Recording Gear",5.707110264748875,4.0943445622221,0,0,1,6.784457062637643
4.5,0,1,0,0,0.23,0,0,0,0,1,0,PC Components,4.61512051684126,6.478494281107485,0,0,1,4.110873864173311
4.8,0,1,0,0,0.0,0,0,0,0,1,0,PC Components,4.61512051684126,4.607168188650764,0,0,1,8.592857095337227
4.5,0,0,0,0,0.0,0,0,0,0,1,0,TV & Video Displays,0.0,6.831122583934532,1,0,0,3.218875824868201
4.6,0,1,1,0,0.1,0,0,0,0,1,0,Storage & Memory Cards,5.707110264748875,3.7123518102990793,0,0,1,7.0925737159746784
4.9,0,0,1,0,0.0,0,0,0,0,1,0,"Office Supplies, Ink & Toner",5.707110264748875,4.8496837630384935,0,0,1,2.995732273553991
4.1,0,1,0,0,0.15,0,0,1,0,0,0,"Office Supplies, Ink & Toner",6.398594934535208,2.312535423847214,0,1,0,7.583756300707112
4.3,0,1,0,0,0.18,0,0,0,0,0,1,TV & Video Displays,3.9318256327243257,7.003965054029298,1,0,0,4.060443010546419
4.2,0,1,0,0,0.1,0,0,0,0,0,1,PC Components,0.0,7.467936621247271,1,0,0,4.290459441148391
5.0,0,0,0,0,0.0,0,0,0,0,1,0,"Audio, Sound & Recording Gear",4.61512051684126,5.283152966028264,0,0,1,0.6931471805599453
4.2,0,1,0,1,0.0,0,0,0,0,1,0,Cameras & Photography,5.303304908059076,4.5107496103686,0,0,1,3.044522437723423
4.6,0,0,0,0,0.0,0,0,0,0,1,0,PC Components,3.9318256327243257,6.508754233730972,0,0,1,3.4011973816621555
4.8,0,1,0,0,0.0,0,0,0,0,1,0,"Chargers, Adapters & Cables",6.2166061010848646,2.582486978126864,0,1,0,9.921180112067049
4.7,0,1,0,0,0.0,0,0,0,0,1,0,"Audio, Sound & Recording Gear",5.993961427306569,3.238286218388024,0,1,0,6.111467339502679
4.4,0,1,0,0,0.0,0,0,0,0,1,0,TV & Video Displays,4.61512051684126,5.645588230411475,0,0,1,7.616775808698373
4.2,0,1,0,0,0.0,1,0,0,0,0,0,"Audio, Sound & Recording Gear",4.61512051684126,4.976733742420574,0,0,1,4.90527477843843
3.6,0,1,0,0,0.0,0,0,0,0,1,0,Printers & Scanners (Hardware),4.61512051684126,5.5053315359323625,0,0,1,5.14166355650266
4.5,0,1,0,0,0.13,0,0,0,0,1,0,"Chargers, Adapters & Cables",5.993961427306569,3.177637076851603,0,0,1,7.964850887447313
3.6,0,1,0,0,0.0,0,0,0,0,1,0,Printers & Scanners (Hardware),4.61512051684126,5.442374419541463,0,0,1,4.584967478670572
4.5,0,1,0,0,0.0,0,0,0,0,1,0,Printers & Scanners (Hardware),4.61512051684126,5.141371116085311,0,0,1,6.107022887742255
0.0,0,1,0,0,0.33,0,0,0,1,0,0,PC Components,3.9318256327243257,5.19844178112078,0,0,1,0.0
4.0,0,1,0,0,0.0,0,0,0,0,1,0,Computer Peripherals,5.303304908059076,4.3943256902608985,0,0,1,7.140453043101158
4.6,0,0,0,1,0.26,0,0,0,0,1,0,"Chargers, Adapters & Cables",5.707110264748875,3.5550623063795967,0,0,1,6.734591659972948
4.7,0,1,0,0,0.35,0,0,0,0,1,0,"Audio, Sound & Recording Gear",6.2166061010848646,2.8320361808832013,0,1,0,8.86827250899781
3.9,0,0,0,0,0.0,0,0,0,0,1,0,PC Components,4.61512051684126,4.820281565605037,0,0,1,6.683360945766275
4.4,0,1,0,0,0.16,0,0,0,0,1,0,Smart Home & Security,3.9318256327243257,6.21658614080582,1,0,0,4.330733340286331
