index_original,y_test_log,y_pred_log,y_test_euro,y_pred_euro,error_euro,error_percent
2168,3.610647605844363,6.2549738801120665,35.99000000000001,519.5957766764944,483.60577667649443,1343.722635944691
472,4.905200701620736,3.6728712465677806,133.9900000000001,38.3647697127212,-95.6252302872789,-71.36743808290083
4159,4.453882071774309,4.838321587276769,84.95999999999997,125.25726199791397,40.297261997914006,47.43086393351462
676,3.4833916192881422,3.8673152028628754,31.57,46.813843133004596,15.243843133004596,48.285850912273034
6659,7.261927092702751,6.444617868613274,1424.0000000000005,628.3061533760709,-795.6938466239295,-55.87737686965796
2685,5.991464547107982,4.677127537100122,398.9999999999999,106.46095121857854,-292.53904878142134,-73.31805733870212
3185,4.642562305205154,5.647799353984476,102.81000000000003,282.66652882716994,179.8565288271699,174.94069528953395
5830,6.552493621597604,5.573475812026515,699.9899999999999,262.3478579453872,-437.6421420546127,-62.52119916778993
2892,3.7133281345162463,4.303658982518242,39.99,72.96995391067328,32.97995391067328,82.47050240228377
3298,5.935476036899127,5.260822414545467,377.21999999999997,191.639855987208,-185.58014401279198,-49.196793386562746
5982,5.860757733031528,5.377455532702136,349.9900000000004,215.47077128189986,-134.51922871810055,-38.43516349555713
3540,4.6150215020384655,3.625297346083399,99.99,36.53588264809601,-63.45411735190398,-63.4604633982438
37,4.3943256902608985,2.995926900512085,79.99,19.003892917982988,-60.98610708201701,-76.24216412303664
2821,4.663344750039164,3.9174145343085955,104.99000000000001,49.27030446641071,-55.7196955335893,-53.07143112066797
3792,4.454231010422805,4.536913062609982,84.98999999999998,92.40202842486826,7.412028424868282,8.721059448015394
6453,3.133317936506554,4.952456208462549,21.949999999999996,140.52214526289103,118.57214526289104,540.19200575349
5453,4.510309904964132,4.005556562424588,89.9500000000001,53.902372494871784,-36.04762750512832,-40.07518344094305
2288,3.49650756146648,3.6473565601540407,31.999999999999986,37.373094891506994,5.373094891507009,16.79092153595941
5209,7.170119543449628,5.693981651241866,1299.0,296.0741144402852,-1002.9258855597147,-77.2075354549434
625,4.508218659911641,4.503425210257479,89.76000000000002,89.32598754883603,-0.43401245116399423,-0.4835254580704034
319,4.912581353620868,3.3759684684966897,134.99000000000007,28.252600289025008,-106.73739971097505,-79.07059760795244
7377,7.7406644019172415,6.990526736048656,2299.000000000001,1085.2935154698575,-1213.7064845301434,-52.792800545025784
2275,4.5107496103686,4.793711114908266,89.99000000000004,119.74865030939495,29.75865030939491,33.06884132614168
5425,4.110709916308365,4.141956764910592,59.99000000000001,61.92583211873061,1.9358321187306018,3.226924685331891
2887,2.8326249356838407,3.819857194228372,15.989999999999998,44.5976962416823,28.6076962416823,178.90992021064605
2770,5.631211781821365,4.386535905865475,277.99999999999994,79.36155626029924,-198.6384437397007,-71.4526776042089
1146,5.703782474656201,4.15754791349984,298.99999999999994,62.914606149304426,-236.0853938506955,-78.95832570257376
4794,3.349904087274605,4.067512388688714,27.5,57.4114766606431,29.911476660643103,108.76900603870219
6664,4.499809670330265,5.123543669557195,89.0,166.92940278325327,77.92940278325327,87.56112672275648
251,3.827553848801696,3.96827995648562,44.949999999999996,51.89347347480766,6.943473474807661,15.447104504577666
2580,2.3978952727983707,4.294827904142386,10.000000000000002,72.31959536056559,62.319595360565586,623.1959536056557
6827,3.0440461338325417,5.0949652374581245,19.990000000000002,162.19817134251397,142.20817134251396,711.3965549900648
856,5.993886611540359,5.332586146925255,399.97,205.97254402860372,-193.9974559713963,-48.503001717977924
5548,3.2577118486533987,4.271299940501084,24.989999999999995,70.61466994650831,45.62466994650832,182.57170846942108
6780,4.356708826689592,5.040292459220931,77.0,153.51519781288175,76.51519781288175,99.3703867699763
7594,6.855398261146611,5.905322335456217,947.9899999999998,365.98549916288925,-582.0045008371105,-61.39352744618727
5839,7.576092215033348,7.884563337243829,1949.989999999999,2654.965011806229,704.97501180623,36.15275010673031
4019,2.0135687975291283,2.8240642579252886,6.490000000000001,15.845174869977448,9.355174869977446,144.1475326652919
4395,4.139795825126018,4.098963617385683,61.78999999999997,59.277784366578565,-2.5122156334214054,-4.06573172588025
7152,7.170880792087884,6.124358413136118,1299.9899999999993,455.8515092939497,-844.1384907060497,-64.93422954838499
7278,6.3647335449998295,4.82848785960127,579.99,124.02176718239205,-455.96823281760794,-78.61656801282918
6224,3.7123518102990793,4.812017206351364,39.95000000000004,121.97944238855065,82.02944238855062,205.3302688073856
518,4.605070180987758,3.896491036644287,98.98999999999997,48.229401508333744,-50.76059849166622,-51.27851145738583
1407,6.0209990772103,5.0528676000290895,410.98999999999995,155.47051662021826,-255.5194833797817,-62.17170329686409
2031,6.175846479868856,4.903940241061155,479.99,133.81995761743354,-346.17004238256646,-72.12026133514583
1374,3.6238074573702215,3.150714863802786,36.480000000000004,22.35275265294974,-14.127247347050265,-38.72600698204568
132,3.4339872044851463,3.314860329824097,30.0,26.51855019539695,-3.4814498046030486,-11.604832682010162
3939,2.771963526845863,3.113360019302883,14.99,21.496506248360646,6.506506248360646,43.405645419350535
982,3.509453700432007,4.192180198495675,32.43,65.16689077596388,32.73689077596388,100.94631753303693
7414,7.989560449333865,6.881584283489969,2948.999999999999,973.1684969442688,-1975.8315030557303,-67.00005096831913
3347,5.252221070655064,5.1157513280834,189.9900000000001,165.6259247020877,-24.364075297912393,-12.82387246587314
1002,3.0440461338325417,4.340234960293966,19.990000000000002,75.725564681825,55.735564681825004,278.81723202513757
7508,6.214608098422191,5.7176287415766875,498.99999999999983,303.18277113271586,-195.81722886728397,-39.24192963272225
5840,6.111445166307853,5.426856616591768,449.98999999999995,226.43321084652905,-223.5567891534709,-49.68039048722659
3785,4.616505695651837,3.815043626029123,100.13999999999997,44.37873603382456,-55.76126396617541,-55.68330733590516
5775,6.866933284461882,6.193477182161758,959.0000000000001,488.5453886377781,-470.454611362222,-49.05678950596683
2149,4.3819016268607305,4.431907529923402,78.99,83.09167139605943,4.10167139605943,5.192646405949399
95,4.709440107163888,3.311673996118749,109.99000000000001,26.431006457236112,-83.5589935427639,-75.96962773230648
465,3.9292733588346738,4.865347583679417,49.870000000000005,128.716017947732,78.84601794773201,158.10310396577503
4656,3.988798844230196,4.662681471987993,52.99000000000002,104.91972246870489,51.92972246870487,97.99909882752377
3685,5.270740598777802,4.661345558024133,193.56000000000006,104.77831730600663,-88.78168269399343,-45.86778399152377
2922,7.377758908227872,5.387569689839886,1598.9999999999984,217.67130016706494,-1381.3286998329336,-86.38703563683146
1575,5.058790335983303,4.504418866227122,156.39999999999998,89.41578511213177,-66.9842148878682,-42.82878189761395
5427,3.4011973816621555,4.83236363248959,29.000000000000004,124.50726338685615,95.50726338685615,329.3353909891591
4004,4.6150215020384655,4.417103749385656,99.99,81.85596587154424,-18.134034128455752,-18.135847713227076
1263,3.2577118486533987,4.088119820472242,24.989999999999995,58.62767550912659,33.637675509126595,134.60454385404802
2842,6.908704828017726,6.18537247440202,999.9500000000004,484.59380118887384,-515.3561988111265,-51.538196790952185
4336,3.4239368686316447,4.267499398884979,29.689999999999998,70.34301196377557,40.65301196377557,136.92493083117404
2177,5.99393648933976,5.472709320613357,399.99,237.10442087244192,-162.8855791275581,-40.722412842210574
6353,4.874968289341312,5.74575398056264,129.97000000000003,311.8594288523831,181.88942885238305,139.9472407881688
2865,4.628886712605407,5.499766772988106,101.39999999999998,243.63487015049554,142.23487015049557,140.2710750991081
4157,4.744845168060573,4.45559999516485,113.98999999999998,85.107799612507,-28.882200387492986,-25.337486084299492
3439,5.668086209997927,4.901735857923308,288.4800000000001,133.52309010130398,-154.9569098986961,-53.714957674256816
23,2.9428587839469227,2.964501229627677,17.97,18.38503215014191,0.4150321501419114,2.309583473243803
3528,4.189654742026425,4.551626433489103,64.99999999999997,93.78644686573443,28.78644686573446,44.28684133189919
5009,3.218475744846861,4.504177525507158,23.989999999999995,89.39396673439408,65.40396673439409,272.6301239449525
7028,5.525413097700675,5.578485815268291,249.99000000000004,263.6705421267989,13.680542126798883,5.472435748149478
5528,3.686125665917315,4.724938606646968,38.88999999999999,111.72357768322941,72.83357768322941,187.28099172854056
6790,7.527385082183685,6.650865222008505,1857.2400000000007,772.453244881571,-1084.7867551184297,-58.408539290475616
6309,4.934761661517082,5.3783585529492335,138.04000000000002,215.66633705791045,77.62633705791043,56.23466897849204
3479,3.1350593387750902,4.266203350362074,21.990000000000002,70.25060785154152,48.260607851541515,219.46615666912922
5055,2.558002204858551,4.714156649542646,11.91,110.51472551092982,98.60472551092982,827.9154115107458
2488,3.1970391302590264,3.969189110884219,23.460000000000004,51.94158367536086,28.481583675360856,121.40487500153816
1883,4.412192049005608,3.605075394279345,81.44999999999999,35.784457090333326,-45.66554290966666,-56.06573715121752
4104,3.58324112209094,4.670820938857931,34.99000000000003,105.78537071907856,70.79537071907853,202.33029642491704
6107,5.70694413799378,4.469557831150816,299.95000000000005,86.31810513019933,-213.6318948698007,-71.22250204027361
4588,6.744059186311348,6.293905361423194,848.0000000000003,540.2630345970898,-307.7369654029105,-36.28973648619226
5097,4.5107496103686,5.586135020433009,89.99000000000004,265.70282416660507,175.71282416660503,195.25816664807752
4418,2.9418039315284354,3.4645739941791867,17.950000000000003,30.962840516285496,13.012840516285493,72.49493323835928
496,6.684611727667927,4.436479084715872,798.9999999999999,83.47698114068929,-715.5230188593106,-89.55231775460709
4901,2.8616292890305104,3.802079573152706,16.489999999999995,43.79424060142327,27.304240601423274,165.5805979467755
503,4.110709916308365,4.144567792081391,59.99000000000001,62.090347860208276,2.1003478602082666,3.501163294229482
1783,4.5107496103686,3.858684840984713,89.99000000000004,46.40296791515955,-43.58703208484049,-48.435417362863056
3290,4.90527477843843,4.654977638215108,134.00000000000003,104.10686959541157,-29.89313040458846,-22.308306272080934
6904,7.10052209363763,7.360557842528385,1211.5999999999995,1571.7136448542542,360.11364485425474,29.722156227653922
7601,4.795707897553386,5.094578257606707,119.9899999999999,162.13502915658108,42.14502915658119,35.123784612535395
2432,3.3624565533457247,4.334780255343645,27.859999999999996,75.3081887305491,47.448188730549106,170.30936371338518
544,3.0440461338325417,3.1432010421315457,19.990000000000002,22.17794180519907,2.187941805199067,10.945181616803735
6027,5.393627546352362,5.219550374649374,219.00000000000009,183.85105166394715,-35.14894833605294,-16.049748098654305
1740,3.0440461338325417,3.913496569280851,19.990000000000002,49.0737325040698,29.0837325040698,145.49140822446122
4316,3.0440461338325417,4.541422540026469,19.990000000000002,92.8241738750172,72.8341738750172,364.35304589803496
3133,5.484755438853831,5.240379183419324,239.99000000000012,187.74165654543472,-52.2483434545654,-21.771050233161954
7287,4.5107496103686,5.145603524174463,89.99000000000004,170.67506346271813,80.68506346271809,89.66003273999117
2233,4.453765731828859,3.8055616349937518,84.95000000000003,43.95048879237928,-40.99951120762075,-48.263109131984386
2680,4.836202538722539,4.554755608416123,124.99000000000004,94.0835147850295,-30.906485214970544,-24.72716634528405
2868,4.605170185988092,4.586023775156932,99.00000000000004,97.10357174726957,-1.8964282527304732,-1.9155840936671438
1533,5.525413097700675,4.378938263274498,249.99000000000004,78.75331141710835,-171.2366885828917,-68.49741532976986
6337,6.063785208687608,5.296508846823329,428.9999999999999,198.63862293233356,-230.36137706766633,-53.69729069176372
2650,6.5235476217538855,5.67822061357809,679.9900000000002,291.42862318027846,-388.5613768197218,-57.142219270830694
1886,5.03030719389372,5.0961266698898795,151.98000000000005,162.38782510521062,10.407825105210577,6.8481544316426985
65,4.157162854614252,3.39482256283424,62.88999999999999,28.809363716641105,-34.080636283358885,-54.19086704302573
2260,5.774209872273912,4.704050198896265,320.8900000000001,109.39338338016641,-211.49661661983367,-65.90938222438642
2126,2.995232148512309,3.9041457426638666,18.990000000000002,48.60768407822686,29.61768407822686,155.96463442984125
2992,3.76096753050819,4.724337163188858,41.99,111.65580120875877,69.66580120875878,165.91045774888968
1203,3.8284239815518326,4.442055514434907,44.99000000000001,83.94937700591068,38.95937700591067,86.59563682131731
4863,3.386083743852107,3.322294068239577,28.55,26.7238781306606,-1.8261218693393992,-6.39622371047075
2995,4.644294740672142,3.8645396545912885,102.99000000000004,46.68131750405682,-56.308682495943216,-54.6739319312003
1253,3.295466427029913,4.503795455457251,25.98999999999999,89.35943650391604,63.36943650391605,243.8223797765143
2375,7.089243155027514,5.580459079528909,1197.9999999999998,264.1933226708657,-933.8066773291341,-77.9471350024319
2399,4.8977651703005165,4.0138022670579145,132.98999999999998,54.35695283410224,-78.63304716589775,-59.12703749597546
2699,5.707077041605631,5.905852948756529,299.98999999999995,366.180278221376,66.19027822137605,22.064161545843547
786,6.1092475827643655,4.3140693161955435,449.00000000000006,73.74402800694747,-375.2559719930526,-83.5759403102567
6753,6.646390514847729,5.77725024854435,768.9999999999997,321.87015598415167,-447.129844015848,-58.14432301896596
4011,4.262539022051294,4.43750302661891,69.99,83.56352496188244,13.573524961882441,19.393520448467555
4810,5.302757494574058,5.225927006615496,199.89,185.03354494436454,-14.85645505563545,-7.432315301233404
7313,3.3253956682458736,4.7345037257394464,26.810000000000006,112.80696523372124,85.99696523372124,320.7645103831452
4032,6.013715156042802,4.880274292986353,408.00000000000017,130.6667742059005,-277.3332257940997,-67.973829851495
222,2.0268315914075385,2.3330779174934815,6.59,9.309624923502943,2.719624923502943,41.268966972730546
5294,4.990364557253896,4.934731389073964,145.98999999999995,138.03579098321788,-7.954209016782073,-5.448461549956899
2481,2.771963526845863,3.523217458537316,14.99,32.893303518202245,17.903303518202243,119.43498010808702
6425,4.663344750039164,5.59134146240887,104.99000000000001,267.0950179887511,162.10501798875111,154.40043622130784
5117,5.30325515557766,5.025105517500576,199.98999999999992,151.1863135849138,-48.80368641508613,-24.403063360711112
7528,5.247024072160486,4.149184573983528,189.0,62.38229564747496,-126.61770435252504,-66.99349436641536
6281,3.1616703510974213,3.4840703335684524,22.609999999999996,31.59211322754249,8.982113227542495,39.72628583610127
263,4.8735929835010605,4.379428519054743,129.78999999999994,78.79242052497403,-50.9975794750259,-39.29237959397945
5426,3.801314883443725,3.8918706566194023,43.76000000000002,48.00246762906255,4.242467629062531,9.694852900051485
2751,3.727619282429867,3.5637981664753915,40.58,34.29700677643643,-6.282993223563565,-15.482979851068421
1480,3.177637076851603,3.8226786303576166,22.99,44.72652889034933,21.73652889034933,94.5477550689401
1656,3.24376354037598,3.0769114049426363,24.630000000000006,20.69130317659968,-3.9386968234003277,-15.991460915145458
3260,2.8326249356838407,5.741684431404308,15.989999999999998,310.5888191848435,294.5988191848435,1842.3941162279143
6511,2.9439125248241944,3.6686897412777406,17.99,38.200509386977494,20.210509386977495,112.34302049459419
3684,6.621392336096254,6.382178657265172,749.9900000000001,590.214359021926,-159.77564097807408,-21.303702846447827
4322,5.19844178112078,4.858680384765476,179.99000000000007,127.85405209562023,-52.13594790437983,-28.966024726029122
4125,7.377758908227872,5.778653041117081,1598.9999999999984,322.323393665825,-1276.6766063341734,-79.84218926417603
6553,5.141605075260502,5.2445777058218415,169.99000000000007,188.5357584796009,18.545758479600835,10.909911453380097
230,4.795707897553386,4.505345399248674,119.9899999999999,89.49959714401949,-30.490402855980406,-25.410786612201374
3262,6.381799096789172,5.099392584602021,589.9900000000001,162.92230811990197,-427.06769188009815,-72.38558143021035
7531,5.135798437050262,5.559231744235164,169.00000000000006,258.62330258739496,89.6233025873949,53.03153999254134
5903,5.170483995038151,5.666911538469433,174.99999999999991,288.140155727705,113.14015572770509,64.65151755868865
4602,1.928618651945252,3.7231649711097945,5.879999999999997,40.395201615626036,34.51520161562604,586.9932247555452
318,2.3263016196113617,3.256761679958024,9.24,24.965316844045294,15.725316844045294,170.1874117320919
6651,4.5107496103686,4.679719696251555,89.99000000000004,106.73986844945055,16.749868449450517,18.613033058618193
4417,3.256942025674657,3.7646263385777354,24.97,42.14758026108292,17.177580261082923,68.79287249132128
3098,5.3471075307174685,5.0263672218204585,208.99999999999994,151.37844889767968,-57.62155110232027,-27.570120144650858
429,5.634753888245765,5.033276371342995,278.98999999999995,152.43489977106088,-126.55510022893907,-45.361876851836655
4936,5.6937321388027,4.807871560893424,296.00000000000006,121.47066854843685,-174.52933145156322,-58.96261197687945
1649,5.356020076676326,4.970726554962296,210.87999999999997,143.13156884446,-67.74843115553998,-32.126532224743926
6874,1.979621206397625,3.481761895193655,6.24,31.51696311572548,25.27696311572548,405.0795371109852
4570,2.8326249356838407,3.9605210191135574,15.989999999999998,51.484664339858256,35.49466433985826,221.9803898677815
3481,4.6150215020384655,4.125354562049274,99.99,60.889749116891984,-39.10025088310801,-39.10416129923794
5023,3.09058780456667,4.385324985876542,20.990000000000002,79.264303739876,58.274303739876,277.6288887083182
6941,4.476768471183568,4.975017624975419,86.95000000000003,143.75137636514862,56.801376365148585,65.32648230609381
2934,5.141605075260502,4.470470941228895,169.99000000000007,86.39787258468353,-83.59212741531654,-49.174732287379555
3135,2.63834278867739,3.405786743081141,12.99,29.137997260009232,16.147997260009234,124.31098737497486
6106,4.842611042003125,4.819957544924301,125.79999999999995,122.95982794422864,-2.840172055771319,-2.2576884386099523
6518,4.494573764646065,4.458795166546058,88.53,85.38336880047592,-3.14663119952408,-3.5543106286276744
4848,3.663305202994506,3.9029218786967084,37.989999999999995,48.54700815829897,10.557008158298977,27.78891328849428
7554,6.327936783729195,6.254896840593922,558.9999999999999,519.5556717735624,-39.444328226437506,-7.056230451956622
7314,2.6748380668960965,4.282471501357111,13.51,71.41920316854433,57.90920316854433,428.6395497301579
4742,5.003879189599248,4.687078272623503,147.99,107.53560465188166,-40.454395348118354,-27.335897931021254
4620,7.863266724009573,5.582197921409081,2598.9999999999977,264.6548530745762,-2334.3451469254214,-89.81705067046647
334,4.187986684925728,3.4624207077351987,64.88999999999997,30.894089412065313,-33.99591058793466,-52.39006100775878
6820,3.238286218388024,3.601756355025498,24.490000000000002,35.66257041853533,11.17257041853533,45.62094903444397
5768,3.2577118486533987,4.767362979513802,24.989999999999995,116.60869614170478,91.61869614170479,366.6214331400753
4866,4.3943256902608985,4.206947405983629,79.99,66.15124114588583,-13.838758854114161,-17.300611144035706
3922,5.916175108066267,4.997340838669199,369.98999999999995,147.01902882914607,-222.9709711708539,-60.2640533989713
1425,2.39698576841553,3.3344595853695527,9.989999999999998,27.063213354086567,17.07321335408657,170.90303657744317
3872,5.739760757321436,5.030239791043162,309.99,151.969689059419,-158.020310940581,-50.97593823690474
5193,4.025173103360802,4.436448144696317,54.990000000000016,83.47436746167467,28.48436746167466,51.79917705341816
1287,2.826721730819709,2.4378453704796046,15.89,10.448347202790002,-5.441652797209999,-34.24576964889867
4765,7.6236370589140945,6.254147640205993,2044.9899999999996,519.1658173201201,-1525.8241826798794,-74.61279432563875
3624,3.2577118486533987,4.348586801806581,24.989999999999995,76.36904783224158,51.37904783224158,205.59843070124688
5910,7.143586006628351,6.799545673228897,1264.9599999999996,896.4394682390202,-368.52053176097934,-29.132979047636248
3429,6.675192505751435,5.703747498281772,791.4999999999998,298.9895072711712,-492.5104927288286,-62.22495170294741
5958,5.564328818089423,4.251588358740727,259.9500000000001,69.21685337189481,-190.7331466281053,-73.37301274402971
101,4.157162854614252,3.5078048423917085,62.88999999999999,32.37492409436579,-30.515075905634205,-48.52134823602196
7231,4.709440107163888,5.275402633517223,109.99000000000001,194.46916310720823,84.47916310720822,76.80622157215039
6301,4.804021044733257,4.913144145003523,121.00000000000003,135.0665555405059,14.066555540505874,11.62525251281477
1905,2.771963526845863,3.183547809189917,14.99,23.132218362078287,8.142218362078287,54.31766752553894
7407,6.214608098422191,6.195101017558624,498.99999999999983,489.3409755444911,-9.659024455508757,-1.93567624358893
683,4.595018834931716,4.377328754090242,97.99000000000002,78.62505097577528,-19.364949024224742,-19.762168613353136
1869,3.7133281345162463,4.009900013680134,39.99,54.141356906473796,14.151356906473794,35.38723907595347
5099,7.170119543449628,6.267055390785485,1299.0,525.9235074145329,-773.0764925854671,-59.51320189264566
3128,3.688629422858727,4.135765787893999,38.989999999999995,61.53746317040606,22.54746317040607,57.828836035922215
4140,3.0440461338325417,3.4854610568765763,19.990000000000002,31.63747137207281,11.647471372072808,58.266490105416736
1400,4.919907930463299,4.489215541415663,135.99000000000007,88.0515612097886,-47.938438790211464,-35.25144406957235
6369,4.786991617740363,4.720889070680328,118.93999999999996,111.2680225171718,-7.671977482828154,-6.450292149678962
1880,6.152732694704104,4.905341274681886,469.00000000000006,134.0089772913414,-334.99102270865865,-71.42665729395706
3366,3.0440461338325417,4.124803107170126,19.990000000000002,60.855629121455856,40.865629121455854,204.4303607876731
3985,6.5235476217538855,5.924321072261707,679.9900000000002,373.02441358963137,-306.96558641036887,-45.14266186419929
2303,5.30325515557766,4.578568145533993,199.98999999999992,96.37486770087231,-103.61513229912761,-51.81015665739669
4985,4.173771695853422,4.463852151035002,63.959999999999994,85.82131456577184,21.86131456577185,34.179666300456304
6454,2.374905754573672,4.310845301862744,9.750000000000002,73.50344022698184,63.75344022698184,653.8814382254546
965,5.30325515557766,4.096683387464804,199.98999999999992,59.14049374567867,-140.84950625432126,-70.4282745408877
7356,5.17042717524212,4.706699262196751,174.99,109.68621012774695,-65.30378987225306,-37.31858384607867
6666,5.3431951253261225,5.311315205994104,208.1800000000001,201.6165357075359,-6.563464292464204,-3.152783308898165
61,7.407445129535729,5.1066959333761135,1647.2099999999998,164.12387228821552,-1483.0861277117842,-90.03625085519056
3484,6.552493621597604,5.691350587321531,699.9899999999999,295.2935208022994,-404.6964791977005,-57.814608665509596
1375,3.688629422858727,3.7645675914197545,38.989999999999995,42.14504553782346,3.1550455378234616,8.091935208575178
1888,2.9439125248241944,3.0014908152238933,17.99,19.115503078863313,1.1255030788633142,6.256270588456444
1703,5.010635294096256,4.6525526436707825,149.00000000000009,103.85229480606354,-45.147705193936545,-30.300473284521157
4074,6.255730847711197,6.236960927150096,519.99,510.302262540302,-9.687737459697985,-1.8630622626777407
1790,4.108904713553431,3.185077455834312,59.88000000000006,23.169160375828188,-36.71083962417187,-61.30734740175656
5852,3.433664571799657,4.1530785542830255,29.99,62.62958621789401,32.639586217894006,108.83489902598869
6198,3.5550623063795967,4.709133888598581,33.99,109.95601800466103,75.96601800466104,223.4951986015329
5831,3.8709926558701535,5.026061205011442,46.98999999999997,151.33182566509538,104.34182566509541,222.05112931495103
4832,3.931629535067065,3.433745795368278,49.99000000000003,29.992517220619003,-19.997482779381027,-40.00296615199243
3761,3.367295829986474,4.312950267475559,28.000000000000004,73.66043258048096,45.66043258048096,163.07297350171768
6750,3.734808386002336,3.1829597131830774,40.879999999999995,23.118030473152686,-17.76196952684731,-43.4490448308398
5365,4.875120984409557,4.76660964337522,129.98999999999998,116.52013062468052,-13.469869375319462,-10.36223507602082
5763,5.988961416889864,4.8903182637837315,398.0000000000001,131.99589509309118,-266.00410490690894,-66.8352022379168
3434,4.375631227585021,4.124345416027412,78.49000000000001,60.827324825686766,-17.662675174313243,-22.503089787633126
3717,3.783962335360629,3.8584695900960577,42.99000000000002,46.39276548227167,3.402765482271647,7.9152488538535595
7221,6.3647335449998295,6.432102280564175,579.99,620.4790990661891,40.489099066189056,6.980999511403482
4039,4.875120984409557,4.626010151325007,129.98999999999998,101.10586337871693,-28.884136621283048,-22.220275883747252
4623,4.330601752681694,4.63776979098903,74.99,102.31367936104846,27.323679361048463,36.43643067215424
5948,4.429506416858203,4.527869321524071,82.88999999999999,91.56113281532551,8.671132815325521,10.461011962028618
2957,6.311716660167896,4.887628952388705,549.99,131.63870822555847,-418.3512917744415,-76.06525423633911
5096,3.9308447596687337,3.500619119124697,49.949999999999996,32.13596071634988,-17.814039283650118,-35.663742309609844
2836,4.32068300443283,4.648967851319887,74.24000000000002,103.47709401193782,29.2370940119378,39.38186154625241
7510,6.396929655216146,6.277428899544228,599.0,531.418002357945,-67.58199764205494,-11.282470390994149
7660,5.198220750009751,3.132717314009968,179.94999999999996,21.936219852450918,-158.01378014754903,-87.80982503336986
6234,6.215207918494159,5.230413358593812,499.29999999999995,185.87003189117115,-313.4299681088288,-62.77387704963525
408,5.442287831958068,4.179254686525099,229.97000000000006,64.31715331341157,-165.65284668658848,-72.03237234708372
5333,6.398511736398798,5.081068270673759,599.95,159.94589790818858,-440.00410209181143,-73.34012869269296
5925,3.177637076851603,5.466588918521978,22.99,235.65157660771635,212.66157660771634,925.0177320909803
763,5.707077041605631,4.360693663600534,299.98999999999995,77.31143738053072,-222.67856261946923,-74.22866182855071
2577,5.075111313280621,4.9518822674663125,158.99000000000004,140.44094320667287,-18.549056793327168,-11.666807216382894
996,3.889572876590554,4.07586123955724,47.89,57.90118678214838,10.011186782148378,20.904545379303357
1483,6.552493621597604,4.48880864186939,699.9899999999999,88.01533354094829,-611.9746664590516,-87.42620129702591
5608,6.21658614080582,5.1726085726804625,499.9900000000002,175.37432316355623,-324.615676836444,-64.92443385596589
2057,3.295466427029913,4.966029057629676,25.98999999999999,142.45609893541805,116.46609893541806,448.1188877853716
2423,8.006367567650246,5.389009932410654,2998.9999999999977,217.98646678628265,-2781.013533213715,-92.73136156097756
1565,4.955756632586266,5.231790110547825,140.98999999999998,186.12748275504848,45.137482755048495,32.01466966100327
2970,5.262690188904886,4.047942844006133,192.0,56.279502889299536,-135.72049711070048,-70.68775891182317
4288,3.931041011263908,3.5388383727266275,49.96000000000001,33.42690472294434,-16.533095277055665,-33.092664685860015
743,2.0001277349601105,2.6872504387187544,6.390000000000001,13.691225910098794,7.301225910098793,114.26018638652258
3350,2.39698576841553,3.35164757858242,9.989999999999998,27.549732844065403,17.559732844065405,175.7731015421963
2697,2.731115474033206,3.27096092910023,14.349999999999998,25.336634826543406,10.986634826543408,76.5619151675499
1864,6.077619307306189,4.963121629825255,434.99,142.03961642445762,-292.9503835755424,-67.34646395906627
2404,4.6150215020384655,4.785863629839646,99.99,118.80478540573787,18.81478540573788,18.816667072445124
3749,4.290459441148391,4.817802857369097,71.99999999999999,122.69302079186238,50.693020791862395,70.40697332203112
828,4.0700518696530565,3.9268231794247868,57.560000000000024,49.745511944733025,-7.814488055266999,-13.57624749003995
79,4.795542580971757,4.0981946316835085,119.97000000000003,59.23144942997707,-60.73855057002296,-50.62811583731178
3904,4.262539022051294,4.617951623493697,69.99,100.28634691997145,30.296346919971455,43.286679411303695
4270,5.442374419541463,4.8496652507393465,229.9900000000001,126.69763600128051,-103.29236399871958,-44.91167615927629
3114,5.91350300563827,4.948901248702373,368.9999999999999,140.0199329325226,-228.98006706747728,-62.05421871747354
7703,2.582486978126864,3.059690303317943,12.229999999999993,20.320953111016568,8.090953111016574,66.15660761256402
6576,3.4008639927609177,4.003183729169617,28.99,53.77225275691132,24.782252756911323,85.48552175547198
1084,5.484755438853831,4.514961468002399,239.99000000000012,90.37404513006744,-149.6159548699327,-62.342578803255385
4696,2.7713379403381286,3.543980829110636,14.98,33.60439956751481,18.62439956751481,124.32843503013893
3032,2.395164274287139,3.179974816232639,9.970000000000002,23.04614797184268,13.076147971842676,131.15494455208298
5740,5.356586274672012,5.776629151923314,210.99999999999997,321.66968468370465,110.66968468370467,52.450087527822134
7715,4.820281565605037,5.358311867898115,123.00000000000003,211.36614157879364,88.36614157879362,71.84239152747448
1561,7.24493440855279,5.311888543638949,1399.9900000000005,201.73273670294444,-1198.257263297056,-85.5904158813317
1215,4.3943256902608985,4.193606977191298,79.99,65.26136366600554,-14.728636333994459,-18.413097054624902
1992,5.017213609456379,5.314710083877406,149.99000000000004,202.30556302343413,52.315563023434095,34.8793673067765
6921,4.262539022051294,4.198065347227363,69.99,65.55744086474989,-4.432559135250102,-6.333132069224321
6173,2.8898160479624417,4.866256780959827,16.99,128.83400902893285,111.84400902893286,658.2931667388633
2718,3.597038250448356,4.383494536914444,35.48999999999998,79.11751841091258,43.6275184109126,122.92904595917899
6226,3.675540889674756,4.674973649533779,38.470000000000006,106.22974150113555,67.75974150113555,176.13657785582413
7627,2.9947317732204075,4.279331924371918,18.98,71.19219404776385,52.212194047763845,275.0905903464902
1128,4.289774274968795,4.132306743588605,71.95000000000002,61.32151701353081,-10.628482986469209,-14.772040286962065
457,5.003879189599248,3.6425441277466204,147.99,37.188870605086336,-110.80112939491367,-74.87068679972543
641,3.2538567937634464,3.5374243646932806,24.890000000000004,33.3782592037855,8.488259203785493,34.103090412958984
4383,3.2577118486533987,4.32177310946506,24.989999999999995,74.3220642238101,49.33206422381011,197.40721978315372
6253,4.5107496103686,4.60613039613533,89.99000000000004,99.09606712965905,9.10606712965901,10.118976697031899
7442,5.598421958998375,5.364263455451448,269.00000000000006,212.6338258889177,-56.36617411108236,-20.95396807103433
1142,4.875120984409557,4.125797672367183,129.98999999999998,60.91717918012164,-69.07282081987833,-53.137026555795316
3686,7.170880792087884,5.510654109152461,1299.9899999999993,246.3128437663001,-1053.6771562336992,-81.05271242345708
800,2.395164274287139,3.017312223349501,9.970000000000002,19.4362896186113,9.466289618611299,94.94773940432594
2984,4.5107496103686,4.482921387795696,89.99000000000004,87.49281725818514,-2.497182741814896,-2.774955819329809
4075,5.393627546352362,5.733611214235247,219.00000000000009,308.0834218961237,89.08342189612361,40.67736159640346
5593,2.5641798306825083,3.248996207394902,11.990000000000002,24.764464753522848,12.774464753522846,106.54265849476934
6022,5.786897381366708,5.609343720286126,325.0,271.96503779155677,-53.03496220844323,-16.318449910290227
169,3.331847303527362,3.186108370875231,26.99,23.194089574521094,-3.7959104254789047,-14.064136441196387
5357,2.0781907597781832,4.271892379381143,6.989999999999999,70.65710983164489,63.667109831644886,910.8313280635892
6939,7.005090679369415,6.349108158043784,1101.2299999999996,570.9823636036957,-530.2476363963038,-48.150489579497844
2582,5.564482092412441,4.324903657318232,259.98999999999995,74.55823302625348,-185.43176697374648,-71.32265355350071
3950,3.869324250895031,4.837554850436849,46.91000000000002,125.16049300674871,78.25049300674868,166.80983373853903
1784,4.382026634673881,3.9637642026849287,78.99999999999997,51.65515806277369,-27.344841937226285,-34.613723971172526
5455,3.433664571799657,4.541809376273671,29.99,92.86047548727286,62.87047548727287,209.63813100124332
6771,5.525413097700675,5.099502922269962,249.99000000000004,162.94039592296807,-87.04960407703197,-34.82123448019199
3102,5.828945617610208,5.1349367177676,339.00000000000045,168.85357082143184,-170.1464291785686,-50.190687073324
7591,6.327936783729195,5.347516470504594,558.9999999999999,209.08589491702386,-349.914105082976,-62.596440980854396
2692,4.5107496103686,4.349313808777529,89.99000000000004,76.42531612059182,-13.564683879408221,-15.07354581554419
2251,2.5641798306825083,3.083583731637443,11.990000000000002,20.83651856132606,8.846518561326057,73.7824734055551
2464,4.3943256902608985,4.041432289041737,79.99,55.90779286964421,-24.082207130355783,-30.10652222822326
5709,4.91228717107848,4.225884203903512,134.95000000000007,67.43498728753488,-67.5150127124652,-50.02965002776225
3529,3.931629535067065,3.6682748172976334,49.99000000000003,38.18424752955103,-11.805752470449,-23.61622818653529
5340,5.480638923341991,5.091394641994296,238.99999999999997,161.61649577427505,-77.38350422572492,-32.37803524088909
1509,4.592084946439436,3.976617161749611,97.7,52.33630062568317,-45.36369937431683,-46.431626790498285
1940,5.252221070655064,5.439743203473606,189.9900000000001,229.3830143059366,39.393014305936504,20.734256700845563
835,5.003946305945459,4.15620176243361,148.0,62.82862531866625,-85.17137468133376,-57.54822613603633
509,2.5360749363624,3.426711466121751,11.63,29.775270638116723,18.14527063811672,156.0212436639443
4786,4.262539022051294,4.777102997715042,69.99,117.75980378720392,47.76980378720393,68.25232717131581
2589,5.111927545578128,4.267015808363254,164.99,70.30851950018501,-94.681480499815,-57.386193405548816
6509,4.543401159590459,5.018535240928145,93.00999999999998,150.18968506188716,57.179685061887184,61.4769219028999
1176,4.081596989399598,3.972765809839048,58.24,52.131278821347465,-6.108721178652537,-10.488875650158889
706,2.39698576841553,3.013361947564813,9.989999999999998,19.35571987971834,9.365719879718341,93.75094974693036
4663,1.6054298910365616,3.1305080584556513,3.9800000000000004,21.88560381381638,17.90560381381638,449.88954306071304
2018,3.931629535067065,3.13694100359175,49.99000000000003,22.033300199590126,-27.956699800409904,-55.92458451772332
5325,6.385312435875956,6.343863769385415,592.0699999999999,567.9905178414277,-24.079482158572205,-4.066999199177835
6370,5.857933154483459,5.1587034469337,348.9999999999999,172.938788472475,-176.06121152752488,-50.44733854656875
1087,3.5709401562492498,3.535553819030807,34.55,33.31401320641706,-1.2359867935829385,-3.577385799082312
6791,3.931629535067065,4.542550477994207,49.99000000000003,92.93006142909256,42.94006142909253,85.89730231864874
2225,4.059580569785761,3.9913746787400792,56.95000000000003,53.12924856883118,-3.8207514311688513,-6.708957736907549
4553,5.594711379601839,4.886052449895914,268.0,131.42976771229462,-136.57023228770538,-50.95904189839753
3305,3.2577118486533987,3.4171988865440843,24.989999999999995,29.483906436828246,4.493906436828251,17.982818874862954
1632,4.453765731828859,4.704329777811751,84.95000000000003,109.42425135738542,24.474251357385384,28.810184058134634
7286,5.598421958998375,4.70499431716116,269.00000000000006,109.4976570053107,-159.50234299468934,-59.294551299141006
7083,3.58324112209094,4.621159486762964,34.99000000000003,100.61178136746906,65.62178136746903,187.54438801791648
4764,6.194405391104672,5.446172346186929,488.99999999999983,230.8689511152495,-258.1310488847503,-52.78753555925366
1578,2.5006159434931803,2.869234541157775,11.190000000000001,16.62352295399234,5.4335229539923375,48.55695222513259
1393,4.110709916308365,3.5970366092001775,59.99000000000001,35.489940110903106,-24.500059889096903,-40.840239855137355
6890,3.693369359386789,4.369255214278817,39.18000000000002,77.98478304886183,38.80478304886181,99.04232529061201
6482,3.2577118486533987,4.884756936873709,24.989999999999995,131.25831430773488,106.26831430773488,425.2433545727687
6440,3.2577118486533987,5.282089170193341,24.989999999999995,195.78055428197158,170.7905542819716,683.4355913644323
554,3.433664571799657,3.493727923062395,29.99,31.90839930005545,1.9183993000554516,6.396796599051189
7340,2.727199019940971,4.50526387953174,14.289999999999997,89.4922199431754,75.20221994317541,526.2576623035369
5556,5.165985254498996,4.739435570874669,174.21,113.3696299086049,-60.8403700913951,-34.92358078835606
4953,5.153233789358886,4.901945018201732,171.99,133.55122993104877,-38.43877006895124,-22.34942151808317
3000,5.659098867029561,4.83720881349641,285.89000000000004,125.11684436820065,-160.7731556317994,-56.23601931924844
5331,2.769458829230853,3.5540738500361293,14.949999999999992,33.95543100033021,19.005431000330216,127.12662876475068
1042,4.598548309679204,3.8910053794217374,98.33999999999997,47.96008525009118,-50.37991474990879,-51.230338366797646
1897,4.110709916308365,4.245920681398538,59.99000000000001,68.82001254816662,8.830012548166607,14.719140770406078
7352,6.040230901470153,5.951239954876938,418.9899999999999,383.22947101548726,-35.76052898451263,-8.53493615229782
4993,4.491105229700119,4.705145451252315,88.21999999999998,109.51435823030747,21.29435823030748,24.137789877927325
6862,2.178155014615869,4.643390287242226,7.830000000000002,102.89598840878487,95.06598840878488,1214.1250116064477
2226,4.919907930463299,4.539755981981505,135.99000000000007,92.66794066525044,-43.322059334749625,-31.856797804801534
6280,6.523415452488921,4.983775332918722,679.9,145.0246339146667,-534.8753660853333,-78.66971114654116
6450,8.033006252891953,6.626651101036254,3079.990000000002,753.9496822761698,-2326.0403177238322,-75.52103473465273
6504,5.19844178112078,5.158786216908502,179.99000000000007,172.9531859774463,-7.036814022553756,-3.9095583213254925
5288,4.110709916308365,3.4748181658409965,59.99000000000001,31.291956222030954,-28.698043777969055,-47.838045970943575
6472,4.9486889658772695,5.181141526568984,139.98999999999995,176.88575645474538,36.895756454745424,26.35599432441277
4890,4.795707897553386,3.672637185379047,119.9899999999999,38.35555702613626,-81.63444297386363,-68.03437200922052
5153,4.866687938419193,4.589991801723679,128.89000000000001,97.49362268070175,-31.396377319298267,-24.359048273177333
5938,3.2577118486533987,4.408863441122175,24.989999999999995,81.17601253140823,56.18601253140824,224.83398371912068
773,5.673288902319859,4.241516625353493,289.98999999999995,68.51319741127585,-221.4768025887241,-76.37394482179528
5140,3.71284009155878,5.08459891736256,39.97000000000001,160.51514532413856,120.54514532413855,301.58905510167256
2229,3.433664571799657,3.5410424631109203,29.99,33.50286841727654,3.5128684172765396,11.713465879548316
3671,4.13660552093661,3.9802068836889006,61.589999999999975,52.52810717431772,-9.061892825682257,-14.713253491934179
7132,2.7265447837383743,4.633852361910871,14.279999999999998,101.9097470540009,87.6297470540009,613.6536908543482
1295,4.500365071621965,3.9268188658078595,89.04999999999997,49.745293048505836,-39.30470695149413,-44.13779556596759
4584,3.9308447596687337,3.474941254677977,49.949999999999996,31.29593124600168,-18.654068753998317,-37.34548299098762
3824,5.834664527544105,4.733450580485732,340.9500000000001,112.68717305879785,-228.26282694120226,-66.94906201531082
3968,3.778263015248622,4.489276367542299,42.74,88.05697803606849,45.316978036068484,106.02942919061414
3795,4.5107496103686,4.013720215043151,89.99000000000004,54.35241087093217,-35.63758912906787,-39.6017214457916
5398,5.480597255807245,5.106055940426095,238.99000000000004,164.0182279834823,-74.97177201651775,-31.370254829288978
2579,6.042609080431154,4.42427586725085,419.9899999999999,82.45235475380593,-337.53764524619396,-80.36801953527323
2628,5.141605075260502,4.717954790267157,169.99000000000007,110.9390794992182,-59.05092050078187,-34.73787899334187
7580,5.857933154483459,6.163430345120922,348.9999999999999,474.05488518666937,125.05488518666948,35.83234532569327
3771,5.129957884770136,5.699010485207044,168.00999999999993,297.5718135208647,129.56181352086475,77.11553688522397
1144,4.779039455967062,4.379393649507669,117.99000000000004,78.78963824791907,-39.200361752080966,-33.22346110016184
239,5.556828061699537,4.29141830829362,257.9999999999999,72.07003087138689,-185.92996912861298,-72.06587950721438
4169,3.242592351485517,3.633869855296516,24.6,36.859042514358435,12.259042514358434,49.83350615592859
2939,4.109233174715851,3.9967949927391757,59.89999999999999,53.42344268457129,-6.4765573154287,-10.812282663486979
6377,4.923551187189142,4.438649003266911,136.48999999999998,83.66048833503054,-52.829511664969445,-38.705774536573706
5316,3.884446237657912,4.907067266591154,47.64000000000002,134.2422029086899,86.60220290868989,181.78464086626752
4782,3.664842876285695,4.7700204041964716,38.05,116.92164803259831,78.87164803259832,207.28422610406918
1041,2.850128299695199,2.877154262344609,16.29,16.763650495223956,0.4736504952239571,2.907615071970271
4379,3.501042716631872,4.985018432310225,32.15000000000002,145.20626992064456,113.05626992064454,351.6524725369968
4856,2.652537491171952,4.177503134070423,13.190000000000012,64.20284702914309,51.012847029143074,386.75395776454155
7197,7.001445966297956,6.377338016847017,1097.2200000000003,587.3594183451645,-509.86058165483576,-46.468400289352694
177,4.874357275803628,3.726990060442668,129.89,40.553845179229356,-89.33615482077063,-68.77831612962557
742,5.093750200806762,4.94421014510915,162.0,139.35994306917237,-22.640056930827626,-13.975343784461497
6569,6.215048001650577,6.539430565489504,499.2199999999999,690.8924783854249,191.67247838542494,38.394390926931
2609,6.887552571664617,5.733575786694754,978.9999999999998,308.0724720246434,-670.9275279753564,-68.53192318440823
332,3.607940511608584,3.2584487085295883,35.88999999999999,25.00915804571292,-10.880841954287074,-30.317196863435708
4842,4.91228717107848,5.180612892720961,134.95000000000007,176.7917448738434,41.84174487384334,31.00536856157341
5676,5.4249059636476105,4.872220569043968,225.98999999999995,129.61062502971274,-96.37937497028722,-42.64762820048995
4559,4.9924713234685845,4.748550467916024,146.29999999999998,114.41686276928166,-31.88313723071832,-21.79298512010822
997,3.236715742996532,3.3785188807861553,24.45000000000001,28.327301699506712,3.8773016995067024,15.858084660559104
2574,7.808318986993934,5.733860928658691,2459.989999999999,308.16061412222365,-2151.829385877775,-87.47309484501059
4989,4.110709916308365,4.685212301882653,59.99000000000001,107.33326922396337,47.34326922396336,78.91860180690674
5332,4.919907930463299,4.546432533859532,135.99000000000007,93.29541187157771,-42.69458812842235,-31.395387990603968
7249,4.867534450455582,5.335330173989509,128.99999999999997,206.54126222317893,77.54126222317896,60.109505599363544
4139,3.218475744846861,4.385576598433959,23.989999999999995,79.28450178754392,55.29450178754392,230.48979486262579
866,2.301584592660462,3.288534815605633,8.99,25.803562709567274,16.81356270956727,187.0251691831732
7532,4.393831680123644,3.6397462839274155,79.95,37.082173440104754,-42.86782655989525,-53.61829463401532
453,2.411439497906128,3.4296271540909844,10.150000000000002,29.865132665620905,19.715132665620903,194.23776025242265
6962,5.831853151340319,5.70921320716409,339.9899999999999,300.6336516999778,-39.35634830002209,-11.57573702168361
5381,3.610647605844363,3.2773593316448917,35.99000000000001,25.50568747453731,-10.484312525462698,-29.131182343602934
2742,5.572154032177765,4.447715351979474,262.00000000000006,84.43153987390423,-177.56846012609583,-67.77422142217397
6914,3.828206519335036,5.040435222495659,44.980000000000025,153.53725848320607,108.55725848320606,241.345616903526
2771,7.313880169386086,5.139146088438979,1499.9899999999996,169.57005437537038,-1330.4199456246292,-88.6952543433376
1074,3.117064558721516,3.5693049742924963,21.580000000000005,34.49191678269388,12.911916782693872,59.83279324695954
6735,5.017213609456379,4.6141419578464085,149.99000000000004,99.90121388342448,-50.08878611657556,-33.394750394409996
1005,3.8918202981106265,3.7610339471630923,47.99999999999999,41.99285534681448,-6.007144653185513,-12.514884694136489
1061,3.3250360206965914,3.038223678098592,26.8,19.86814175552095,-6.931858244479052,-25.865142703280046
5983,3.931629535067065,4.838109017380498,49.99000000000003,125.23042635715336,75.24042635715332,150.5109549052876
3105,7.16703787691222,5.5047169959786775,1294.9999999999998,244.84886961397993,-1050.1511303860198,-81.09275138115984
6058,3.2573270112424533,4.5620711644307255,24.979999999999993,94.7816540885502,69.80165408855021,279.430160482587
7335,6.897704943128636,6.457341725189837,989.0000000000001,636.3645125998087,-352.63548740019144,-35.65576212337628
7484,6.552493621597604,4.8979080256655445,699.9899999999999,133.00914255763607,-566.9808574423638,-80.9984224692301
4434,5.327827623921977,5.158721860343128,204.98999999999992,172.94199130809008,-32.04800869190984,-15.633937602765918
5285,5.886104031450156,5.41435667984814,359.00000000000006,223.60800433496345,-135.3919956650366,-37.713647817558936
1487,4.426043520090656,4.114467884592525,82.6,60.219629685947325,-22.38037031405267,-27.09487931483374
6296,3.433664571799657,4.191672584410462,29.99,65.13331205346854,35.14331205346855,117.18343465644732
6274,4.859734881977045,4.562076817819202,127.99000000000001,94.78219558098031,-33.207804419019695,-25.94562420425009
6378,4.246779485265856,4.775736484418286,68.88000000000001,117.59762776928773,48.717627769287716,70.72826331197403
5261,5.129602813160299,5.25975573065343,167.95000000000007,191.4344797111182,23.484479711118126,13.983018583577325
2623,4.375631227585021,3.9749969288970997,78.49000000000001,52.24995336939826,-26.240046630601746,-33.4310697293945
7178,3.4836986031738992,4.361054408398148,31.580000000000005,77.33969292037254,45.75969292037254,144.90086421903905
538,3.737431494696102,3.521212040855599,40.989999999999995,32.82540139684927,-8.164598603150722,-19.9185133036124
5187,4.867534450455582,5.232235844539435,128.99999999999997,186.21091042677006,57.210910426770084,44.34954296648845
3820,3.2561716096118976,4.44110132377044,24.95,83.86835776346898,58.918357763468975,236.14572249887368
5075,4.709440107163888,4.579814173963343,109.99000000000001,96.49627517720741,-13.4937248227926,-12.268137851434311
4791,4.83723383467686,4.477894896151383,125.12000000000005,87.04912489381601,-38.07087510618403,-30.42748969484017
2022,5.525413097700675,4.217859519976036,249.99000000000004,66.88801571716459,-183.10198428283545,-73.24372346207265
7501,3.8284239815518326,4.970922462249123,44.99000000000001,143.15980803509981,98.1698080350998,218.20361865992396
2654,4.709079649378603,4.356745933786534,109.95000000000005,77.00289440726272,-32.94710559273733,-29.965534872885236
4554,2.39698576841553,3.2823484545855393,9.989999999999998,25.63825803840667,15.64825803840667,156.6392196036704
7416,6.478494281107485,4.9108443765757945,649.99,134.75399351989745,-515.2360064801026,-79.26829743228396
5344,5.170199863767594,5.447300261848655,174.9499999999999,231.13062728326264,56.18062728326274,32.11239055916706
2997,3.970103216504671,4.043894537847458,51.990000000000016,56.04808666290662,4.058086662906604,7.805513873642243
1242,4.025173103360802,3.7410505250784762,54.990000000000016,41.14223839728815,-13.847761602711863,-25.18232697347128
3207,7.003965054029298,5.180577851728125,1099.9900000000005,176.78551498373636,-923.2044850162641,-83.92844344187344
349,5.135798437050262,3.327908181141811,169.00000000000006,26.879960835583237,-142.12003916441682,-84.09469773042413
7694,6.831122583934532,6.65249564691785,925.2300000000009,773.715330906904,-151.51466909309693,-16.37589238276934
5499,3.58324112209094,4.688800724536035,34.99000000000003,107.72271310809118,72.73271310809116,207.867142349503
7430,7.378377466881018,6.456183904617857,1599.99,635.626985899455,-964.363014100545,-60.27306508794086
41,6.168564159920785,4.173551439528683,476.5,63.94569372472654,-412.55430627527346,-86.58012723510461
6927,3.794364961959914,5.270471452912541,43.45000000000001,193.50764202673685,150.05764202673683,345.3570587496819
2173,6.0627148686361485,4.611994454008127,428.53999999999996,99.68476063959464,-328.85523936040533,-76.73851667531744
1608,4.795790545596741,4.867880176536287,120.00000000000003,129.04495216061105,9.044952160611018,7.537460133842513
1615,6.803494158767612,5.57986661988231,899.9900000000004,264.03625286199184,-635.9537471380086,-70.66231259658534
3375,4.6150215020384655,4.032603531819688,99.99,55.407579164211356,-44.58242083578864,-44.58687952374101
6723,3.4011973816621555,4.037603047085698,29.000000000000004,55.69029585168032,26.690295851680315,92.03550293682866
7236,3.58324112209094,3.8514181941077004,34.99000000000003,46.059755797280864,11.069755797280834,31.63691282446649
217,5.991464547107982,4.798600997194152,398.9999999999999,120.34054295888598,-278.6594570411139,-69.83946291757242
185,4.142975983633837,3.445052974796663,61.98999999999998,30.34494389471728,-31.645056105282702,-51.04864672573433
2943,2.39698576841553,4.222199911747742,9.989999999999998,67.18331669935965,57.193316699359656,572.5056726662629
2418,7.003965054029298,5.568331431771496,1099.9900000000005,260.99657516110926,-838.9934248388912,-76.27282292010753
6161,5.7037491407673,5.7798821752475025,298.9900000000001,322.7210458179961,23.731045817996005,7.937070075252013
647,5.30325515557766,4.176882139043987,199.98999999999992,64.16236895507068,-135.82763104492926,-67.9172113830338
4296,5.43372200355424,5.405556988394705,228.00000000000006,221.64019395894738,-6.359806041052678,-2.7893886144967883
393,2.301584592660462,3.785102420759708,8.99,43.040180956558046,34.050180956558044,378.75618416638537
1373,3.58324112209094,3.5737378691772124,34.99000000000003,34.64959795286483,-0.34040204713519984,-0.9728552361680467
4898,7.24422751560335,5.905743822124584,1398.9999999999998,366.1402112605231,-1032.8597887394767,-73.82843379124209
3955,2.5610957881455465,3.6334174632987937,11.949999999999998,36.841919259987165,24.89191925998717,208.30057958148265
5632,3.694861525791484,4.420846346767492,39.24000000000001,82.16664340029828,42.926643400298275,109.39511569902717
5213,4.0943445622221,4.683461780752397,58.999999999999986,107.14379543439736,48.143795434397376,81.59965327863964
87,4.18950321539533,3.742634220552902,64.99,41.20903174572161,-23.780968254278385,-36.591734504198165
6646,3.688129172723232,5.085887530012417,38.97,160.72340994093756,121.75340994093756,312.4285602795421
3827,5.075173815233827,5.210164085699954,158.99999999999994,182.12410377537196,23.12410377537202,14.543461493944672
4385,2.63834278867739,6.180020847143149,12.99,482.00202546019534,469.01202546019533,3610.5621667451524
5130,5.252221070655064,5.492610614317148,189.9900000000001,241.89047323809038,51.900473238090285,27.31747630827426
6654,5.703782474656201,3.9552257559625392,298.99999999999994,51.20747876375506,-247.79252123624488,-82.87375292182104
4284,5.081342251254203,5.5985334221115215,159.98999999999995,269.0300967178554,109.04009671785542,68.1543200936655
1055,5.3946724547908,4.557727245369425,219.23,94.36648871086558,-124.86351128913441,-56.95548569499358
1046,5.081093757744817,3.525407278044875,159.95000000000002,32.96760505921243,-126.98239494078759,-79.38880583981718
3877,2.536866388718712,4.520379101273828,11.64000000000001,90.87041957037097,79.23041957037096,680.6737076492345
737,4.275554390163365,3.851063358849668,70.92000000000003,46.0430602989405,-24.876939701059527,-35.07746714757405
6341,4.3943256902608985,5.356802299720996,79.99,211.04580225742376,131.05580225742375,163.84023285088608
2585,5.916175108066267,6.91828063977302,369.98999999999995,1009.5809472521148,639.5909472521148,172.86709025976782
2333,4.836202538722539,4.297457572401175,124.99000000000004,72.51265530378163,-52.47734469621841,-41.985234575740776
257,2.771963526845863,2.769953219294639,14.99,14.957887471100392,-0.03211252889960825,-0.2142263435597615
4717,3.433664571799657,3.1188234266966117,29.99,21.619750186294848,-8.37024981370515,-27.910136091047523
5338,5.66988092298052,5.7107025657326975,288.99999999999994,301.0832270700787,12.083227070078749,4.1810474290929935
4404,5.198220750009751,3.6696108251667447,179.94999999999996,38.236632978489745,-141.7133670215102,-78.75152376855252
3024,5.4458317893365855,4.828754430601075,230.78999999999994,124.05509880229145,-106.73490119770848,-46.2476282324661
1544,6.927557906278317,4.604133087886863,1018.9999999999998,98.89634394991434,-920.1036560500854,-90.2947650687032
2662,4.614823443016229,6.576629359182262,99.96999999999997,717.114738483034,617.144738483034,617.3299374642734
2487,5.036692828415545,4.619829718990688,152.96,100.4767510946732,-52.4832489053268,-34.311747453796286
2304,7.313220387090301,6.024748883911334,1499.0,412.53778299265696,-1086.462217007343,-72.47913388974936
4958,6.1734110335718535,4.153836538048185,478.82,62.67783469470198,-416.142165305298,-86.90993803627627
487,5.252221070655064,4.774257353477647,189.9900000000001,117.42233602025158,-72.56766397974852,-38.195517648164895
970,3.18179681662678,3.7167005739952597,23.089999999999996,40.12846965326882,17.038469653268827,73.79155328397069
3833,5.393627546352362,6.000293638265147,219.00000000000009,402.54727301797635,183.54727301797627,83.81154019085672
3438,3.0440461338325417,3.9977074097598386,19.990000000000002,53.47312222078044,33.48312222078044,167.49936078429434
3753,3.5260663637080247,4.602146693346796,32.99,98.69810735095139,65.7081073509514,199.17583313413576
4302,5.30305612089521,4.42753151314216,199.95,82.72448881538241,-117.22551118461757,-58.62741244542015
7164,7.972466015974565,7.884563337243829,2898.9999999999977,2654.965011806229,-244.03498819376864,-8.417902317825762
233,4.665888921022797,3.713476304348162,105.26000000000002,39.9960739313858,-65.26392606861421,-62.00258984287878
6841,3.988798844230196,4.6041427077983155,52.99000000000002,98.8973049485199,45.90730494851988,86.63390252598577
5196,5.10594547390058,4.6883239606349605,163.99999999999994,107.67089039783473,-56.32910960216522,-34.34701805010075
7692,6.478494281107485,5.499558726713852,649.99,243.58398007113752,-406.4060199288625,-62.52496498851713
2926,5.131613220649158,4.939988144269322,168.28999999999996,138.7685924913903,-29.521407508609656,-17.54198556575534
4423,2.9439125248241944,5.77727030251507,17.99,321.8766308777295,303.8866308777295,1689.1975034893246
1022,3.687628672212284,3.139447091760415,38.95000000000002,22.091096071231878,-16.85890392876814,-43.283450394783394
2644,6.511700752128134,4.955648381695039,671.9700000000003,140.9746302878622,-530.9953697121381,-79.02069582156017
7272,3.433664571799657,4.987678436080836,29.99,145.59569685886274,115.60569685886274,385.4808164683653
2024,7.882314918980268,6.316092385130496,2649.0,552.4062632936059,-2096.5937367063943,-79.14661142719496
6488,5.655991810819852,5.119973459963636,284.99999999999994,166.33092859324213,-118.66907140675781,-41.63827066903784
3295,5.2626383740910185,5.348437916597116,191.98999999999998,209.27956695945917,17.289566959459194,9.005451825334234
5265,7.694392802629421,5.74219446721362,2195.0,310.74778117511676,-1884.2522188248831,-85.84292568678283
3641,4.663439094112067,7.042632946046064,104.99999999999997,1143.396778369887,1038.396778369887,988.9493127332261
5551,5.799092654460526,5.770703831886534,328.99999999999994,319.7634167369436,-9.236583263056332,-2.8074721164304965
2523,4.499809670330265,4.000671192043716,89.0,53.63480817799946,-35.36519182200054,-39.73617058651746
7120,5.06487092223793,5.311158070002464,157.35999999999996,201.5846998586192,44.22469985861923,28.104155985396062
7449,6.907755278982137,6.331815237592343,998.9999999999998,561.1761514870552,-437.82384851294455,-43.826211062356826
7202,3.177637076851603,3.7411997805691155,22.99,41.1485288271857,18.1585288271857,78.98446640794128
6561,5.19295685089021,4.799022821768534,179.0,120.39173817871671,-58.60826182128329,-32.74204571021413
381,5.94277312806309,3.883098508579348,379.99,47.574490611988026,-332.41550938801197,-87.48006773546987
56,6.244710442238636,3.96106691358319,514.2800000000005,51.51332324952037,-462.7666767504802,-89.98340918380643
3286,2.1400661634962708,3.863568527363465,7.5,46.635035354935056,39.135035354935056,521.800471399134
69,5.855071922202427,3.5198919406557483,347.99999999999994,32.780777937904105,-315.2192220620958,-90.58023622474019
2098,3.7133281345162463,3.0769174642706454,39.99,20.691434611718773,-19.29856538828123,-48.25847809022562
576,3.964425684221194,3.8297664131549096,51.68999999999997,45.051779887784505,-6.638220112215464,-12.842368179948672
1172,4.663344750039164,4.463039245505113,104.99000000000001,85.75076571770842,-19.23923428229159,-18.3248254903244
1569,5.697059928895374,4.327817005405042,296.99,74.7786814254212,-222.2113185745788,-74.82114501315829
789,3.522824869783854,3.626322358300275,32.88,36.5743771116589,3.694377111658895,11.235940120617077
5271,4.614625344758847,4.785638093971379,99.95,118.77776817623047,18.827768176230464,18.837186769615272
3076,6.620073206530356,5.273018842170482,748.9999999999999,194.00376033956974,-554.9962396604301,-74.09829634985716
601,5.99393648933976,4.1357443189589125,399.99,61.536120572080904,-338.4538794279191,-84.61558524661093
1511,3.433664571799657,4.202392500093303,29.99,65.84606910463297,35.85606910463298,119.56008371001327
586,4.5205922095127935,3.9976537848889064,90.89,53.47020118495286,-37.41979881504714,-41.17042448569384
445,4.290459441148391,4.124436785991027,71.99999999999999,60.832974244196194,-11.167025755803792,-15.509757994171935
2112,5.857933154483459,5.31857002154988,348.9999999999999,203.09182631259807,-145.9081736874018,-41.807499623897385
3660,5.99368707546108,5.559192110590611,399.89000000000016,258.6130129736113,-141.27698702638884,-35.32896222120803
6348,5.398117451625214,4.961497547507026,219.99000000000004,141.8074968542819,-78.18250314571813,-35.539116844273885
1335,6.985632566902618,5.546815482093518,1079.9899999999998,255.4196812621796,-824.5703187378201,-76.3498105295253
5798,3.5260663637080247,3.624693029893085,32.99,36.513205959129316,3.5232059591293137,10.679617942192523
1244,3.09058780456667,3.7847998251953467,20.990000000000002,43.0268566091928,22.036856609192796,104.98740642778843
2495,4.261975403606051,4.933175657234495,69.94999999999997,137.81965674341117,67.8696567434112,97.02595674540561
2312,3.52311998561896,4.223347799450639,32.89000000000001,67.26162842807787,34.37162842807786,104.50479911242887
1025,7.824441932468986,5.307844814276533,2499.9900000000002,200.91459566811434,-2299.0754043318857,-91.96338402681153
19,5.652664603477591,3.7863210680160124,284.05000000000007,43.093883117597414,-240.95611688240265,-84.82876848526759
1807,3.8475911452687575,3.6518934519776707,45.88000000000001,37.54758499402768,-8.33241500597233,-18.16132302958223
1535,3.125443880075648,4.64023691419209,21.769999999999996,102.56888161484959,80.79888161484959,371.14782551607533
6464,4.23685634351072,5.652591711676407,68.19000000000001,284.02922294932,215.83922294932,316.526210513741
3393,3.7133281345162463,5.482326420049766,39.99,239.4053411195794,199.41534111957938,498.6630185535868
2691,5.755204094143068,5.270897594411138,314.8300000000004,193.5905474682686,-121.23945253173179,-38.50949799311744
1352,3.433664571799657,4.032923114480139,29.99,55.425608929276976,25.435608929276977,84.81363430902627
2345,3.7133281345162463,3.7757505343677256,39.99,42.630242026412496,2.640242026412494,6.602255629938719
6712,5.30325515557766,4.494232616293077,199.98999999999992,88.49946219721377,-111.49053780278615,-55.748056304208305
1720,5.278063637520769,4.190350196011667,194.99000000000007,65.04591592738265,-129.94408407261741,-66.64140934028276
7583,2.39698576841553,3.0260803650105355,9.989999999999998,19.616265776185426,9.626265776185427,96.35901677863292
5807,5.252011613671526,4.653630819912934,189.95000000000007,103.96540502467649,-85.98459497532359,-45.26696234552438
468,2.196112848483529,3.297461225472474,7.990000000000002,26.043893345274192,18.05389334527419,225.9561119558722
6903,2.867330558749466,5.071830896013647,16.58999999999999,158.46602593811653,141.87602593811653,855.1900297656216
308,5.66988092298052,3.677748876168624,288.99999999999994,38.55724550992179,-250.44275449007816,-86.6583925571205
1430,6.440420086290675,5.189991804621062,625.67,178.46708212506064,-447.2029178749393,-71.47584475441356
3519,4.980107355727298,4.877795711384682,144.49000000000007,130.3408314665063,-14.149168533493764,-9.79248981486176
2617,4.875120984409557,4.740016845167645,129.98999999999998,113.4361293597063,-16.55387064029368,-12.734726240705966
7569,4.875120984409557,3.9591857117368088,129.98999999999998,51.414627950859014,-78.57537204914097,-60.447243671929364
733,4.8283137373023015,4.6798369999361995,124.00000000000004,106.75250747429043,-17.247492525709617,-13.909268165894847
7623,4.204692619390966,5.217695952850882,65.99999999999997,183.5085774881998,117.50857748819982,178.04329922454525
6560,3.433664571799657,4.9175035026293274,29.99,135.66101310214836,105.67101310214836,352.3541617277371
1872,2.39698576841553,2.890837243047318,9.989999999999998,17.00838068311121,7.018380683111211,70.25406089200412
858,3.6373229671995344,3.8422022303053134,36.99000000000001,45.62804715248288,8.63804715248287,23.352384840451116
1894,4.02535169073515,4.178298443032701,55.00000000000002,64.25472406415243,9.254724064152406,16.82677102573164
6543,4.986888900366255,5.619899979532015,145.47999999999993,274.8617900295247,129.38179002952475,88.9344171223019
4237,5.120744516776286,4.571355171920281,166.46000000000004,95.67503233072793,-70.7849676692721,-42.52371000196569
6567,2.7073833121145063,3.3951382745238656,13.99,28.818776366990438,14.828776366990438,105.99554229442771
6876,8.070593539949519,7.039889952746691,3198.000000000002,1140.2620069689729,-2057.737993031029,-64.34452761197711
1313,3.177637076851603,5.9517385835946435,22.99,383.4211066374662,360.4311066374662,1567.773408601419
5672,4.881664912799296,4.493019281241851,130.85000000000008,88.39093521577354,-42.45906478422654,-32.448654783512815
2133,4.709440107163888,4.204043373182598,109.99000000000001,65.95651462192527,-44.033485378074744,-40.034080714678375
4695,4.662967284714308,4.632608451006446,104.95000000000002,101.78181608133052,-3.1681839186694987,-3.0187555204092407
1221,4.875120984409557,4.752642990924933,129.98999999999998,114.89017679944268,-15.099823200557296,-11.61614216521063
2063,4.023385473281607,3.9626566404117693,54.890000000000015,51.59687148018439,-3.2931285198156246,-5.999505410485742
811,6.206575926724928,5.227456176265891,495.00000000000017,185.3182394128427,-309.68176058715744,-62.561971835789365
4325,4.553771622902091,5.0626369097398225,93.99,157.0066166591722,63.016616659172215,67.04608645512525
5641,5.4752494260575535,5.3863223214686675,237.7100000000001,217.39870655121535,-20.31129344878474,-8.544568360096221
3882,6.398078994472668,5.841389110378309,599.6899999999999,343.2572199516266,-256.43278004837333,-42.76088980112614
5985,3.1135153092103742,4.912322372618388,21.499999999999996,134.95478573358267,113.45478573358267,527.6966778306171
712,3.2577118486533987,3.707563147638897,24.989999999999995,39.75437303367148,14.764373033671482,59.08112458451975
5781,5.193734326355597,5.857326998895552,179.14000000000001,348.7879098305469,169.64790983054687,94.70130056411011
2215,5.30325515557766,4.139159153993062,199.98999999999992,61.750036142828755,-138.23996385717118,-69.12343810049065
1916,5.288570015093157,4.302500606674369,197.06000000000006,72.88431851145535,-124.17568148854471,-63.01414873061234
3647,6.779035150783365,5.022814922235061,878.2199999999998,150.83811527848084,-727.381884721519,-82.8245638588872
7411,8.294297109478956,6.193321265890642,3999.990000000002,488.46906649632604,-3511.520933503676,-87.78824280819887
5687,3.4346321577483927,4.28849519325294,30.02,71.85675063831856,41.83675063831856,139.36292684316643
4500,5.298317366548036,5.306435553124727,198.99999999999991,200.63024568121205,1.6302456812121306,0.819218935282478
6701,5.525413097700675,5.655452630262869,249.99000000000004,284.8458359255733,34.855835925573246,13.942892085912733
6175,2.8898160479624417,3.6419307055154255,16.99,37.16545188638864,20.17545188638864,118.74898108527748
1454,2.8326249356838407,2.8756907822857247,15.989999999999998,16.737672760536086,0.7476727605360871,4.675877176585911
7424,6.551080335043404,6.357225562897902,698.9999999999998,575.6442717176484,-123.35572828235138,-17.647457551123235
2641,4.262539022051294,3.497623990492472,69.99,32.0368627313405,-37.953137268659496,-54.22651417153808
4446,3.7133281345162463,4.369553402259796,39.99,78.00833887370463,38.01833887370463,95.06961458790855
1438,3.0440461338325417,4.029413328163276,19.990000000000002,55.22791423514595,35.23791423514595,176.2777100307451
4101,5.19844178112078,4.800700562082585,179.99000000000007,120.59557293473259,-59.39442706526748,-32.99873718832572
3199,5.830914266783482,5.290770903223202,339.67000000000013,197.49638794741168,-142.17361205258845,-41.856393573935996
3520,4.3943256902608985,4.675016539069192,79.99,106.23434063355761,26.244340633557613,32.80952698281987
7412,6.234410725718371,5.611204840404596,508.9999999999999,272.47353155223846,-236.52646844776143,-46.46885431193743
6907,3.3311325072138684,4.441522141571142,26.970000000000002,83.90407939475419,56.93407939475419,211.10151796349345
5826,5.095466518501589,6.137473250617351,162.27999999999997,461.88250390499604,299.60250390499607,184.62071968510975
3441,3.0440461338325417,2.8919098928867912,19.990000000000002,17.027707733485755,-2.962292266514247,-14.818870767955211
4348,5.389071729816501,4.869023755202387,218.00000000000003,129.1937538605441,-88.80624613945594,-40.73681015571373
6004,2.9439125248241944,3.6774568652038617,17.99,38.545696046864094,20.555696046864096,114.26179014376929
3412,4.875120984409557,4.843177675099739,129.98999999999998,125.87186943652827,-4.118130563471709,-3.1680364362425646
3703,4.795707897553386,4.3691187360469605,119.9899999999999,77.97400408089176,-42.015995919108136,-35.016247953252915
2441,4.515245478460105,4.001713534890033,90.40000000000002,53.691786069553785,-36.708213930446234,-40.60643133898919
2820,3.9223692974822906,4.950802199491267,49.52000000000001,140.28825984260376,90.76825984260375,183.2961628485536
5758,3.931629535067065,3.6777247400085655,49.99000000000003,38.55629076143472,-11.433709238565314,-22.871992875705754
1507,3.834061463958434,4.675133886757162,45.24999999999999,106.24692507386493,60.99692507386494,134.7998344173811
4692,5.252221070655064,3.999260867595898,189.9900000000001,53.5578096815178,-136.4321903184823,-71.8101954410665
1103,3.7133281345162463,4.047281550059218,39.99,56.24163682243684,16.251636822436836,40.63925186905936
7533,3.433664571799657,2.802942259945545,29.99,15.493102446250056,-14.496897553749942,-48.33910488079341
50,4.041119578762556,3.3840013446254282,55.890000000000015,28.488529128512713,-27.4014708714873,-49.02750200659741
5296,5.5093883366279774,6.022963252378324,246.00000000000006,411.8000157734893,165.80001577348924,67.39838039572732
245,4.110709916308365,3.8972115999501464,59.99000000000001,48.264887191935436,-11.725112808064573,-19.54511219880742
4700,4.795707897553386,4.157466350204692,119.9899999999999,62.90939327601125,-57.080606723988645,-47.57113653136819
3706,6.0867747269123065,4.221722938830615,438.99999999999983,67.15080285862129,-371.84919714137857,-84.70368955384481
1839,4.6150215020384655,3.6797985569505114,99.99,38.63840838640688,-61.351591613593115,-61.35772738633175
3370,3.85820019873064,5.019949646355323,46.38000000000003,150.40367987500903,104.02367987500901,224.28564009273165
908,4.6150215020384655,4.11402798289422,99.99,60.19270498942296,-39.79729501057704,-39.801275138090844
6797,4.736110725248687,5.214836148039526,112.98999999999997,182.9816727520193,69.99167275201934,61.94501526862498
2298,3.2577118486533987,4.135945445747778,24.989999999999995,61.54869952613957,36.55869952613958,146.29331543073064
1321,3.366260811781259,3.7237616471184074,27.970000000000002,40.41990850957419,12.44990850957419,44.51165001635391
5093,3.724246597951228,5.820177962648046,40.44000000000002,336.0320274054404,295.5920274054404,730.9397314674586
3424,3.58351893845611,3.666661487191452,35.0,38.121081370957135,3.1210813709571354,8.917375345591816
3782,5.047417138188784,4.980717169788647,154.62000000000003,144.5787489052007,-10.041251094799321,-6.494147648945363
3773,3.366950942933564,3.5849761150164756,27.98999999999999,35.052496595288126,7.062496595288135,25.23221363089724
2948,2.6239436918052106,3.391661864051926,12.790000000000003,28.715294038312358,15.925294038312355,124.51363595240306
4160,5.8888779583328805,5.452358575185661,359.99999999999983,232.30779145382758,-127.69220854617225,-35.47005792949231
1057,4.6150215020384655,4.331852049693289,99.99,75.0850694900761,-24.9049305099239,-24.907421252049105
321,4.912581353620868,4.839575886035833,134.99000000000007,125.41572568458811,-9.574274315411955,-7.092580424781058
5897,3.433664571799657,4.875416771141485,29.99,130.02875083472406,100.03875083472407,333.5736940137515
3463,3.849934813114724,3.793655854400833,45.989999999999995,43.41849134183301,-2.5715086581669837,-5.591451746394833
3909,3.433664571799657,5.218212716369198,29.99,183.60394943010988,153.61394943010987,512.2172371794261
1706,3.969348072047416,3.8876150854626164,51.95000000000004,47.79437722700649,-4.155622772993546,-7.999273865242623
3254,7.068980872481357,5.173494511399938,1173.95,175.53064924300662,-998.4193507569935,-85.0478598540818
736,2.54002594900908,2.9211146864626265,11.680000000000003,17.561966705174175,5.881966705174172,50.35930398265557
7596,4.875120984409557,3.065422255239034,129.98999999999998,20.44351471219737,-109.54648528780261,-84.27300968367
6967,1.944480556245719,3.438475620615634,5.990000000000001,30.13945362888587,24.14945362888587,403.1628318678775
3458,6.061200475792877,5.041167799595014,427.89000000000004,153.6505104175899,-274.2394895824101,-64.09111911528899
2415,4.8977651703005165,4.36533245685491,132.98999999999998,77.67555182086697,-55.31444817913301,-41.59293794956991
5255,7.090901495650648,6.330317978538122,1199.9900000000005,560.3350579787385,-639.654942021262,-53.305022710294395
5106,3.295466427029913,4.66856881517853,25.98999999999999,105.54514746484365,79.55514746484366,306.09906681355784
2338,6.066084887978432,5.541751820948682,429.99,254.1245407291524,-175.86545927084762,-40.89989517682914
6605,2.2679936482244267,3.2215374767432454,8.66,24.066629930379648,15.406629930379648,177.90565739468417
2499,5.525413097700675,4.264809700076797,249.99000000000004,70.15137858309292,-179.83862141690713,-71.93832609980684
5440,4.4487502667167895,4.443302629451937,84.51999999999998,84.05538473783984,-0.4646152621601374,-0.5497104379556761
6012,5.680138478741803,4.831840977171632,291.9899999999999,124.44168348753907,-167.54831651246081,-57.38152557021161
5563,3.988798844230196,4.592519068478729,52.99000000000002,97.7428571472212,44.75285714722118,84.45528806797728
1775,6.391933863671076,5.84858205959764,596.01,345.7423717235457,-250.26762827645427,-41.990508259333616
5503,4.303389189156809,5.03472206854026,72.94999999999999,152.65688059548796,79.70688059548797,109.26234488757778
5652,2.63834278867739,5.028377451965057,12.99,151.68507273802823,138.69507273802822,1067.7064875906715
3002,2.363680192353857,2.9599530022349274,9.630000000000003,18.297064815272066,8.667064815272063,90.00067305578465
5221,5.707110264748875,4.657871550407179,299.9999999999999,104.41148019237842,-195.58851980762148,-65.19617326920718
1718,3.0996417369445024,4.255524218472975,21.189999999999998,69.4937616361847,48.3037616361847,227.95545840577964
6189,4.499809670330265,4.741320486990896,89.0,113.58541036737134,24.58541036737134,27.624056592552066
6703,6.277826999243745,6.320204983608323,531.63,554.6868874809907,23.056887480990667,4.337017753134824
5229,4.663344750039164,4.630934374953707,104.99000000000001,101.60989544862993,-3.3801045513700814,-3.219453806429261
435,2.771963526845863,3.8355613308039986,14.99,45.31942088963863,30.329420889638627,202.33102661533442
3821,3.7123518102990793,4.119761662776481,39.95000000000004,60.54457215383145,20.594572153831415,51.550868970791974
3806,4.343805421853684,4.475509003376866,76.00000000000001,86.83929953287117,10.839299532871152,14.262236227462038
6620,2.5006159434931803,3.4986617224216734,11.190000000000001,32.071163933285476,20.881163933285475,186.60557581130897
1755,3.4011973816621555,4.433015416206061,29.000000000000004,83.18488703191262,54.18488703191262,186.844438041078
1018,2.934388643312939,3.756462009055359,17.810000000000002,41.79674332072131,23.98674332072131,134.68132128422968
957,6.066084887978432,5.5635137425922165,429.99,259.73739270627243,-170.25260729372758,-39.59455040669029
7665,2.825536896557877,2.4604749613114514,15.869999999999997,10.710372193063181,-5.159627806936816,-32.511832431864
6138,5.484755438853831,5.269881217332432,239.99000000000012,193.39287057024015,-46.597129429759974,-19.416279607383622
5589,3.0440461338325417,3.702513627235569,19.990000000000002,39.54910169258695,19.55910169258695,97.84443067827388
1346,3.714547200862514,4.204025689295671,40.040000000000006,65.9553305809609,25.915330580960898,64.72360284955269
7285,5.225746673713202,4.850127029062296,185.00000000000009,126.75661761864589,-58.243382381354195,-31.482909395326576
1871,3.9110225050945626,3.894683385270716,48.95,48.14049229571728,-0.8095077042827228,-1.6537440332639892
3378,3.58324112209094,3.643389454178325,34.99000000000003,37.22116631509127,2.2311663150912366,6.376582781055258
1758,3.8262472284067424,4.182467456098818,44.89000000000001,64.52733973569663,19.63733973569662,43.74546610758881
486,3.7133281345162463,3.1371676426050783,39.99,22.03852103562127,-17.951478964378733,-44.88991989091956
2846,3.663305202994506,4.365773080077682,37.989999999999995,77.71022573456848,39.72022573456849,104.55442414995655
199,2.740194654428777,3.1784739981615577,14.489999999999998,23.010086146315327,8.520086146315329,58.79976636518516
6948,4.6150215020384655,5.148146565644515,99.99,171.1121958557992,71.1221958557992,71.12930878667788
4121,4.014399072045013,4.112087160252363,54.39000000000001,60.074055977651085,5.684055977651077,10.450553369463277
1009,2.771963526845863,3.567311442190581,14.99,34.42123298584725,19.431232985847245,129.62797188690624
4094,5.801967306564932,4.741887461399531,329.95000000000005,113.65039578344572,-216.29960421655431,-65.55526722732363
5154,3.2577118486533987,4.806936747188064,24.989999999999995,121.35623478443206,96.36623478443207,385.61918681245334
1075,4.709440107163888,4.725867454930153,109.99000000000001,111.82832942654213,1.838329426542117,1.67136051144842
3409,4.4703808596394525,5.22461672426429,86.38999999999997,184.78994809886666,98.39994809886669,113.90201192136442
1163,2.1029138978649784,3.2598736878738945,7.190000000000003,25.046246977896025,17.85624697789602,248.34835852428392
3377,4.0428758138469085,3.099284530911559,55.990000000000016,21.18207501363972,-34.80792498636029,-62.16811035249202
7549,4.875120984409557,3.8416564720903326,129.98999999999998,45.60260645556703,-84.38739354443295,-64.91837337059233
7506,5.016948656152848,4.561704204166336,149.95,94.74651247562434,-55.203487524375646,-36.814596548433244
1643,4.446057214331018,4.167053028777084,84.29000000000002,63.52501827170211,-20.76498172829791,-24.635166364097646
4941,3.0440461338325417,3.9426421400567997,19.990000000000002,50.554636079019204,30.564636079019202,152.8996302102011
1188,5.277553277195309,4.405596138458183,194.88999999999993,80.90795677485565,-113.98204322514428,-58.4853215789134
354,4.709440107163888,4.377654460486176,109.99000000000001,78.65098958811132,-31.339010411888694,-28.492599701689876
1671,6.475417308264888,4.31628984285184,647.99,73.91018352163816,-574.0798164783619,-88.59393146165247
2227,3.7133281345162463,3.281821936435319,39.99,25.624236203758347,-14.365763796241655,-35.92339033818868
48,4.614625344758847,3.499615584974861,99.95,32.10272432789811,-67.84727567210189,-67.881216280242
642,4.498586700585308,3.9482891177313544,88.89000000000004,50.84658750374543,-38.04341249625461,-42.79830407948542
176,4.454231010422805,2.7034290010419726,84.98999999999998,13.930841918836206,-71.05915808116377,-83.60884584205647
3914,6.803494158767612,5.569648156420557,899.9900000000004,261.3417797294004,-638.6482202706,-70.9617018267536
2996,5.598421958998375,5.902406169973618,269.00000000000006,364.916867628119,95.91686762811895,35.65682811454236
3012,7.314293144813257,5.1577215886973455,1500.6099999999997,172.7680890554196,-1327.8419109445801,-88.48680942713833
2439,5.613128106388071,4.979273161534614,273.0000000000003,144.3686836946204,-128.6313163053799,-47.11769828035889
1451,4.795707897553386,4.573987325074665,119.9899999999999,95.92983100949178,-24.060168990508117,-20.051811809740926
2809,5.081342251254203,4.478971540109807,159.98999999999995,87.14397350210591,-72.84602649789404,-45.53161228695173
711,3.043569602968151,3.6459329762717942,19.98,37.318506436948596,17.338506436948595,86.7793114962392
91,2.554899021608035,2.111956332369118,11.87,7.264393380322401,-4.605606619677598,-38.80039275212804
7024,6.1158700501841885,5.44096001454496,451.9899999999999,229.6635175335024,-222.3264824664975,-49.188363120090614
2088,5.19844178112078,4.739533563868623,179.99000000000007,113.38083788019944,-66.60916211980063,-37.00714601911251
5766,4.5107496103686,4.198608650162641,89.99000000000004,65.59361154266432,-24.396388457335718,-27.110110520430837
5702,6.552493621597604,4.725227344687799,699.9899999999999,111.75612996752031,-588.2338700324796,-84.03461049907564
1919,5.99393648933976,4.021045951166203,399.99,54.759396942910094,-345.2306030570899,-86.30980850948522
1811,5.966146739123692,5.735194101635347,389.00000000000006,308.57305356388935,-80.42694643611071,-20.675307567123575
6008,5.009234313180627,4.700070942494054,148.78999999999996,108.95497265543106,-39.8350273445689,-26.7726509473546
4766,7.313880169386086,5.572127494015734,1499.9899999999996,261.99302055599725,-1237.9969794440024,-82.53368218748143
6326,5.512339443412685,4.808010844655407,246.72999999999996,121.48772791190349,-125.24227208809647,-50.76086089575508
5509,5.19844178112078,4.508588130993896,179.99000000000007,89.79353939096148,-90.19646060903858,-50.11192877884246
4393,4.04234926710372,4.4595421418051915,55.959999999999994,85.44791914552438,29.487919145524387,52.69463750093708
106,4.584865432647727,2.9402794676628323,96.99000000000001,17.921133418367603,-79.0688665816324,-81.52269984702794
3708,3.366950942933564,3.375220021277104,27.98999999999999,28.230714452891295,0.24071445289130367,0.8600016180468159
1193,2.63834278867739,2.973160250631076,12.99,18.553616384544682,5.563616384544682,42.82999526208377
5540,3.2577118486533987,3.3171188936544356,24.989999999999995,26.580772837986245,1.5907728379862505,6.365637606987798
6040,8.1886891244442,7.688360888834527,3598.999999999998,2181.7937867176474,-1417.2062132823507,-39.37777752937903
131,5.148250005283415,3.716085505945363,171.13000000000002,40.10318062367826,-131.02681937632175,-76.56566316620214
1034,4.672361435528415,5.09299274807145,105.95,161.87658195171397,55.92658195171397,52.78582534376024
7373,3.9308447596687337,5.490958972786234,49.949999999999996,241.48963635556893,191.53963635556894,383.4627354465845
3182,2.315501318260592,3.0491231855593415,9.129999999999999,20.096838298035685,10.966838298035686,120.11871082185857
5070,3.2577118486533987,3.5141150890141803,24.989999999999995,32.58619397789242,7.596193977892426,30.396934685443888
3570,2.3739750890807185,2.8976907150703455,9.739999999999998,17.132224511664226,7.392224511664228,75.89552886718921
6517,4.262539022051294,4.954784074816658,69.99,140.8519736524712,70.8619736524712,101.24585462561969
2446,4.795707897553386,4.898230020510734,119.9899999999999,133.05229975857316,13.06229975857326,10.886156978559274
1677,4.736110725248687,4.386604898369813,112.98999999999997,79.36710079658167,-33.6228992034183,-29.757411455366235
2684,4.18950321539533,4.626514960165521,64.99,101.1574203333272,36.1674203333272,55.6507467815467
5712,2.7073833121145063,4.229482263411553,13.99,67.68166395677144,53.69166395677144,383.7860182757072
5620,2.39698576841553,3.961131767704546,9.989999999999998,51.5167290653986,41.5267290653986,415.6829736276136
6005,4.69125613490122,5.213675188505843,107.98999999999998,182.7682014147838,74.77820141478381,69.24548700322606
2351,5.5718878370551685,4.584809984427183,261.9299999999999,96.9845667795015,-164.9454332204984,-62.97309709483391
694,5.666426688112432,3.890087467093033,288.00000000000006,47.91516480389542,-240.08483519610462,-83.36278999864743
6339,6.866933284461882,6.4761326643395325,959.0000000000001,648.4544250337132,-310.54557496628695,-32.38222888073899
1941,4.986547498567166,4.428054766282058,145.43000000000004,82.76830938066577,-62.661690619334266,-43.08718326296792
5552,5.66988092298052,5.166040753978368,288.99999999999994,174.21972433362603,-114.78027566637391,-39.716358362067105
167,4.3943256902608985,3.5094806041155095,79.99,32.43089940223805,-47.55910059776195,-59.45630778567564
93,5.081093757744817,3.539759039512851,159.95000000000002,33.458615025746646,-126.49138497425338,-79.08182868037098
367,4.875120984409557,4.738152069108806,129.98999999999998,113.22293045130152,-16.76706954869846,-12.89873801730784
748,4.276527220481212,3.5480708206194764,70.99000000000001,33.7462210946358,-37.24377890536421,-52.46341584077223
879,3.7612001156935615,2.9379277772301107,41.99999999999996,17.87668905011229,-24.123310949887667,-57.43645464258974
3358,2.7073833121145063,3.0389417683026454,13.99,19.88313234534608,5.89313234534608,42.123890960300784
5281,5.786897381366708,5.7239831383707935,325.0,305.1218233874983,-19.878176612501704,-6.116362034615909
5705,5.087287645617338,4.419468285371345,160.95,82.05211359225967,-78.89788640774032,-49.0201220302829
1452,7.264730177929867,6.015362087207219,1428.0,408.67414983305207,-1019.3258501669479,-71.38136205650896
7427,7.933789706330937,6.882604879768368,2788.980000000001,974.1632372145474,-1814.8167627854536,-65.07098519119725
7614,5.860757733031528,5.890238519772638,349.9900000000004,360.4914969598395,10.501496959839073,3.0005134317663535
4458,3.132009891846539,4.175961274944074,21.92,64.10239088889702,42.18239088889702,192.4379146391287
4587,5.25227342804663,4.992816901387766,190.0,146.35091242409348,-43.64908757590652,-22.97320398731922
1297,6.395261598115449,4.298741894076641,597.9999999999999,72.60712985528029,-525.3928701447196,-87.85833948908356
7159,4.875120984409557,4.9309877219069795,129.98999999999998,137.5162603391557,7.526260339155726,5.789876405227885
2827,3.52311998561896,4.079704962848607,32.89000000000001,58.128022312902296,25.238022312902288,76.73463761904009
2627,3.783962335360629,3.614747300955031,42.99000000000002,36.141959002095064,-6.84804099790496,-15.929381246580498
3966,5.14166355650266,5.090930176076799,170.00000000000009,161.54098349216324,-8.45901650783685,-4.975892063433439
6418,4.063885354737392,4.513739696410227,57.20000000000001,90.26247508789838,33.06247508789837,57.80152987394819
4480,5.017213609456379,4.585801375594485,149.99000000000004,97.08175598183675,-52.90824401816329,-35.27451431306305
6391,5.420534999272286,5.593596280429985,225.00000000000009,267.70020550413307,42.70020550413298,18.977869112947985
5668,4.369954053439613,5.259380906884198,78.04000000000002,191.36236421024887,113.32236421024885,145.21061533860689
1559,2.771963526845863,3.858207536935743,14.99,46.380347685433506,31.390347685433504,209.40859029642098
7662,5.141371116085311,5.137718823536506,169.95000000000005,169.32677937358102,-0.6232206264190268,-0.3667082238417338
1277,3.433664571799657,3.9325266102413776,29.99,50.035762386219616,20.045762386219618,66.84148845021546
2357,4.382026634673881,4.758486275518109,78.99999999999997,115.56933841891032,36.56933841891035,46.29030179608907
1858,4.330601752681694,4.466045311757808,74.99,86.0119366187727,11.021936618772699,14.697875208391388
5314,3.828641396489095,5.191649671262573,45.0,178.76486138471114,133.76486138471114,297.2552475215803
5617,5.4845894430863416,4.277687923166171,239.94999999999996,71.07360749862778,-168.87639250137218,-70.37982600598967
511,3.1346242724206097,2.2494082479339834,21.98,8.48212310991056,-13.49787689008944,-61.40981296673994
3875,3.433664571799657,3.97696150308997,29.99,52.35466968136152,22.364669681361523,74.57375685682402
4427,2.769458829230853,4.08368349577276,14.949999999999992,58.36373367821058,43.41373367821059,290.39286741278005
6069,5.337538079701318,4.941648404953515,206.99999999999997,139.0008375306947,-67.99916246930528,-32.849836941693376
6565,7.466221835375318,6.5004171561506805,1746.9900000000002,664.4191588494336,-1082.5708411505666,-61.96777549674392
6878,5.141605075260502,5.143412335054156,169.99000000000007,170.29930276315412,0.3093027631540508,0.18195350500267704
1915,5.278063637520769,4.587435712660527,194.99000000000007,97.24218569354275,-97.74781430645731,-50.12965501126072
6683,3.248434627109745,4.386393540760524,24.749999999999996,79.35011639324647,54.600116393246466,220.60653088180393
3616,5.99393648933976,5.6160512902326225,399.99,273.8021241804507,-126.18787581954933,-31.547757648828558
4450,3.085572977553781,4.003003528011349,20.880000000000013,53.762383622764986,32.882383622764976,157.4826801856559
5270,3.518091133133655,3.553543989135962,32.720000000000006,33.9369143902417,1.2169143902416906,3.71917600929612
7697,2.312535423847214,4.493034847814729,9.1,88.39232673711186,79.29232673711186,871.3442498583722
4818,3.3568971227655755,4.489786267888884,27.700000000000003,88.10239979933718,60.402399799337175,218.05920505175874
2111,4.30406509320417,4.35890403122466,73.00000000000003,77.1714140293267,4.1714140293266695,5.714265793598175
2864,3.2577118486533987,3.934350296750513,24.989999999999995,50.12892053737951,25.138920537379512,100.59592051772516
5525,6.023786518570106,5.701288947049916,412.1399999999998,298.25287359538805,-113.88712640461176,-27.633116514924982
1017,4.553771622902091,4.819347173079034,93.99,122.88418944146193,28.894189441461933,30.741769806853853
6884,3.432372999130605,4.202616188526989,29.949999999999992,65.86102346962589,35.9110234696259,119.90325031594628
932,6.0867747269123065,5.251556178218449,438.99999999999983,189.8630544007921,-249.13694559920773,-56.75101266496762
4084,5.70694413799378,3.4508955113603714,299.95000000000005,30.528613902409436,-269.4213860975906,-89.82209904903836
3091,6.154858094016418,4.717945142635788,470.0,110.93799955745281,-359.0620004425472,-76.39617030692493
6508,4.709440107163888,5.347093618027577,109.99000000000001,208.99707835544672,99.00707835544671,90.01461801568024
6872,6.565264970035361,5.854679772997059,709.0000000000002,347.86316675860354,-361.1368332413967,-50.93608367297554
4173,5.813802119694751,5.215272250305074,333.89000000000016,183.06192507416355,-150.8280749258366,-45.172983595147066
5603,4.110053855927281,4.405386738302058,59.95000000000002,80.89080703156124,20.94080703156122,34.930453764072084
7153,6.22455842927536,5.586473133682748,504.00000000000017,265.79301517172644,-238.20698482827373,-47.263290640530485
4903,2.301584592660462,3.657785548544188,8.99,37.77538152777549,28.785381527775485,320.1933429118519
2181,2.642622395779755,3.270073665493665,13.050000000000002,25.313277652459977,12.263277652459974,93.9714762640611
73,5.484755438853831,4.559757497723689,239.99000000000012,94.56030342890838,-145.42969657109174,-60.59823183094781
3620,5.564482092412441,4.937036099145883,259.98999999999995,138.35659771230172,-121.63340228769823,-46.783877182852514
3790,5.88873944458517,4.083479764162453,359.9499999999999,58.351640641063256,-301.5983593589366,-83.78895939962125
927,4.2310583855379225,3.8480231068301,67.78999999999998,45.9002547323137,-21.88974526768628,-32.290522595790364
3887,2.4840729690394228,3.27931306752531,10.989999999999998,25.557523207368583,14.567523207368584,132.55253145922282
6262,5.577841251298354,4.788943746117364,263.49999999999994,119.17436696030711,-144.32563303969283,-54.772536257947955
1412,2.63834278867739,3.3573801415155673,12.99,27.71386598662094,14.723865986620941,113.34769812641217
7250,4.72809553282539,4.069099721963836,112.08000000000001,57.50426876771171,-54.575731232288305,-48.693550350007406
7113,4.762173934797756,5.143157563443202,116.00000000000003,170.2556661227585,54.25566612275847,46.77212596789522
1056,5.137737731872486,4.75510718242683,169.32999999999998,115.17610453392679,-54.153895466073195,-31.98127648147003
4401,4.962075103480879,4.645622649420718,141.8900000000001,103.1281809563098,-38.761819043690295,-27.318217664169612
7413,4.409641801706855,6.881584283489969,81.24000000000002,973.1684969442688,891.9284969442688,1097.893275411458
5341,3.762129915853529,5.01396608514137,42.03999999999999,149.50045164401988,107.46045164401988,255.6147755566601
179,5.165128772304292,4.569868015003265,174.05999999999997,95.5313682396956,-78.52863176030438,-45.11584037705641
7299,5.393627546352362,5.290611633852622,219.00000000000009,197.4647760701096,-21.535223929890492,-9.833435584424878
3933,5.30325515557766,4.344981524277543,199.98999999999992,76.0906131613717,-123.89938683862822,-61.95279105886707
1465,7.691177255781865,5.6371549633658535,2187.9500000000007,279.66308476304255,-1908.286915236958,-87.21803127297048
2445,3.441058915087286,4.152725837991662,30.219999999999995,62.607146983796596,32.3871469837966,107.17123422831436
1793,3.52459425980608,4.181376844374823,32.94,64.45591380679608,31.51591380679608,95.67672679658797
6084,3.9292733588346738,5.006035408897281,49.870000000000005,148.31160171051982,98.44160171051982,197.39643414982916
7213,3.849934813114724,5.401567870801905,45.989999999999995,220.75382513449992,174.76382513449994,380.00396854642304
31,3.0440461338325417,3.1441144052808574,19.990000000000002,22.19912135395812,2.2091213539581176,11.051132335958567
2726,3.192942442841696,3.668117470028431,23.359999999999996,38.178082480246054,14.818082480246058,63.43357226132732
7629,4.6150215020384655,5.668697088379525,99.99,288.65689109787786,188.66689109787785,188.68575967384524
7092,5.084195497204284,4.372258769795202,160.45,78.22237486118156,-82.22762513881842,-51.24813034516574
4775,5.176149732573829,5.268200772273522,175.99999999999994,193.0664783503078,17.066478350307847,9.696862699038553
2034,7.438383530044307,5.600904114195149,1698.9999999999993,269.67101433947886,-1429.3289856605204,-84.12766248737617
168,3.173459961337718,3.185717402119457,22.89,23.184632290294857,0.2946322902948566,1.2871659689596182
5195,4.454231010422805,4.663249248305739,84.98999999999998,104.97987825460415,19.989878254604164,23.52027091964251
5473,5.249599699750607,6.030179965639645,189.49,414.7898505355752,225.29985053557522,118.89801600906391
5804,4.18950321539533,5.3530834498821855,64.99,210.25870022413787,145.2687002241379,223.52469645197402
4439,2.300583090323373,4.6543841275491245,8.980000000000002,104.04450605578216,95.06450605578216,1058.6247890398902
5400,3.849083205654272,5.249975393145208,45.95000000000001,189.561579279827,143.61157927982697,312.5388014794928
6522,5.486206727645455,4.505634819095961,240.3400000000001,89.5257933142674,-150.8142066857327,-62.75035644742142
2138,4.912654885736052,4.388374634638028,135.00000000000006,79.50945529744007,-55.49054470255999,-41.10410718708145
3399,2.31451366385932,3.3764234762774143,9.120000000000003,28.265913478335612,19.145913478335608,209.93326182385528
3653,5.703782474656201,5.576012520673107,298.99999999999994,263.01674275795926,-35.98325724204068,-12.034534194662436
3813,7.150113049220151,5.639171046998805,1273.2499999999995,280.2294957887537,-993.0205042112459,-77.99100759562114
5364,5.703782474656201,5.675750367783782,298.99999999999994,290.7071440859602,-8.292855914039762,-2.773530406033366
4836,4.110709916308365,4.839440886557698,59.99000000000001,125.39866077949519,65.40866077949518,109.03260673361422
5054,2.6369121732688705,3.6332939900422527,12.97,36.83724708343274,23.867247083432744,184.0188672585408
4701,4.9486889658772695,4.688737369494851,139.98999999999995,107.71582519431892,-32.27417480568103,-23.054628763255263
4690,3.76096753050819,4.348296844102319,41.99,76.34661733285641,34.35661733285641,81.82095101894834
6412,3.917806250183873,4.691455510997082,49.28999999999997,108.01173216705332,58.721732167053354,119.13518394614199
6236,4.342505876511599,5.31721045471287,75.90000000000008,202.8145383722947,126.91453837229461,167.21283053003225
1168,6.745824411835916,5.271679397253028,849.4999999999999,193.742738395182,-655.7572616048179,-77.19332096584085
6859,5.104793295246089,5.6268144429338225,163.81000000000003,276.7758359550511,112.96583595505106,68.96150171238084
7179,4.329416684401584,4.995152178689262,74.89999999999995,146.69541976875848,71.79541976875853,95.85503306910358
1420,3.2577118486533987,4.633381025537727,24.989999999999995,101.86125337637807,76.87125337637808,307.6080567282037
7210,4.941570991486734,5.301538279060934,138.99000000000004,199.64522104503988,60.65522104503984,43.63998924026176
4359,2.196112848483529,4.054518111853466,7.990000000000002,56.657371896522875,48.66737189652287,609.1035281166816
2549,7.24493440855279,5.679458884309188,1399.9900000000005,291.79095327037345,-1108.199046729627,-79.15764017811746
2516,4.059062748077461,4.061212350574251,56.920000000000016,57.04463889065516,0.12463889065514167,0.2189720496400942
2851,4.248495242049359,4.212351732399235,69.00000000000003,66.51513077575196,-2.4848692242480723,-3.6012597452870594
3846,3.1350593387750902,4.323397441974596,21.990000000000002,74.4445117222177,52.454511722217696,238.53802511240426
6524,6.29701723466291,5.929069842909789,541.9500000000003,374.8047937092275,-167.14520629077276,-30.84144409830661
1328,2.8803214220426634,4.580946414210455,16.820000000000004,96.60672690105048,79.78672690105047,474.3562835972084
4166,3.528710701961115,4.243617330037587,33.07999999999999,68.65937759762788,35.57937759762789,107.55555501096705
5856,4.795707897553386,4.8022152296917815,119.9899999999999,120.77988936430287,0.7898893643029794,0.6582959949187266
1027,6.07674734763644,4.6486485199540555,434.60999999999996,103.44373652513822,-331.16626347486175,-76.19849140030414
4988,5.623981404452646,4.915123415195763,275.99,135.33613471505365,-140.65386528494636,-50.96339189280277
2683,2.659559991941776,4.750650928708466,13.290000000000001,114.65954614855148,101.36954614855148,762.7505353540367
3176,7.408530566894626,4.743303103352217,1648.9999999999998,113.81281462995074,-1535.187185370049,-93.09807067131894
2436,6.206575926724928,5.478668546766444,495.00000000000017,238.52757520209104,-256.4724247979091,-51.81261107028465
500,3.931629535067065,3.8090973702367097,49.99000000000003,44.10970312378493,-5.880296876215098,-11.762946341698528
6083,3.0440461338325417,3.2785087900829866,19.990000000000002,25.536172177755592,5.54617217775559,27.744733255405652
437,5.463365594671535,4.0617046624915965,234.89000000000007,57.073221993442814,-177.81677800655726,-75.70214909385551
2458,6.259562343423234,4.821054451367268,521.99,123.0958748799089,-398.8941251200911,-76.41796301080309
7519,6.1092475827643655,5.086438732757486,449.00000000000006,160.8125769007179,-288.18742309928217,-64.1842813138713
7468,3.58324112209094,3.9592933979073095,34.99000000000003,51.42027258534034,16.43027258534031,46.9570522587605
149,2.6623552418400807,3.059300814734454,13.330000000000002,20.312650460189538,6.982650460189536,52.38297419497025
2245,5.420534999272286,4.2116374325826555,225.00000000000009,66.46692195004992,-158.53307804995018,-70.45914579997783
7491,3.433664571799657,3.5945265168480303,29.99,35.39846184877387,5.408461848773872,18.034217568435718
5488,2.2975725511705014,3.1461384874097216,8.95,22.246125835313606,13.296125835313607,148.56006519903474
80,3.5550623063795967,3.8882277265561163,33.99,47.82427982647283,13.83427982647283,40.70102920409776
4894,5.860757733031528,5.709142997320479,349.9900000000004,300.61247479188626,-49.37752520811415,-14.108267438530842
4054,6.194180876107148,4.881084018103234,488.89,130.7734312756603,-358.1165687243397,-73.2509498505471
3455,5.017213609456379,5.105959183934781,149.99000000000004,164.0022621711502,14.012262171150155,9.34213092282829
5505,2.39698576841553,3.538526537004392,9.989999999999998,33.41617085793399,23.426170857933993,234.4962047841241
6375,5.761390787276515,6.103797429900203,316.7900000000001,446.5541025231387,129.7641025231386,40.96218394619103
1737,3.58324112209094,4.2717762189865764,34.99000000000003,70.64878659691784,35.658786596917814,101.91136495260871
4471,2.172476407647025,4.058031361986097,7.779999999999998,56.86029291341034,49.08029291341035,630.8520940027039
5459,2.93651291389402,3.4395194978516255,17.850000000000005,30.171976367590293,12.321976367590288,69.03067993047779
2833,4.110053855927281,3.449345165350862,59.95000000000002,30.479771512745444,-29.470228487254573,-49.158012489165245
1768,5.081342251254203,4.170380275005199,159.98999999999995,63.74006645610379,-96.24993354389616,-60.15996846296405
3315,2.7073833121145063,4.955234755587419,13.99,140.91591801745645,126.92591801745645,907.2617442277087
4582,2.4518667957098,3.776937546435875,10.61,42.68206239985388,32.072062399853884,302.28145522953713
1870,2.0781907597781832,2.695617357022966,6.989999999999999,13.81466186626083,6.82466186626083,97.63464758599186
5304,4.927181218763463,4.961483557067787,136.99000000000004,141.80549892865025,4.815498928650214,3.515219306993367
5659,4.709440107163888,4.676601224438527,109.99000000000001,106.4044080403257,-3.5855919596743036,-3.259925411104921
6317,2.39698576841553,3.746267214941259,9.989999999999998,41.36265580990422,31.37265580990422,314.04059869774
3027,5.94277312806309,5.225754629405879,379.99,185.00147976472428,-194.98852023527573,-51.3141188545161
6252,2.9932291433358724,4.415991732273098,18.95,81.76387982973408,62.81387982973408,331.4716613706284
534,4.158726821151369,5.046671078420008,62.989999999999995,154.50394147746357,91.51394147746358,145.2832854063559
2114,3.5550623063795967,5.092706527774519,33.99,161.82997003902062,127.83997003902061,376.1105326243619
5107,3.915616540938277,3.968188668148297,49.18000000000003,51.88864513794769,2.708645137947663,5.507615164594675
994,5.700443573390687,4.778462165254768,298.0000000000001,117.92132800190467,-180.07867199809544,-60.429084563119254
4409,4.204543354520176,4.204615358035045,65.99,65.99482368912024,0.004823689120243557,0.0073097274136135135
585,7.293690922481797,5.662535571861749,1469.99,286.8776524121233,-1183.1123475878767,-80.48438068203707
1721,6.476972362889683,5.071258779000514,648.9999999999999,158.37481880472487,-490.625181195275,-75.59710033825502
1502,4.983538126211888,4.592767863373865,144.98999999999995,97.76742692230118,-47.22257307769877,-32.56953795275452
2069,5.081342251254203,5.275252585779254,159.98999999999995,194.4398356017591,34.44983560175916,21.532493031913976
2470,4.330601752681694,4.1738156377419,74.99,63.96285452779168,-11.027145472208318,-14.704821272447418
2550,4.97576775876718,3.754012005182613,143.86,41.69201947314458,-102.16798052685543,-71.01903275883178
4767,4.334672938290411,4.498427561091957,75.29999999999997,88.87569608913147,13.575696089131498,18.028812867372515
7110,5.081342251254203,4.494220860606232,159.98999999999995,88.49841007574757,-71.49158992425238,-44.68503651744009
491,5.625460507880731,4.1150762175494,276.39999999999986,60.25688293433349,-216.1431170656664,-78.19939112361305
6984,4.262539022051294,4.138208840367731,69.99,61.690432254171604,-8.29956774582839,-11.858219382523776
4987,2.101692150614656,4.1262479760558985,7.180000000000005,60.945066992822554,53.76506699282255,748.8170890365252
4304,3.669951444228417,4.124459665327956,38.24999999999998,60.834388957831045,22.584388957831067,59.04415413812046
7135,4.231349083214389,4.53857703625253,67.81000000000003,92.55757631623324,24.747576316233207,36.495467211669656
6880,4.334672938290411,4.76292290398128,75.29999999999997,116.0876622185245,40.78766221852453,54.16688209631414
3707,2.39698576841553,3.4960274195724494,9.989999999999998,31.984159120736194,21.994159120736196,220.16175296032233
476,4.564244019375446,3.727320800378438,94.99000000000001,40.56759096833033,-54.42240903166968,-57.29277716777521
852,5.54903717363235,4.430648691712907,255.98999999999995,82.98588018789965,-173.0041198121003,-67.58237423809537
7068,4.208119576480946,4.546620994663193,66.23000000000002,93.31318453535319,27.08318453535317,40.892623486868736
2263,6.044744616550266,4.760810144706865,420.8899999999998,115.84054531543961,-305.0494546845602,-72.47723982146412
5138,3.1350593387750902,3.5343425808893683,21.990000000000002,33.272475925683246,11.282475925683244,51.307302981733706
5900,5.5053315359323625,5.518912949545609,244.99999999999991,248.36381874985662,3.363818749856705,1.372987244839472
3070,2.39698576841553,3.3588492992397434,9.989999999999998,27.75608218816206,17.766082188162063,177.8386605421628
6079,4.709440107163888,4.5227916261983205,109.99000000000001,91.0923268181611,-18.89767318183891,-17.181264825746805
1844,3.9308447596687337,4.0997247278145785,49.949999999999996,59.32367988045222,9.373679880452222,18.766125886791237
6357,4.521679875489066,5.3320133844072695,90.99000000000001,205.8540318560371,114.86403185603709,126.23808314763937
5636,3.49620448524049,3.618938060761221,31.990000000000002,36.29793863931911,4.3079386393191115,13.46651653428919
6875,4.700480365792417,4.797839852119189,109.00000000000004,120.24822034212926,11.248220342129216,10.319468203788267
7548,6.398578295461671,3.1162164252893567,599.99,21.560857266045666,-578.4291427339543,-96.406463896724
4518,5.175867206791472,5.607393705819044,175.94999999999996,271.43327066415776,95.4832706641578,54.26727517144519
6174,5.831853151340319,5.798965953804398,339.9899999999999,328.9581914321202,-11.031808567879693,-3.2447450124649837
4819,2.9439125248241944,3.72613844614819,17.99,40.518472394806466,22.528472394806467,125.22775094389367
3901,4.025173103360802,3.7740184620280774,54.990000000000016,42.554736700246664,-12.435263299753352,-22.613681214317783
5842,6.608000625296087,6.034675162811469,739.9999999999998,416.6631150881466,-323.3368849118532,-43.694173636736934
6580,5.968681984210738,5.800910460641588,389.98999999999995,329.6004215994608,-60.389578400539165,-15.484904331018532
1429,3.433664571799657,3.4640458033817167,29.99,30.94596249586372,0.955962495863723,3.18760418760828
3383,3.931629535067065,3.450185988992284,49.99000000000003,30.506251579833055,-19.483748420166975,-38.97529189871367
401,4.906607223672208,4.393136378493094,134.18,79.89373489588303,-54.28626510411698,-40.45779184984124
5465,5.700075612724874,4.480078733071138,297.88999999999993,87.24161993589804,-210.6483800641019,-70.71347815102956
157,5.953061499575036,4.1050870148269425,383.9299999999999,59.648021595115495,-324.2819784048844,-84.46382892842041
5080,4.9486889658772695,5.112023005265502,139.98999999999995,165.00584610982744,25.015846109827493,17.869737916870847
2748,2.8219739474205245,3.6276045897322993,15.810000000000006,36.62258706058089,20.812587060580885,131.64191689171963
2927,6.042609080431154,4.353427823580999,419.9899999999999,76.7445011330215,-343.2454988669784,-81.72706466034393
6311,5.19351225218191,5.8241510267169705,179.09999999999997,337.37374083537304,158.27374083537308,88.37171459261481
2223,4.6150215020384655,4.890355799790064,99.99,132.00088732154518,32.010887321545184,32.01408873041823
5998,4.424487285862646,5.000130863690666,82.47000000000003,147.43258226718595,64.96258226718592,78.771168021324
7371,4.795707897553386,4.949136290422209,119.9899999999999,140.0530823956911,20.063082395691197,16.72062871546897
1820,5.5909869805108565,5.288458387049177,266.99999999999994,197.0378921835585,-69.96210781644143,-26.20303663537133
7341,4.098336583491638,5.006580341043926,59.23999999999998,148.3929885753044,89.15298857530442,150.49457895898792
2802,6.111445166307853,5.100413890192717,449.98999999999995,163.08980840955633,-286.9001915904436,-63.757014953764234
7539,5.673288902319859,5.134535360761296,289.98999999999995,168.7854125795459,-121.20458742045406,-41.79612656314152
573,4.18950321539533,4.465902394999514,64.99,85.99950204343398,21.009502043433983,32.32728426440065
5785,4.940784912195175,4.770178987873209,138.88000000000002,116.94034996398153,-21.93965003601849,-15.797559069713774
6395,3.0440461338325417,4.500582336372721,19.990000000000002,89.06956681631837,69.07956681631836,345.57061939128744
696,5.679831253833688,4.396867061224352,291.90000000000015,80.19608739567268,-211.70391260432746,-72.52617766506589
2036,5.017213609456379,4.800812246812103,149.99000000000004,120.60915406179451,-29.380845938205525,-19.58853652790554
3861,5.525413097700675,4.76737219928437,249.99000000000004,116.60978047189869,-133.38021952810135,-53.35422198011973
2760,5.525413097700675,5.624906077053609,249.99000000000004,276.2462435161622,26.256243516162186,10.5029175231658
6727,5.375232110316162,5.171842458219615,214.98999999999998,175.2392519906543,-39.75074800934567,-18.489579984811236
535,6.345636360828596,5.11763428137107,569.0000000000002,165.93996910750204,-403.06003089249816,-70.8365607895427
6350,2.8326249356838407,4.0562065744948335,15.989999999999998,56.754806449122555,40.76480644912256,254.9393774179022
2107,5.545177444479562,5.256328711688349,254.99999999999994,190.77613182927917,-64.22386817072078,-25.185830655184628
6931,5.075173815233827,5.483585733600778,158.99999999999994,239.70827752931504,80.7082775293151,50.75992297441203
4161,6.800158932382734,5.670103138572783,896.9899999999998,289.0644496823532,-607.9255503176466,-67.77394957777085
1315,3.881769962257125,3.266067590433015,47.509999999999984,25.208075551544727,-22.301924448455257,-46.941537462545284
6996,5.993836731253038,5.733882585909014,399.95,308.167309763538,-91.78269023646197,-22.94854112675634
1669,3.331847303527362,2.7250585778362457,26.99,14.257307640751518,-12.73269235924848,-47.17559229065758
7628,3.58324112209094,4.814137678985828,34.99000000000003,122.24049360890568,87.25049360890566,249.35836984540038
3307,4.430697744137536,5.187281510051473,82.99000000000001,177.98133202723085,94.99133202723084,114.46117848804775
5478,5.327779076697656,5.1975227217417865,204.98000000000002,179.8237358580087,-25.15626414199133,-12.272545683477084
3131,4.488411625377895,6.0099731614612795,87.97999999999998,406.4723841637876,318.4923841637876,362.0054377856191
4162,5.799092654460526,4.704990019052406,328.99999999999994,109.49718207538454,-219.50281792461539,-66.7181817400047
3386,8.1886891244442,5.777837652123415,3598.999999999998,322.059866782296,-3276.940133217702,-91.05140686906651
3996,3.8284239815518326,4.270984112417985,44.99000000000001,70.5920555938891,25.60205559388909,56.906102675903725
7469,4.585477552642355,4.65248043230336,97.04999999999997,103.8447235518468,6.794723551846829,7.001260743788594
4817,3.1350593387750902,3.3306586670168414,21.990000000000002,26.956749829168853,4.966749829168851,22.586402133555485
3513,3.6373229671995344,4.115740706178329,36.99000000000001,60.297600963322374,23.307600963322365,63.010545994383236
1199,5.016683632630459,4.324514946106747,149.90999999999994,74.52886840150539,-75.38113159849455,-50.284258287302094
2533,4.709530201312334,4.440464366207856,109.99999999999997,83.81431743369284,-26.185682566307136,-23.80516596937013
473,5.393627546352362,4.526941597284195,219.00000000000009,91.47530142882731,-127.52469857117278,-58.23045596857202
1832,6.63462021717088,5.3883342968515535,759.9900000000006,217.83856171294983,-542.1514382870507,-71.33665420427246
3689,5.061265035047578,5.068208773736128,156.79000000000005,157.88946530996822,1.099465309968167,0.7012343325264154
6670,5.676753802268282,5.754556680669329,291.0,314.62559357746494,23.62559357746494,8.118760679541216
3428,3.1350593387750902,4.446434038451516,21.990000000000002,84.32214538543516,62.33214538543516,283.4567775599598
4862,2.349468678892896,4.290766618178161,9.479999999999999,72.0224273675829,62.54242736758291,659.7302464934908
6568,3.043569602968151,3.5878410463715262,19.98,35.15593262101972,15.175932621019722,75.95561872382243
2619,5.30325515557766,5.1226619792136745,199.98999999999992,166.78140630354702,-33.20859369645291,-16.60512710458169
6227,5.777311707944317,5.44096001454496,321.89,229.6635175335024,-92.2264824664976,-28.6515525385994
1728,5.99393648933976,4.7091640114921445,399.99,109.95936037132223,-290.03063962867776,-72.50947264398555
4350,5.634789603169249,4.74625712506847,278.9999999999999,114.15247561363577,-164.8475243863641,-59.085134188660994
469,4.572233685741827,4.533901491282614,95.76000000000002,92.12116468701169,-3.638835312988334,-3.7999533343654273
6257,4.61512051684126,4.508511028706209,100.00000000000003,89.78653927123335,-10.213460728766677,-10.213460728766673
1281,4.5107496103686,3.908256519089067,89.99000000000004,48.81202989867395,-41.17797010132609,-45.75838437751536
6199,7.6966625381267715,5.720986202946496,2199.989999999999,304.2057694137774,-1895.7842305862214,-86.17240217392907
1593,5.081342251254203,4.213402161719132,159.98999999999995,66.58608790985798,-93.40391209014197,-58.38109387470591
1261,4.749183946126996,3.9138722722108863,114.48999999999997,49.09254888655306,-65.3974511134469,-57.12066653283861
247,4.110709916308365,3.44194324380173,59.99000000000001,30.247620953666118,-29.74237904633389,-49.57889489303865
1554,4.246922577489038,3.932364682554529,68.89,50.027498952327285,-18.862501047672716,-27.380608285197727
5510,3.0440461338325417,4.408906691703712,19.990000000000002,81.17956676859943,61.18956676859943,306.10088428513967
3360,4.5107496103686,4.298300865158138,89.99000000000004,72.57467413988674,-17.4153258601133,-19.352512345942095
5815,2.8326249356838407,3.387064821693454,15.989999999999998,28.579005076003988,12.589005076003989,78.73048828020006
865,5.30325515557766,3.849677850687982,199.98999999999992,45.977926886802045,-154.01207311319789,-77.00988705095152
761,5.768320995793772,5.491802134025464,318.99999999999994,241.694180437562,-77.30581956243793,-24.233799235873967
6111,7.803006218587026,6.477602355289999,2446.9500000000003,649.4096240766854,-1797.540375923315,-73.46044569457139
2405,4.6150215020384655,3.895402444086624,99.99,48.175839906903285,-51.81416009309671,-51.81934202729944
6621,5.463789431246498,4.847231109806001,234.99,126.38717995856781,-108.6028200414322,-46.215932610507764
7349,5.968681984210738,5.669518589357994,389.98999999999995,288.8949422835883,-101.09505771641165,-25.92247434970426
1406,3.849934813114724,3.50146035696594,45.989999999999995,32.16384766854556,-13.826152331454438,-30.063388413686535
2862,4.298645025734831,4.976444392994044,72.60000000000001,143.9580504024918,71.3580504024918,98.28932562326693
4453,4.989071116180416,4.176776599937823,145.80000000000018,64.1554921397885,-81.64450786021168,-55.997604842394765
425,4.3943256902608985,3.584686526205576,79.99,35.042057707234676,-44.94794229276532,-56.19195185993915
2080,2.63834278867739,3.310267900780035,12.99,26.392462951192826,13.402462951192826,103.1752344202681
5162,4.9486889658772695,4.87098995211295,139.98999999999995,129.44999224216647,-10.540007757833479,-7.529114763792759
3698,2.191653532286764,3.6760008677247997,7.950000000000001,38.48815950980301,30.53815950980301,384.1277925761384
228,5.6629257573108935,4.03522125377131,286.99000000000007,55.555431956747974,-231.43456804325209,-80.64203214162585
3043,4.025173103360802,4.764195452785032,54.990000000000016,116.23675682797817,61.24675682797815,111.37799023091132
1078,2.7555697170701863,2.4113979747053,14.729999999999997,10.14953702592292,-4.5804629740770775,-31.09615053684371
6696,3.610377225958979,3.289210474949514,35.980000000000004,25.82167890666102,-10.158321093338984,-28.233243728012734
17,3.179719109667007,3.588544603600197,23.040000000000003,35.181379339336225,12.141379339336222,52.69695893809123
5156,3.931629535067065,4.6029386345995595,49.99000000000003,98.77709366711795,48.78709366711792,97.59370607545087
2453,3.7133281345162463,3.4635044775149946,39.99,30.928673999804605,-9.061326000195397,-22.658979745424848
4195,2.540814281726296,3.251576391226298,11.69,24.831027644223944,13.141027644223945,112.41255469823734
6641,3.1346242724206097,3.999845917790979,21.98,53.58973807766165,31.60973807766165,143.81136523048977
7652,3.319987326236612,4.146058840522947,26.66,62.18448879196589,35.524488791965894,133.25014550624866
3560,4.605170185988092,4.432288348144879,99.00000000000004,83.12370113516856,-15.876298864831483,-16.036665520031796
881,6.033110202326614,5.162954328777019,416.00999999999993,173.67975547606034,-242.3302445239396,-58.25106236002491
1729,4.708448535441593,3.8863912065334554,109.88,47.73469534600482,-62.145304653995176,-56.55743051874333
3891,5.30305612089521,4.513085719293207,199.95,90.20281102913923,-109.74718897086076,-54.887316314509015
3312,2.590767040487478,3.750343432731991,12.340000000000003,41.53568763930502,29.195687639305014,236.59390307378447
5841,5.841629541348326,4.944679511818123,343.34000000000003,139.42583881714782,-203.9141611828522,-59.39132090139576
4209,2.2502386126218363,5.351654673635723,8.489999999999998,209.95707434065952,201.4670743406595,2372.992630632032
7463,4.110545941560109,5.141137721772625,59.980000000000025,169.91010589795584,109.93010589795583,183.27793580852912
3733,5.434507720998302,5.338796355165989,228.17999999999995,207.26188602447849,-20.918113975521464,-9.167373992252374
1402,2.9439125248241944,3.0546224882350757,17.99,20.21317579168975,2.2231757916897514,12.357842088325468
2344,2.771963526845863,3.6111705896371613,14.99,36.009350229982914,21.019350229982912,140.22248318867852
5992,7.131690516829846,6.295646689288674,1249.9900000000002,541.2063720933547,-708.7836279066455,-56.70314385768249
3217,5.19295685089021,4.343076875468972,179.0,75.9439223584391,-103.0560776415609,-57.573227732715594
2789,3.988798844230196,4.646526411089861,52.99000000000002,103.22233055292575,50.23233055292573,94.79586818819722
543,4.085808231199814,4.235082788343523,58.48999999999999,68.06739647217924,9.577396472179252,16.37441694679305
58,5.141605075260502,4.183015186358513,169.99000000000007,64.56324087367942,-105.42675912632065,-62.01938886188635
682,5.19844178112078,4.7153308066753175,179.99000000000007,110.64573822098866,-69.3442617790114,-38.52673025113138
2513,3.193763124053125,3.2345735852715247,23.379999999999985,24.395540437210652,1.0155404372106673,4.34362890167095
3044,4.330601752681694,4.755734699470041,74.99,115.24902989809718,40.25902989809718,53.68586464608239
1835,4.6150215020384655,4.677805389249667,99.99,106.53381854920246,6.54381854920247,6.544472996502121
6963,2.7239235502585,5.009730843116684,14.24,148.8643936869398,134.62439368693978,945.3960230824423
1566,4.795707897553386,4.8265545115931,119.9899999999999,123.78029010266441,3.790290102664514,3.1588383220806047
96,2.301584592660462,2.995615436758088,8.99,18.99766340058499,10.00766340058499,111.3199488385427
7301,3.7133281345162463,3.182485322080508,39.99,23.106591807499846,-16.883408192500156,-42.21907525006291
960,4.303929948937459,4.222723996856786,72.98999999999998,67.21905992575523,-5.7709400742447485,-7.9064804414916425
3296,2.7073833121145063,3.0914223332799597,13.99,21.008358945873496,7.018358945873496,50.16696887686559
2310,5.420313735857289,4.283199013384952,224.95000000000007,71.47190817933613,-153.47809182066396,-68.22764695295128
877,4.670864289183454,4.65455234210421,105.79000000000002,104.06217755689266,-1.7278224431073568,-1.6332568703160566
3542,4.430697744137536,4.8433464101943215,82.99000000000001,125.8932789796374,42.90327897963739,51.69692611114277
156,5.991464547107982,3.8636233930890205,398.9999999999999,46.63764895740962,-352.36235104259026,-88.31136617608782
6256,5.141605075260502,5.136149609695907,169.99000000000007,169.0597098333761,-0.930290166623962,-0.5472617016436035
2960,3.433664571799657,4.167995672309145,29.99,63.58587103956002,33.59587103956002,112.02357799119716
611,3.5260663637080247,3.316119752420142,32.99,26.553229512697474,-6.436770487302528,-19.511277621408087
7589,7.549609165154532,6.376628316725535,1899.0000000000005,586.9420077301917,-1312.057992269809,-69.09204803948438
3279,2.9433857931817817,4.026929757874238,17.979999999999997,55.088441524767155,37.10844152476716,206.3873277239553
6486,6.089022199452786,4.400893229817633,439.98999999999984,80.52365551238356,-359.4663444876163,-81.6987532643052
447,4.6150215020384655,4.28519277654508,99.99,71.61654413701856,-28.37345586298143,-28.37629349233066
3303,3.6373229671995344,3.9346711773839553,36.99000000000001,50.14532945029916,13.15532945029915,35.56455650256595
2020,6.601230118728877,5.730613739878866,735.0000000000003,307.1583394131616,-427.8416605868387,-58.20974973970592
592,5.19844178112078,4.062287274833858,179.99000000000007,57.10706602734971,-122.88293397265036,-68.27208954533603
1501,2.4840729690394228,3.5556061081010513,10.989999999999998,34.00903279679849,23.019032796798495,209.45434755958598
2759,4.330733340286331,4.313119363357305,75.0,73.6730584196183,-1.3269415803816997,-1.769255440508933
4970,6.5101839329930735,5.546990635553047,670.9500000000003,255.46459798998933,-415.48540201001094,-61.92494254564585
1467,4.500476114873425,4.357941208968188,89.05999999999997,77.09618507394725,-11.96381492605272,-13.433432434373147
1514,4.393831680123644,3.625823839640897,79.95,36.5556502517866,-43.3943497482134,-54.276860222906066
1922,3.931629535067065,4.303857303078918,49.99000000000003,72.98462512815998,22.994625128159946,45.99844994630913
7394,5.602081919829862,5.642577278161572,269.99000000000007,281.18906178522553,11.199061785225467,4.147954289131251
624,2.770711962226921,2.4081660711534223,14.970000000000002,10.11356096450215,-4.856439035497852,-32.44114252169573
6592,2.9496883350525844,6.472930659830116,18.100000000000005,646.3781948592217,628.2781948592217,3471.1502478410025
1405,5.993911550751034,5.703371983726038,399.98,298.8768779929136,-101.10312200708643,-25.277044353989304
3309,2.9947317732204075,3.263021688144559,18.98,25.12836976388942,6.14836976388942,32.3939397465196
5339,3.0440461338325417,4.545072147349916,19.990000000000002,93.1672208797666,73.1772208797666,366.0691389683171
756,5.525413097700675,3.7716610420081587,249.99000000000004,42.45218082312174,-207.5378191768783,-83.01844840868765
1426,5.8664680569332965,5.646717685905397,351.99999999999994,282.35986168376456,-69.64013831623538,-19.784130203475964
6156,5.288014473552139,5.422084943178614,196.94999999999993,225.35055892598604,28.400558925986104,14.42018731961722
3089,5.30325515557766,4.574992257960589,199.98999999999992,96.02728794493824,-103.96271205506169,-51.98395522529212
6312,3.2168738221975275,3.4741076502051347,23.949999999999996,31.269020431306494,7.319020431306498,30.559584264327768
1322,2.0135687975291283,2.5163452656608847,6.490000000000001,11.383256348435353,4.893256348435352,75.39686207142297
3960,5.141605075260502,4.876100533759972,169.99000000000007,130.11837403349665,-39.871625966503416,-23.455277349551974
5495,3.58324112209094,3.7970024919777154,34.99000000000003,43.56739295495829,8.577392954958256,24.51384096872892
6792,4.606868742623673,5.217937452095043,99.17000000000003,183.55314155108167,84.38314155108164,85.08938343358032
1616,3.783052624131186,3.9135789795154237,42.949999999999996,49.0778592621526,6.1278592621526045,14.267425523056124
764,4.565597410868269,4.487946885601875,95.12000000000005,87.93865706232762,-7.181342937672426,-7.549771801590015
1558,2.63834278867739,3.4920375583614702,12.99,31.8528190921597,18.862819092159697,145.21030863864277
5519,6.666956792429207,6.209931754537312,785.0,496.6672865936138,-288.3327134063862,-36.73028196259697
5863,3.3439213138424253,4.40034546042945,27.330000000000002,80.47901157788769,53.14901157788769,194.4713193482901
1730,7.415145006812227,5.652031825999807,1659.9500000000003,283.86968383597815,-1376.0803161640222,-82.89890154305985
6260,4.603769205072463,5.459067618865779,98.85999999999996,233.87832611946445,135.0183261194645,136.575284361182
1024,3.4333418349887226,2.482277408104731,29.98,10.968490540944195,-19.011509459055805,-63.41397417963911
2462,5.017213609456379,4.4919622443164915,149.99000000000004,88.29649561832227,-61.69350438167777,-41.13174503745433
752,4.262539022051294,3.7699906115912123,69.99,42.3796575679815,-27.61034243201849,-39.448981900297895
351,5.5834587140900656,5.047344431788557,264.9900000000001,154.60868584130748,-110.38131415869265,-41.65489798056251
2318,3.433664571799657,3.680676047438782,29.99,38.67320597778104,8.68320597778104,28.95367114965335
1197,5.081342251254203,4.7951749299381605,159.98999999999995,119.9255334290571,-40.064466570942855,-25.04185672288447
2287,4.110709916308365,3.9334237475691403,59.99000000000001,50.081569018054445,-9.908430981945564,-16.516804437315493
5372,4.81112688587948,4.90709653556848,121.86999999999999,134.24616136759013,12.376161367590143,10.155215695076839
5011,6.274743188672893,5.475430261717919,529.9899999999999,237.75317118381298,-292.2368288161869,-55.140064683519874
4505,3.9755610262321337,4.611195196738484,52.28,99.60431976347084,47.32431976347084,90.52088707626403
2840,5.857933154483459,4.743615371986212,348.9999999999999,113.84867266911945,-235.15132733088043,-67.37860381973654
561,5.252221070655064,4.630188387802646,189.9900000000001,101.53337832899606,-88.45662167100403,-46.558567119850515
3282,5.707077041605631,4.868828824057496,299.98999999999995,129.1683775164466,-170.82162248355334,-56.942438909148095
4112,6.150602768446279,5.154579412424612,467.9999999999999,172.22293602103315,-295.77706397896674,-63.20022734593308
6380,5.298317366548036,4.680311235467999,198.99999999999991,106.80361966062479,-92.19638033937512,-46.32983936652018
5876,5.129602813160299,5.0476271742472,167.95000000000007,154.65268924425052,-13.29731075574955,-7.917422301726433
7268,4.812184355372417,4.756137956690645,121.99999999999994,115.29591761206093,-6.70408238793901,-5.495149498310667
1047,4.990364557253896,4.700255083607684,145.98999999999995,108.97522175083327,-37.01477824916668,-25.35432443945934
2825,2.9172300453990334,3.929695505765236,17.49,49.89147914771687,32.40147914771687,185.25717065589978
1966,2.39698576841553,4.356190743808163,9.989999999999998,76.95960000142607,66.96960000142607,670.3663663806415
2586,3.8284239815518326,3.4209691321330737,44.99000000000001,29.59905518373354,-15.390944816266469,-34.20970174764718
2206,5.252221070655064,4.552654889657746,189.9900000000001,93.88398071776618,-96.10601928223392,-50.58477776842669
1731,3.6373229671995344,4.437753984426693,36.99000000000001,83.58474950184586,46.594749501845854,125.96580022126477
3055,5.326370180990072,5.391012722670153,204.68999999999997,218.42549023812103,13.73549023812106,6.71038655436077
3545,4.787158353880808,4.850120785848928,118.95999999999997,126.75582000931269,7.79582000931272,6.553312045488166
3308,5.587211204515341,5.89618365695223,265.9899999999999,362.6470145736433,96.65701457364338,36.33858963631844
1175,2.271094425902674,3.1331231784264935,8.689999999999994,21.945530737289246,13.255530737289252,152.53775301828838
7499,3.688629422858727,4.9148540351366785,38.989999999999995,135.2994134252425,96.30941342524251,247.01054994932684
4870,3.52311998561896,3.7441671278348085,32.89000000000001,41.27378389468761,8.383783894687603,25.490373653656434
7388,5.365976015021851,4.868425015198308,212.99999999999994,129.11582498372258,-83.88417501627737,-39.382241791679526
2778,6.880373804640899,4.67825061446926,971.9899999999999,106.58170597673382,-865.4082940232661,-89.0346911000387
842,4.6150215020384655,4.241662770887687,99.99,68.5233571970306,-31.46664280296939,-31.46978978194759
4078,3.433664571799657,4.3310015108688855,29.99,75.02038369730597,45.03038369730598,150.15132943416464
6285,3.895283681423848,4.579333421282155,48.17,96.44941484652746,48.27941484652746,100.22714313167418
5733,6.618738983517219,5.352117732128278,747.9999999999998,210.0547824260309,-537.9452175739689,-71.91780983609212
2402,6.549636435979831,5.60094849834242,697.9900000000002,269.6830281082496,-428.30697189175066,-61.362909481761996
4617,4.9486889658772695,5.352868821049768,139.98999999999995,210.21336288149513,70.22336288149518,50.16312799592485
2647,4.867534450455582,4.569197005703443,128.99999999999997,95.46661652081455,-33.53338347918542,-25.99487091409723
5155,5.709930205242435,4.645262117827341,300.8500000000001,103.09064622394928,-197.7593537760508,-65.73353956325437
5076,3.3054204262683866,3.986033241646467,26.26,52.84089139910924,26.580891399109237,101.22197790978385
378,4.681853410759049,4.883878712454412,106.97000000000003,131.14221281549982,24.17221281549979,22.59718875899765
3855,4.437697832044343,5.040259986137616,83.58000000000003,153.51018030945713,69.9301803094571,83.66855744132218
5199,4.691347882229144,4.382593062851774,108.00000000000007,79.0453270902901,-28.95467290970997,-26.80988232380551
6695,4.3943256902608985,4.971568973571434,79.99,143.2530391174444,63.26303911744439,79.0886849824283
3263,2.286455711064162,3.8802802975901223,8.839999999999998,47.437790164577315,38.59779016457732,436.62658557214166
3142,2.5641798306825083,3.429997748969241,11.990000000000002,29.876573245482707,17.886573245482705,149.17909295648627
3880,3.0440461338325417,4.100899341752074,19.990000000000002,59.3945785467299,39.4045785467299,197.12145346037968
1972,3.177637076851603,3.4728980849110527,22.99,31.230012540170293,8.240012540170294,35.84172483762634
3862,5.875323911973168,4.267706085957538,355.1399999999999,70.35775916604145,-284.78224083395844,-80.18872580783875
7480,5.869155660220199,5.933508797668993,352.95000000000016,376.4766821601081,23.526682160107953,6.665726635531362
4231,6.0985460809640415,4.19679864254528,444.2099999999999,65.4731856173032,-378.7368143826967,-85.26075828610269
3127,2.39698576841553,6.0898726434527815,9.989999999999998,440.3651968188861,430.3751968188861,4308.060028217078
1595,4.795707897553386,5.117494706518787,119.9899999999999,165.91667011198848,45.926670111988585,38.275414711216456
5599,2.5641798306825083,3.364051143381177,11.990000000000002,27.906056579345325,15.916056579345323,132.74442518219615
5573,4.875120984409557,5.2169168558166445,129.98999999999998,183.36488338578036,53.37488338578038,41.06076112453295
7393,4.395066248181685,5.068917089284892,80.04999999999998,158.0020490564842,77.95204905648421,97.37919932102965
4857,3.663305202994506,3.841288418685473,37.989999999999995,45.585457363670145,7.59545736367015,19.993307090471575
3154,4.6150215020384655,4.722798247395403,99.99,111.48256674786688,11.492566747866888,11.493716119478838
3767,2.727199019940971,3.7366967148671826,14.289999999999997,40.959157927437715,26.669157927437716,186.62811705694696
3316,4.633660456387719,4.352639743431332,101.88999999999997,76.68325637099322,-25.206743629006752,-24.73917325449677
6394,5.860757733031528,4.955961274002835,349.9900000000004,141.01906000807776,-208.97093999192265,-59.707688788800375
6220,2.7073833121145063,3.95555628079461,13.99,51.22473748396696,37.23473748396696,266.1525195422942
6705,3.0440461338325417,4.495299151973651,19.990000000000002,88.59496748788624,68.60496748788623,343.19643565725977
3289,4.330601752681694,3.6453213101650395,74.99,37.29507547199374,-37.694924528006254,-50.26660158421957
547,4.3943256902608985,4.032525883042119,79.99,55.40319935468927,-24.586800645310724,-30.737342974510224
5246,2.740194654428777,4.339587736655215,14.489999999999998,75.67592214930961,61.18592214930962,422.26309281787184
5716,3.4544221428994533,5.8836840076740735,30.640000000000004,358.1298447634641,327.48984476346413,1068.8310860426373
2002,3.331847303527362,3.5690954422771117,26.99,34.48448086889875,7.494480868898751,27.767620855497416
172,4.077367938014984,3.482231465566711,57.98999999999999,31.53223570372318,-26.457764296276807,-45.624701321394745
3346,5.398117451625214,4.417645683272274,219.99000000000004,81.90088049643785,-138.0891195035622,-62.77063480320113
1383,4.488524003868771,4.483460464183557,87.99000000000001,87.54053450692983,-0.44946549307017847,-0.5108142892035213
6009,5.016948656152848,4.114130944872291,149.95,60.19900583574039,-89.7509941642596,-59.853947425314836
1385,4.488524003868771,3.927032798055545,87.99000000000001,49.75615026442005,-38.23384973557996,-43.4524943011478
7088,2.39698576841553,4.126091633437952,9.989999999999998,60.935383095902615,50.94538309590261,509.96379475377995
7706,4.976733742420574,5.056060621690874,143.99999999999997,155.97092885761623,11.970928857616258,8.313145040011293
4657,3.8916161956504833,4.510730221118222,47.989999999999995,89.98823578921159,41.99823578921159,87.51455676018253
7292,3.331847303527362,4.350317087421678,26.99,76.50303426673122,49.513034266731225,183.44955267406903
2519,3.688629422858727,4.307040873259928,38.989999999999995,73.22053569424453,34.23053569424454,87.7931153994474
4100,4.6150215020384655,4.911076222126869,99.99,134.7854711281664,34.7954711281664,34.79895102326873
6411,6.508754233730972,5.587477180413269,669.9900000000001,266.06102234968574,-403.9289776503144,-60.28880694492669
2412,4.110709916308365,3.512243058079506,59.99000000000001,32.52337839848651,-27.466621601513502,-45.78533355811552
1038,5.043425116919247,4.145248230731197,154.00000000000003,62.13329157994852,-91.86670842005151,-59.6537067662672
323,4.5107496103686,4.091292131379523,89.99000000000004,58.817133385278545,-31.172866614721492,-34.6403673905117
3774,3.911822985425479,3.1966419660203407,48.989999999999995,23.450287291619638,-25.539712708380357,-52.13250195627752
6399,3.58351893845611,4.124541940909657,35.0,60.83947662744426,25.839476627444263,73.82707607841218
5477,4.912581353620868,4.707176868495541,134.99000000000007,109.73908718509583,-25.25091281490424,-18.705765475149438
893,5.388112365664251,4.981719216320301,217.79,144.72469869765303,-73.06530130234697,-33.54851063058312
2741,6.478494281107485,4.8159574530745735,649.99,122.46496764993415,-527.5250323500659,-81.15894588379297
3739,4.652912181973512,4.4418026662817365,103.88999999999999,83.92790042809268,-19.962099571907302,-19.214649698630577
324,4.3943256902608985,5.098389101513804,79.99,162.75789736142642,82.76789736142642,103.47280580250835
5656,3.0440461338325417,3.3175955638979975,19.990000000000002,26.593922905566522,6.60392290556652,33.03613259412966
6290,3.248434627109745,4.672772762512114,24.749999999999996,105.99400046957649,81.24400046957649,328.25858775586465
4372,5.703782474656201,5.32725241380952,298.99999999999994,204.8715465400148,-94.12845345998514,-31.48108811370741
7021,5.19844178112078,5.408406152572593,179.99000000000007,222.27543695019273,42.28543695019266,23.493214595362325
4827,4.867457524419928,5.248578639432928,128.99,189.29559748532188,60.30559748532187,46.75214938004641
1129,4.995521656286208,4.745640357513026,146.75000000000003,114.08147520037461,-32.668524799625416,-22.261345689693634
4267,2.63834278867739,4.62398171684244,12.99,100.89895824226741,87.90895824226742,676.743327500134
7441,6.413458957167357,5.4789427488961895,609.0000000000002,238.5932631788241,-370.40673682117614,-60.822124272771106
7109,3.4239368686316447,4.450206098746101,29.689999999999998,84.64459342669151,54.95459342669152,185.09462252169592
3859,3.713572066704308,4.023457359952268,40.00000000000001,54.89401789043789,14.89401789043788,37.23504472609469
3164,5.314338342602215,6.0342277662458645,202.2299999999999,416.4762958391378,214.24629583913787,105.94189578160412
4840,3.6373229671995344,4.140604960143196,36.99000000000001,61.84082614756349,24.85082614756348,67.1825524400202
208,5.19844178112078,4.79302378638293,179.99000000000007,119.66568483317691,-60.324315166823155,-33.51537039103458
747,6.05053502068497,5.003140363302522,423.3399999999999,147.87996292419894,-275.460037075801,-65.06827539939553
2826,3.5801800371905954,5.407338297486551,34.88,222.03713839606337,187.15713839606337,536.5743646676128
798,2.771963526845863,2.3137283945152367,14.99,9.11205619365989,-5.8779438063401095,-39.21243366471054
88,4.552718325985667,3.5979676860384933,93.89000000000001,35.52393087052083,-58.366069129479186,-62.16430837094384
734,4.795707897553386,4.46414447902081,119.9899999999999,85.8466985758315,-34.1433014241684,-28.455122447010943
5738,4.875120984409557,4.760345642168197,129.98999999999998,115.78628518848015,-14.20371481151983,-10.926774991553067
6803,3.736478432913216,4.827351778349608,40.95000000000003,123.87981294768693,82.9298129476869,202.514805733057
1174,5.19844178112078,3.8665092237438596,179.99000000000007,46.77532169966025,-133.2146783003398,-74.01226640387786
1623,4.912581353620868,4.40039199106317,134.99000000000007,80.48280293613777,-54.50719706386229,-40.37869254304931
4994,3.1350593387750902,3.9452926986968837,21.990000000000002,50.6914659227694,28.7014659227694,130.52053625634105
1153,4.110709916308365,4.3162052182627315,59.99000000000001,73.90384454635796,13.91384454635795,23.19360651168186
198,5.19844178112078,5.791674991657909,179.99000000000007,326.5612274534495,146.5712274534494,81.4329837510136
3328,6.551080335043404,5.7710624350369155,698.9999999999998,319.87846413565956,-379.1215358643402,-54.23770184039204
5307,6.1675164908883415,4.889679776584954,476.00000000000017,131.91100601976146,-344.0889939802387,-72.28760377736104
1097,3.210440346047099,4.086726444327208,23.79,58.54464958509224,34.75464958509224,146.08932150101822
548,4.6150215020384655,3.986324686581597,99.99,52.85658534105925,-47.133414658940744,-47.13812847178793
7290,3.9415818076696905,4.68324630851745,50.5,107.12049595938458,56.620495959384584,112.11979397897937
1652,4.875120984409557,4.60331974489847,129.98999999999998,98.81512699209541,-31.174873007904566,-23.982516353492244
2264,4.07567129695648,4.135830016919557,57.890000000000015,61.541480019724126,3.6514800197241115,6.30761793008138
3011,3.09058780456667,4.23029767229334,20.990000000000002,67.7376904347173,46.74769043471729,222.71410402437962
1650,3.2577118486533987,3.2005777993894604,24.989999999999995,23.546709173986777,-1.443290826013218,-5.775473493450253
4556,4.875120984409557,5.167160004113473,129.98999999999998,174.4159488254194,44.425948825419425,34.176435745379976
5176,2.4414770918606643,3.8608854552027108,10.49,46.50739842381618,36.017398423816175,343.3498419810884
7459,3.043569602968151,3.738755605518209,19.98,41.04563623956496,21.065636239564963,105.43361481263744
2886,3.3995293245614584,3.394225725314279,28.950000000000003,28.791577678144368,-0.15842232185563532,-0.5472273639227472
2986,4.875120984409557,4.891530980274208,129.98999999999998,132.15727924506874,2.1672792450687552,1.6672661320630475
5602,5.760446321773743,5.957561932642784,316.48999999999995,385.66625572160547,69.17625572160551,21.857327473729192
6768,6.112774688540522,5.278686548924804,450.59000000000003,195.11212243785766,-255.47787756214237,-56.69852361617931
7039,2.244955980157409,4.125789775781876,8.439999999999998,60.916690247764755,52.47669024776476,621.7617327934215
7378,7.549609165154532,6.258560209652712,1899.0000000000005,521.466156583784,-1377.5338434162163,-72.5399601588318
937,5.319540552999562,4.221442038671711,203.2899999999999,67.13166197573325,-136.15833802426664,-66.97739093131325
5388,4.510639702141858,5.249862711628794,89.97999999999998,189.54010772185015,99.56010772185017,110.6469301198602
2678,4.5107496103686,4.955757375128167,89.99000000000004,140.99010543356363,51.00010543356359,56.673080824051084
5564,5.52110085304669,6.470000718432018,248.9099999999999,644.4841907014046,395.5741907014047,158.9225787237977
3169,2.8887037007954675,4.083432985250608,16.969999999999995,58.348864300835466,41.378864300835474,243.8353818552474
3442,4.875120984409557,5.6811401815956595,129.98999999999998,292.28363596258913,162.29363596258915,124.850862345249
4591,3.711130063048756,4.538669829806518,39.89999999999999,92.56625825905009,52.666258259050096,131.99563473446142
2132,3.8284239815518326,5.09740896561944,44.99000000000001,162.59747100089717,117.60747100089716,261.40802623004475
2818,6.212586055470553,5.2470488464447484,497.99000000000007,189.004707172318,-308.9852928276821,-62.04648543699312
6135,6.398578295461671,4.987834547811349,599.99,145.61858395321053,-454.3714160467895,-75.72983150499
6685,4.709440107163888,4.842921395810373,109.99000000000001,125.8393589700462,15.849358970046197,14.409818138054547
6564,6.709304340258298,5.944050166814677,818.9999999999997,380.4768497908276,-438.52315020917206,-53.54373018427011
620,5.30325515557766,4.285024585764462,199.98999999999992,71.60433173081022,-128.3856682691897,-64.19604393679171
7384,2.9439125248241944,1.3980989263804369,17.99,3.0474980564346135,-14.942501943565386,-83.06004415544962
7262,3.433664571799657,3.747588251592262,29.99,41.41865541148207,11.428655411482072,38.10822077853309
3817,2.069391205826334,3.7096351431257792,6.919999999999997,39.8389034537505,32.9189034537505,475.7066973085335
1414,3.151025157960026,3.7510636577674736,22.359999999999996,41.566333941236515,19.20633394123652,85.89594785883955
478,2.9465420293632194,2.49118486276516,18.040000000000003,11.07557554717638,-6.964424452823623,-38.60545705556331
3050,4.614625344758847,4.234836003530994,99.95,68.05035379071293,-31.89964620928707,-31.915604011292714
3106,5.418940808871775,4.355832457805348,224.63999999999993,76.9316731711554,-147.70832682884452,-65.75335061825346
7435,3.931629535067065,3.721484649159319,49.99000000000003,40.32570275628878,-9.664297243711253,-19.332460979618418
1488,5.638319081511895,4.217709170682115,279.9900000000001,66.87780956919859,-213.11219043080155,-76.11421494724864
1545,5.42022521678137,4.552664153162371,224.93,93.8848596800315,-131.0451403199685,-58.260410047556356
7663,5.484755438853831,4.720643755762493,239.99000000000012,111.24048487428796,-128.74951512571215,-53.647866630156294
1033,2.784393767689544,3.060985071754571,15.190000000000005,20.348576687351834,5.158576687351829,33.960346855509066
3826,4.3943256902608985,4.039035073583269,79.99,55.771536012643416,-24.21846398735658,-30.27686459226976
286,3.2824138456721883,2.7772428534501645,25.639999999999997,15.07463965601206,-10.565360343987937,-41.2065536036971
550,4.02535169073515,4.579633550137506,55.00000000000002,96.47866661729059,41.478666617290564,75.41575748598281
4796,6.242203810012991,5.738358491541794,512.99,309.55421497980836,-203.43578502019164,-39.656871482912265
4113,5.19295685089021,4.68431302585106,179.0,107.23589150281393,-71.76410849718607,-40.091680724684956
3332,3.082368580213537,4.16137113197264,20.809999999999985,63.1594333679688,42.349433367968814,203.50520599696705
5312,5.7348934696812535,4.830258805731347,308.4799999999999,124.24337016271244,-184.23662983728747,-59.72401122837381
4483,4.709440107163888,4.4474260301721635,109.99000000000001,84.4068262416554,-25.583173758344614,-23.259545193512693
6092,4.6150215020384655,6.074373391118258,99.99,433.5771073073718,333.5871073073718,333.62046935430726
4908,3.508855256368665,4.8247504519264535,32.41,123.55538194896154,91.14538194896154,281.2261090680702
5019,6.21658614080582,5.683832737190355,499.9900000000002,293.07438254426586,-206.91561745573432,-41.38395117017025
2127,2.038619547159581,2.8525646459911513,6.6800000000000015,16.332175784002388,9.652175784002386,144.49364946111353
1670,3.366950942933564,3.905038887407302,27.98999999999999,48.65201071259894,20.662010712598946,73.81925942336174
4010,3.7133281345162463,4.805192638380188,39.99,121.14301818816665,81.15301818816664,202.93327879011414
2689,3.474757584770184,4.188876407263566,31.290000000000006,64.94864989203064,33.65864989203064,107.56999006721199
1320,4.836202538722539,4.491786661197643,124.99000000000004,88.28081803751888,-36.70918196248115,-29.369695145596562
7105,4.356580613342406,4.763469238501227,76.98999999999997,116.15164872768227,39.161648727682305,50.86589002166817
6266,6.999422467507961,6.7227132611773595,1095.0000000000005,830.0693634082222,-264.93063659177824,-24.19457868418065
2119,3.931629535067065,3.9454996577670753,49.99000000000003,50.7021650475959,0.7121650475958674,1.4246150181953732
2302,5.993911550751034,5.378265274572084,399.98,215.64612771616873,-184.33387228383128,-46.0857723595758
1302,4.6150215020384655,5.372922654631102,99.99,214.49175622399656,114.50175622399657,114.51320754475105
3413,4.110053855927281,3.448839630750203,59.95000000000002,30.463861420914718,-29.4861385790853,-49.1845514246627
3731,3.366950942933564,3.9251363484418005,27.98999999999999,49.65998499796885,21.669984997968857,77.42045372621959
1370,4.442062848117941,4.106699319969396,83.95000000000002,59.745883582706256,-24.20411641729376,-28.83158596461436
6579,5.141605075260502,6.036437831090993,169.99000000000007,417.39996583357436,247.4099658335743,145.54383542183317
3837,7.313220387090301,5.658985292576409,1499.0,285.85741847538463,-1213.1425815246153,-80.93012551865345
701,6.54533529241511,5.3147327746901025,694.99,202.31017624422347,-492.6798237557765,-70.8902032771373
6080,5.94277312806309,4.588017652409895,379.99,97.2993733647382,-282.6906266352618,-74.3942279100139
4660,3.58324112209094,4.355714452444796,34.99000000000003,76.9224773585527,41.93247735855267,119.8413185440201
6644,4.438406968109989,5.204626918104842,83.63999999999999,181.11291706081707,97.47291706081708,116.53863828409506
5247,5.796057750765372,5.607874111030301,328.0,271.5641804694632,-56.435819530536776,-17.206042539797796
7319,4.5107496103686,4.388793737320923,89.99000000000004,79.54320409776604,-10.446795902234001,-11.608840873690408
2178,3.433664571799657,4.2507892826499525,29.99,69.16076717474986,39.17076717474987,130.61276150300057
2835,2.6864860231863696,4.4357155804718325,13.680000000000001,83.41250722325155,69.73250722325155,509.7405498775697
833,4.6150215020384655,4.081293258275993,99.99,58.22200970048289,-41.7679902995171,-41.77216751626873
6739,7.089243155027514,5.21725887569547,1197.9999999999998,183.4279506253657,-1014.572049374634,-84.68881881257381
1662,2.256541154492639,3.670869685860272,8.55,38.286057536282215,29.736057536282214,347.7901466231838
549,3.854182005738296,3.646647057598841,46.18999999999998,37.34587873873721,-8.84412126126277,-19.147264042569333
1020,4.248066578757805,4.929810733122159,68.96999999999997,137.35332416005863,68.38332416005866,99.14937532268912
248,4.573576314396913,3.5504016978830473,95.89000000000003,33.82730473267393,-62.0626952673261,-64.72280244793626
4756,2.39698576841553,3.8905918978590797,9.989999999999998,47.93984534223685,37.949845342236856,379.8783317541227
296,5.726489377191272,4.0810916491942635,305.89,58.210071208983585,-247.6799287910164,-80.97026015594378
7667,3.9308447596687337,5.630127810772658,49.949999999999996,277.69773592975764,227.74773592975765,455.9514232827982
7013,3.295466427029913,3.542619768570443,25.98999999999999,33.55733292228904,7.567332922289051,29.11632521080821
5484,3.433664571799657,5.210416779841855,29.99,182.1703840107628,152.1803840107628,507.43709240000936
7577,6.4457198193855785,6.463613332900184,629.0000000000001,640.3743737861636,11.37437378616346,1.8083265160832207
100,3.931629535067065,4.30549409764518,49.99000000000003,73.10582192062421,23.115821920624178,46.24089201965226
7437,4.454347296253507,2.9102330373496192,84.99999999999997,17.361076885188076,-67.63892311481189,-79.5752036644846
1330,4.343675543289958,4.173293070570875,75.99,63.928915941047336,-12.061084058952659,-15.871935858603317
3550,6.538125351882924,5.414540602888649,689.9899999999999,223.64931872126064,-466.3406812787392,-67.58658549815785
2656,5.30325515557766,4.264196356656356,199.98999999999992,70.10775173367188,-129.88224826632805,-64.94437135173163
4593,2.7239235502585,3.227341498952818,14.24,24.212540230924702,9.972540230924702,70.03188364413414
4002,3.58324112209094,3.7704617219226053,34.99000000000003,42.400098987537966,7.4100989875379355,21.177762182160414
3605,6.0806651925662845,5.55786791967658,436.32000000000016,258.26946329355064,-178.05053670644952,-40.80732872810081
2973,5.860757733031528,5.092165198456675,349.9900000000004,161.74184925574843,-188.24815074425197,-53.786722690434516
5704,2.301584592660462,3.8218179919746302,8.99,44.68719181439236,35.697191814392355,397.07666089424197
4532,5.4024971854577,5.111785185175704,220.95999999999992,164.96637127873873,-55.99362872126119,-25.341070203322413
346,5.135798437050262,4.090559286309043,169.00000000000006,58.77331275277533,-110.22668724722473,-65.22289186226314
4847,6.996205620166021,7.555739694659289,1091.4800000000005,1910.683783355338,819.2037833553375,75.05440167069824
2471,5.081342251254203,4.414328732491107,159.98999999999995,81.62635789678662,-78.36364210321334,-48.98033758560745
4874,4.058026299547989,5.122031409439289,56.86,166.67564176949185,109.81564176949185,193.13338334416434
681,7.067430669452095,5.125317342682792,1172.13,167.22751895413373,-1004.9024810458664,-85.73302287680261
6539,6.037870919922137,6.068795346353837,417.9999999999999,431.15976503879097,13.159765038791079,3.1482691480361438
7367,5.442374419541463,5.999052224804017,229.9900000000001,402.0466148272557,172.05661482725563,74.81047646734882
1945,2.63834278867739,3.4532090313034436,12.99,30.60164042103158,17.61164042103158,135.57844819885742
7212,8.516583005290542,7.437542377275265,4995.949999999998,1697.5706415313218,-3298.3793584686764,-66.021064231401
7534,5.19844178112078,4.623366137654136,179.99000000000007,100.83625066698292,-79.15374933301715,-43.976748337694936
4102,3.5333945512735414,4.724787100416472,33.24,111.70650065255748,78.46650065255747,236.06047127724867
5606,6.0867747269123065,6.080262698694446,438.99999999999983,436.14401679842354,-2.8559832015762936,-0.6505656495617984
1618,5.777652323222656,5.2950110849167515,321.99999999999994,198.33983561980693,-123.66016438019301,-38.40377775782392
7264,7.088408778675395,6.160733057372381,1197.0,472.7752520102316,-724.2247479897684,-60.50332063406586
5460,5.30325515557766,4.872993296374143,199.98999999999992,129.71159043362402,-70.2784095663759,-35.140961831279526
1181,3.931629535067065,3.7490248832359727,49.99000000000003,41.47963918925356,-8.51036081074647,-17.024126446782283
5416,4.709440107163888,5.691499623303764,109.99000000000001,295.33768248895973,185.34768248895972,168.51321255474107
5242,3.177637076851603,4.326247090059609,22.99,74.65980864511054,51.66980864511055,224.74905891740127
5121,2.395164274287139,4.341814177296597,9.970000000000002,75.84682672244365,65.87682672244365,660.7505187807786
2306,5.362980879873759,4.651232075946997,212.36000000000004,103.71392163545839,-108.64607836454165,-51.16127253933963
5198,5.641516923918676,5.4239106536773996,280.89,225.76418698547582,-55.12581301452417,-19.625409596113844
6726,2.73696154459663,3.9095063726267902,14.439999999999998,48.87432656320762,34.43432656320762,238.46486539617467
6758,4.65386510752685,5.689838386379861,103.99000000000004,294.8458040652853,190.85580406528524,183.53284360542855
6382,2.637627736805664,4.43478326344067,12.98,83.33384468003642,70.35384468003642,542.0172933747027
84,3.7133281345162463,3.106909219407912,39.99,21.351852854883518,-18.638147145116484,-46.607019617695634
5642,4.262539022051294,4.1807662342280185,69.99,64.41595796162099,-5.574042038379005,-7.964054919815696
5579,4.18950321539533,4.831308169623589,64.99,124.37486501401189,59.38486501401189,91.37538854287105
3352,4.605170185988092,5.204943356607625,99.00000000000004,181.17055371837714,82.17055371837709,83.00055931149197
5601,5.817051634382068,4.544766849612936,334.9799999999999,93.13847622839609,-241.84152377160382,-72.19580983091643
3982,5.298317366548036,4.893449702959268,198.99999999999991,132.41301640332264,-66.58698359667727,-33.460795777224774
418,4.233961566558017,3.700103566303593,67.99,39.45149355479622,-28.538506445203772,-41.97456456126456
5834,4.9486889658772695,5.642357850818552,139.98999999999995,281.1271485821419,141.13714858214195,100.81945037655689
1562,4.934401988096667,4.795634578336829,137.99000000000004,119.98112943318417,-18.008870566815872,-13.050851921744957
3007,2.7073833121145063,3.789275819455515,13.99,43.224362253990826,29.234362253990824,208.96613476762562
2517,6.803494158767612,5.516654141324893,899.9900000000004,247.8011893812582,-652.1888106187421,-72.4662285824
4776,3.8284239815518326,4.2722556730371455,44.99000000000001,70.68314713436129,25.693147134361283,57.108573314872814
6228,2.63834278867739,4.232044275862138,12.99,67.85785283763482,54.86785283763482,422.385318226596
5635,2.9041650800285006,4.678215997357323,17.25,106.57798187323488,89.32798187323488,517.8433731781732
6261,5.141605075260502,6.1244925704093,169.99000000000007,455.91280335811604,285.92280335811597,168.19977843291716
6351,2.6796507265805123,3.1975479010245573,13.580000000000004,23.472447699169102,9.892447699169098,72.84571207046461
1918,3.7133281345162463,3.478069014372477,39.99,31.397103296500646,-8.592896703499356,-21.48761366216393
7273,5.19844178112078,4.299089196205512,179.99000000000007,72.63269820789375,-107.35730179210631,-59.646259121121325
6211,4.6150215020384655,5.469153215407794,99.99,236.25920023936973,136.26920023936975,136.282828522222
1149,4.232946411659729,4.4523974464981535,67.91999999999999,84.83247629714094,16.912476297140955,24.900583476355944
4942,4.007333185232471,4.100404241878619,54.000000000000014,59.36468459938945,5.3646845993894345,9.93460110998043
4615,3.9116229254068062,4.933343206900219,48.98,137.84291787913787,88.86291787913788,181.42694544536113
3834,5.611484420509835,4.73329988492771,272.55,112.67004219761863,-159.8799578023814,-58.660780701662596
6193,4.3943256902608985,4.8456159560603975,79.99,126.18159614714003,46.19159614714003,57.74671352311543
5832,6.393423515886859,6.082625787103105,596.9000000000001,437.1782482663529,-159.72175173364718,-26.758544435189673
4407,3.76096753050819,4.023021309979203,41.99,54.86965061850253,12.87965061850253,30.673137934037936
1672,4.875044639789907,4.213888041778315,129.97999999999996,66.61893462138644,-63.36106537861352,-48.746780565174284
6096,4.0884941485439255,4.822581156955964,58.65000000000002,123.28547744244051,64.63547744244049,110.2054176341696
7145,3.7133281345162463,4.79572628624995,39.99,119.9922248688534,80.0022248688534,200.05557606615002
3103,4.312140507209715,4.3973991687649345,73.60000000000002,80.23930394294736,6.639303942947336,9.020793400743662
3885,4.110709916308365,4.7570076273626265,59.99000000000001,115.39710075250693,55.40710075250692,92.36056134773615
5927,5.393627546352362,5.037396177760198,219.00000000000009,153.06832575606174,-65.93167424393835,-30.105787325999234
4956,3.610647605844363,5.056507852696776,35.99000000000001,156.0411468246822,120.05114682468218,333.5680656423511
5936,5.799092654460526,4.910875836929747,328.99999999999994,134.75826445576624,-194.2417355442337,-59.04004119885524
3803,5.828622035851511,4.953535287877934,338.88999999999993,140.67494132137963,-198.2150586786203,-58.48949767730542
3194,5.707077041605631,4.3530451184370245,299.98999999999995,76.7147536051512,-223.27524639484875,-74.4275630503846
373,4.795707897553386,4.864232503711633,119.9899999999999,128.57145482931568,8.581454829315788,7.1518083417916465
4508,2.803966257932037,3.4186211939058038,15.510000000000005,29.527294769825634,14.017294769825629,90.37585280351789
5570,5.3518107389880365,5.44090303926372,209.98999999999998,229.65037578909983,19.660375789099845,9.362529543835347
1617,4.682038630244668,4.33120311930226,106.99,75.0357115928323,-31.954288407167695,-29.866612213447702
4038,2.39698576841553,3.268697441907762,9.989999999999998,25.27708960626525,15.287089606265251,153.0239199826352
4228,6.329703080051881,5.300085379781021,559.9900000000002,199.35391541797688,-360.6360845820234,-64.40045082626891
4507,4.499809670330265,4.547045524125526,89.0,93.35323176088703,4.353231760887027,4.891271641446098
5411,3.7133281345162463,3.9727940634953414,39.99,52.13277999544443,12.142779995444428,30.364541123892042
5128,4.262539022051294,5.332877654664116,69.99,206.03288692170258,136.04288692170257,194.37474913802342
6877,5.707077041605631,5.004672043307548,299.98999999999995,148.10817411520185,-151.8818258847981,-50.62896292703027
2638,3.6373229671995344,5.428633966845058,36.99000000000001,226.83779876214396,189.84779876214395,513.2408725659473
2498,4.795707897553386,4.847757924048788,119.9899999999999,126.45430701951193,6.4643070195120345,5.387371463882023
1862,5.003610679159292,4.114676342958048,147.95000000000005,60.23239276012816,-87.71760723987188,-59.288683501096216
5706,5.75447558897172,5.056935370966367,314.60000000000014,156.10829913742472,-158.4917008625754,-50.378798748434626
812,3.7133281345162463,3.85778353670673,39.99,46.3602626654916,6.370262665491595,15.92963907349736
3979,5.505290884699608,5.147483762951821,244.98999999999992,170.99815722567092,-73.991842774329,-30.20198488686437
2646,4.262539022051294,3.663995770547971,69.99,38.01693452789473,-31.97306547210526,-45.68233386498824
6346,7.90100705199242,6.811648630738747,2698.999999999999,907.3671351433918,-1791.6328648566073,-66.38135846078576
4072,3.650398467295655,4.178427795588291,37.490000000000016,64.26316547542176,26.77316547542174,71.4141517082468
2669,4.713665782141391,4.464836614580041,110.46000000000012,85.90682907094414,-24.55317092905598,-22.228110564055726
1954,5.707077041605631,4.8883375039384385,299.98999999999995,131.7327228910115,-168.25727710898846,-56.087628623950295
4935,2.3504224224082058,4.142792280809134,9.49,61.978429621860045,52.48842962186004,553.0919875854588
2328,3.433664571799657,4.623907537246831,29.99,100.8913996991003,70.90139969910031,236.4168045985339
4641,5.064997208782266,4.879827120495499,157.37999999999994,130.60790960881118,-26.772090391188755,-17.011113477690152
4047,3.0497468618602293,4.225492404138817,20.11,67.4081797275595,47.2981797275595,235.19731341402039
921,7.824441932468986,5.693574223561194,2499.9900000000002,295.9531028762557,-2204.0368971237444,-88.1618285322639
322,4.983538126211888,4.191047771693566,144.98999999999995,65.0920040253216,-79.89799597467835,-55.105866594026054
6289,3.433664571799657,4.799008877591156,29.99,120.39004548258896,90.40004548258896,301.4339629296064
4934,3.958524839079566,5.251970647257476,51.38000000000001,189.94217762346577,138.56217762346574,269.6811553590224
5965,4.330075229041782,3.9081927969593453,74.95,48.808855871172014,-26.14114412882799,-34.8781109123789
3213,4.6150215020384655,5.0217870958552435,99.99,150.68213223361204,50.69213223361204,50.69720195380742
2473,5.135798437050262,5.481569599616134,169.00000000000006,239.22346627704553,70.22346627704547,41.55234690949435
2398,3.8284239815518326,4.500662057859904,44.99000000000001,89.0767475823617,44.086747582361696,97.99232625552719
4668,5.521460917862246,5.627098838796108,248.9999999999999,276.85484548789924,27.854845487899354,11.186684934899343
2598,4.610555658264429,4.1778198693639865,99.54000000000002,64.22350234299881,-35.31649765700121,-35.47970429676632
231,4.602566800117977,3.770601830407762,98.74000000000002,42.40618013566305,-56.333819864336974,-57.05268367868843
4671,4.69125613490122,3.4525240789031875,107.98999999999998,30.58000221299041,-77.40999778700957,-71.68256115104138
6248,3.610647605844363,4.477788981980529,35.99000000000001,87.03979973760026,51.04979973760025,141.84440049347106
4279,5.30325515557766,4.707932798223468,199.98999999999992,109.82282980092123,-90.1671701990787,-45.08583939150894
1079,2.5641798306825083,3.6866352594471046,11.990000000000002,38.91033286621182,26.920332866211815,224.52320989334288
1726,4.6150215020384655,4.478629645912425,99.99,87.11384274009114,-12.876157259908851,-12.877445004409294
1115,2.2071749081893874,2.5521537165609307,8.09,11.834716378356223,3.744716378356223,46.2882123406208
6500,6.29156913955832,6.015639355052249,539.0000000000002,408.78775505054995,-130.21224494945028,-24.15811594609466
7005,5.752540892289972,5.453434511868503,313.9900000000004,232.55895095667736,-81.43104904332304,-25.934281041855773
2166,5.3471075307174685,4.5042088218788265,208.99999999999994,89.39679578184281,-119.60320421815713,-57.226413501510606
7170,5.442201236876614,5.080384625354783,229.94999999999996,159.8359056006222,-70.11409439937776,-30.49101735132758
2184,4.867534450455582,4.71997103580947,128.99999999999997,111.16500385221742,-17.834996147782547,-13.82557840913376
7489,6.311716660167896,6.141326549866786,549.99,463.6695695480377,-86.3204304519623,-15.694909080521882
2465,3.931629535067065,4.4587399308060816,49.99000000000003,85.3785974829534,35.388597482953365,70.791353236554
7130,5.812188348499988,5.43069210588399,333.35000000000014,227.30720351474656,-106.04279648525358,-31.811248383156904
3487,6.338594078203183,4.836141064705455,565.0000000000001,124.98225512664432,-440.0177448733558,-77.87924688023995
2317,3.464172180823544,4.204661448213838,30.95000000000001,65.99791156368211,35.0479115636821,113.2404250845948
5003,5.437600933650423,5.316231807684598,228.89000000000019,202.61517344985415,-26.27482655014603,-11.479237428522875
5907,4.497473610532717,5.310880031491204,88.78999999999999,201.52838133998785,112.73838133998785,126.97193528549147
3552,4.700480365792417,4.7654088856649555,109.00000000000004,116.37910210920515,7.379102109205107,6.769818448812022
4883,4.23945449739721,5.686299563503389,68.37,293.80070846073477,225.43070846073476,329.72167392238515
6403,5.916175108066267,6.634207042297603,369.98999999999995,759.675642999864,389.685642999864,105.32329062943973
6123,5.016948656152848,4.024657272656166,149.95,54.96112608651322,-94.98887391348677,-63.34703161953102
1850,2.63834278867739,2.966349323430112,12.99,18.420890632632148,5.430890632632147,41.80824197561314
6343,2.63834278867739,4.026008814855385,12.99,55.03681104412107,42.04681104412107,323.6859972603624
2249,5.010035114024223,5.108983496296905,148.90999999999997,164.50203590742717,15.592035907427203,10.470778260309721
265,3.1346242724206097,2.4177984020778833,21.98,10.221127688919534,-11.758872311080466,-53.498054190538966
0,5.484755438853831,5.619301809679739,239.99000000000012,274.69682716615887,34.706827166158746,14.461780560089474
3340,5.564328818089423,4.155651089352886,259.9500000000001,62.79348628887049,-197.1565137111296,-75.84401373769168
3101,3.8284239815518326,4.002868205026316,44.99000000000001,53.754973514935905,8.764973514935896,19.482048266138907
838,6.552493621597604,4.683194768217621,699.9899999999999,107.1149235402085,-592.8750764597914,-84.6976494606768
14,4.300545392805998,2.8467113558058115,72.73999999999997,16.23102186003326,-56.50897813996671,-77.68624984873072
3621,3.742420221041966,3.7101808942163395,41.2,39.861197412770544,-1.338802587229459,-3.2495208427899493
2115,5.017213609456379,4.834034109259437,149.99000000000004,124.71709556588664,-25.2729044341134,-16.84972627116034
1421,3.3282682016393976,3.6851577166879217,26.89,38.8514071861949,11.961407186194897,44.48273405055744
2316,4.356580613342406,5.304407638766587,76.98999999999997,200.2217711266523,123.23177112665233,160.06204848246836
8,4.991384514504119,3.563225093311838,146.14000000000016,34.27678480398738,-111.86321519601277,-76.54524099905068
1912,6.086501962442734,4.373090941932318,438.88,78.28832895294978,-360.5916710470502,-82.16179161662647
7049,5.961005339623274,5.829079206834789,387.00000000000006,339.04542337032683,-47.95457662967323,-12.391363470199797
1039,2.771963526845863,3.1243171280730726,14.99,21.744358305529477,6.754358305529477,45.05909476670765
2860,4.334672938290411,4.170058258687217,75.29999999999997,63.71922245451212,-11.580777545487848,-15.379518652706311
5816,3.043569602968151,4.020152702553627,19.98,54.70961217734942,34.72961217734942,173.82188276951663
4567,5.94277312806309,4.760413448154653,379.99,115.79420426622927,-264.19579573377075,-69.52703906254658
4606,4.262539022051294,4.544452435357729,69.99,93.10888240211068,23.118882402110685,33.031693673540055
3406,2.681021528714291,3.8469011606589465,13.600000000000001,45.84766467821211,32.24766467821211,237.11518145744196
339,3.1350593387750902,3.5468460214982453,21.990000000000002,33.703690004910506,11.713690004910504,53.26825832155754
121,2.6720775406433925,2.0173723918512882,13.47,6.518543170381433,-6.951456829618568,-51.60695493406509
5576,5.065186608700759,4.97794668562653,157.40999999999994,144.17598347226604,-13.2340165277339,-8.407354378841182
6558,4.709350004897755,5.487321290702038,109.97999999999996,240.60913860618814,130.62913860618818,118.77535788887819
1090,5.484755438853831,4.174476809961268,239.99000000000012,64.00582036484005,-175.98417963516007,-73.32979692285512
5078,2.63834278867739,3.726067253538214,12.99,40.515516691607814,27.525516691607812,211.89774204470984
1372,3.675034047291883,4.6439593238723145,38.44999999999999,102.95512585599984,64.50512585599985,167.76365632249642
2276,4.093510881473524,4.174517018364054,58.950000000000024,64.00843419759738,5.058434197597357,8.580889224083723
1317,5.081342251254203,4.37166255456557,159.98999999999995,78.17515535265552,-81.81484464734443,-51.13747399671508
622,6.018593214496234,5.40454971067756,409.99999999999983,221.41604636102375,-188.58395363897608,-45.99608625340882
1419,4.5107496103686,4.285086796465801,89.99000000000004,71.60884863770593,-18.381151362294105,-20.425771043776084
7635,3.366950942933564,3.998742161711342,27.98999999999999,53.52951756286609,25.5395175628661,91.24515027819258
2417,2.628285232633348,2.886202056467798,12.850000000000009,16.925101634717524,4.075101634717516,31.712853188463136
2268,3.7133281345162463,3.0314092467026534,39.99,19.72642065793426,-20.263579342065743,-50.671616259229154
1606,5.484755438853831,4.989007329221708,239.99000000000012,145.79063637310355,-94.19936362689657,-39.25137031830348
1893,6.1112234073146166,4.463119927039127,449.88999999999993,85.75776518492347,-364.13223481507646,-80.93805926228112
1965,5.135798437050262,4.830487943802635,169.00000000000006,124.27207147514922,-44.72792852485084,-26.466229896361433
1410,5.017213609456379,4.27679548718261,149.99000000000004,71.00931511051832,-78.98068488948172,-52.65730041301534
2283,1.6389967146756448,2.718843768867905,4.15,14.162780426931363,10.012780426931362,241.27181751641837
2877,3.1424266527047946,4.6164709318646135,22.160000000000004,100.13648405167442,77.97648405167442,351.87944066640074
889,3.931629535067065,3.6762306331656722,49.99000000000003,38.49723356659443,-11.492766433405599,-22.990130892989782
5448,6.478463558197409,6.193477182161758,649.97,488.5453886377781,-161.42461136222192,-24.835701857350635
6853,6.396929655216146,6.051638170499013,599.0,423.8083688851169,-175.19163111488308,-29.24735077043123
1803,5.564482092412441,4.148290849453047,259.98999999999995,62.32567464061678,-197.66432535938316,-76.0276646637883
7602,3.849934813114724,5.665952421828695,45.989999999999995,287.8629695410319,241.87296954103186,525.9251349011348
196,4.477223171657469,3.2909634939024066,86.98999999999998,25.86873905474694,-61.12126094525304,-70.2623990634016
7195,5.252011613671526,4.227274161291258,189.95000000000007,67.53017514190113,-122.41982485809895,-64.4484468850218
415,6.552493621597604,6.0893654850196945,699.9899999999999,440.1414114893535,-259.8485885106464,-37.12175724091008
3248,6.413131034554154,4.039743505145504,608.7999999999998,55.811769010071245,-552.9882309899286,-90.8324952348766
6956,4.874815570953721,5.1066544494237425,129.94999999999996,164.11702243944256,34.167022439442604,26.29243742935176
4487,5.707077041605631,5.6234492316546065,299.98999999999995,275.8426326725904,-24.14736732740954,-8.04939075549503
432,3.7133281345162463,3.6596502072814694,39.99,37.847751833725326,-2.142248166274676,-5.3569596556005905
4233,3.7133281345162463,4.642406520944349,39.99,102.79382929548919,62.80382929548919,157.04883544758485
2510,4.5107496103686,4.979281499000927,89.99000000000004,144.36989570617618,54.37989570617614,60.42882065360165
2758,3.056827372913802,3.760048263544138,20.259999999999998,41.95049887203809,21.69049887203809,107.06070519268556
5110,3.871201010907891,4.338289976979329,47.00000000000001,75.5764797695447,28.576479769544697,60.801020786265305
1952,4.6150215020384655,5.195851727956844,99.99,179.52183282851124,79.53183282851124,79.53978680719197
1108,3.7133281345162463,3.5522729309534347,39.99,33.89253574922592,-6.097464250774081,-15.247472495058966
5419,4.51085950651685,5.133154808973643,89.99999999999997,168.55117674924185,78.55117674924188,87.27908527693545
7544,4.3943256902608985,3.409659977849193,79.99,29.254955155313088,-50.73504484468691,-63.42673439765834
2110,4.795707897553386,3.9858021583044527,119.9899999999999,52.82845110341561,-67.16154889658429,-55.97262179897021
4053,4.6150215020384655,4.875299849551297,99.99,130.0134316404058,30.023431640405803,30.026434283834185
5108,4.5107496103686,4.03511453221144,89.99000000000004,55.54939659488781,-34.44060340511223,-38.27158951562642
1515,7.575071699507561,5.256999073992085,1947.9999999999998,190.90473441916197,-1757.0952655808378,-90.19996229881099
1195,5.638319081511895,4.9752618272252445,279.9900000000001,143.78672929337893,-136.2032707066212,-48.64576260102901
2252,2.63834278867739,3.5703573716900046,12.99,34.52928804480888,21.539288044808877,165.81438063748172
604,6.447290014555096,4.791775685398239,629.9900000000005,119.51517581788131,-510.47482418211916,-81.02903604535291
2925,4.6150215020384655,4.238181188977015,99.99,68.28172680631805,-31.708273193681947,-31.71144433811576
4331,2.769458829230853,3.156034912116874,14.949999999999992,22.47732148763491,7.527321487634918,50.349976505919216
1219,3.8284239815518326,4.25978743260071,44.99000000000001,69.79493315990757,24.804933159907563,55.13432576107481
6114,6.47543271670409,5.439191463491179,648.0000000000002,229.25593784547766,-418.74406215452257,-64.62099724606828
5493,6.824373670043086,5.337313026161208,919.0000000000003,206.95319413076803,-712.0468058692323,-77.48060999665202
6613,2.932792473780117,3.821814926053496,17.78,44.687051741280136,26.907051741280135,151.33324938852718
4932,6.255730847711197,4.577418159581475,519.99,96.26295233377176,-423.72704766622826,-81.48753777307799
5813,3.6883793290722537,4.12904451425784,38.97999999999999,61.11854118964266,22.138541189642673,56.79461567378829
3567,4.110709916308365,4.892917285118648,59.99000000000001,132.34200383907418,72.35200383907417,120.60677419415595
7439,6.606650186198215,5.859992610205944,738.9999999999998,349.72155225029485,-389.2784477497049,-52.67637993906698
3469,3.0440461338325417,3.8407667501623326,19.990000000000002,45.56116153466302,25.57116153466302,127.91976755709362
1158,3.7133281345162463,5.903091924936245,39.99,365.1678829936832,325.17788299368317,813.1479944828286
4618,5.141605075260502,5.240111748888311,169.99000000000007,187.6911872579498,17.701187257949726,10.413075626771997
3613,5.802088163440325,5.093795765540588,329.9900000000001,162.00742722082202,-167.9825727791781,-50.905352519524236
6062,6.685848462595922,5.846987271347579,799.9899999999999,345.1898317725418,-454.8001682274581,-56.85073166257805
4925,5.293053536872938,4.96809206436504,197.95000000000002,142.75235531813516,-55.19764468186486,-27.884639899906468
7052,4.110053855927281,4.140229682459887,59.95000000000002,61.817247812397866,1.8672478123978493,3.1146752500381134
7429,3.2577118486533987,5.8300559582562315,24.989999999999995,339.3777254828198,314.3877254828198,1258.0541235807118
6318,5.423142216993466,6.316092385130496,225.58999999999997,552.4062632936059,326.8162632936059,144.87178655685355
4352,2.771963526845863,4.298080137865487,14.99,72.5584359934231,57.5684359934231,384.0456036919486
2280,2.7713379403381286,2.1405504589022737,14.98,7.504117507915632,-7.475882492084368,-49.9057576240612
5697,3.1350593387750902,3.3495179219177484,21.990000000000002,27.488996412068563,5.498996412068561,25.006804966205365
6795,5.484755438853831,5.761560854393248,239.99000000000012,316.8440502249794,76.85405022497929,32.023855254376954
904,3.2276373305367736,2.8267137881818285,24.220000000000002,15.88986584937896,-8.330134150621042,-34.393617467469205
1446,5.081342251254203,5.227684765161675,159.98999999999995,185.36083456165812,25.37083456165817,15.857762711205812
7239,3.945457781514384,4.765596215894281,50.70000000000003,116.40109282301967,65.70109282301964,129.58795428603472
3626,3.366950942933564,3.285124866773356,27.98999999999999,25.712319587805844,-2.2776804121941474,-8.137479143244544
2526,1.9387416595767009,2.592065010140441,5.950000000000001,12.357326157151142,6.407326157151141,107.68615390169984
4103,5.252221070655064,4.12945939092808,189.9900000000001,61.14431806991496,-128.84568193008514,-67.81708612563034
5718,3.9308447596687337,4.800996902703933,49.949999999999996,120.63161198202239,70.68161198202239,141.50472869273753
1934,4.682038630244668,4.279249188202825,106.99,71.18622138927078,-35.80377861072921,-33.46460287010862
3980,4.6150215020384655,4.621090227249848,99.99,100.60474402866888,0.6147440286688806,0.6148055092198026
5773,4.9486889658772695,4.852300550475262,139.98999999999995,127.03460135505247,-12.95539864494748,-9.254517211906196
7350,3.2767673032839784,3.0896887321064863,25.490000000000002,20.970238281540148,-4.519761718459854,-17.73150929172167
4105,4.110709916308365,5.083184016173523,59.99000000000001,160.28677894899795,100.29677894899794,167.18916310884802
3903,4.795707897553386,4.261354129521984,119.9899999999999,69.90593429359348,-50.08406570640642,-41.74019977198638
4614,3.2577118486533987,4.016501212124011,24.989999999999995,54.50656000878559,29.516560008785596,118.11348542931412
1786,2.771963526845863,3.431537477056218,14.99,29.924151391842813,14.934151391842812,99.62742756399474
2131,3.156574798670821,4.017010125801196,22.48999999999999,54.534815245475954,32.04481524547596,142.4847276366206
4534,3.6373229671995344,4.940755637852159,36.99000000000001,138.87590516483598,101.88590516483598,275.44175497387386
5681,4.6150215020384655,4.781605864309663,99.99,118.29576912507503,18.30576912507503,18.30759988506354
7171,4.948405217560121,4.704220313632308,139.94999999999996,109.41216451886991,-30.537835481130045,-21.820532676763168
3077,1.8484548129046,2.700393884166539,5.349999999999998,13.885593770009205,8.535593770009207,159.54380878521889
5708,2.771963526845863,3.589052280816414,14.99,35.19975246469205,20.209752464692045,134.82156414070744
254,2.771963526845863,3.1879682109811354,14.99,23.23912858233165,8.249128582331648,55.03087780074482
3608,4.709440107163888,4.633716622193564,109.99000000000001,101.89577906205471,-8.094220937945295,-7.3590516755571365
4273,5.30325515557766,4.880601169831547,199.98999999999992,130.709820060633,-69.28017993936692,-34.64182206078651
221,3.847804433101495,3.47816296582022,45.89000000000001,31.400147194245086,-14.489852805754921,-31.575185891817213
267,4.110053855927281,3.5533915841598653,59.95000000000002,33.93159023636324,-26.018409763636775,-43.40018309197126
107,4.595018834931716,4.115303856093421,97.99000000000002,60.270828949240965,-37.71917105075906,-38.49287789647826
6209,5.017213609456379,4.979435339014001,149.99000000000004,144.3922611331369,-5.597738866863125,-3.732074716223164
1226,5.298317366548036,4.323919319338966,198.99999999999991,74.48389478082099,-124.51610521917893,-62.57090714531607
6000,4.553771622902091,4.9184177258434945,93.99,135.78600890112247,41.79600890112248,44.46856995544471
5513,3.0440461338325417,3.858724570320703,19.990000000000002,46.404851241010164,26.41485124101016,132.14032636823492
1512,5.337490001622509,4.521430538008955,206.99000000000007,90.96706630443836,-116.0229336955617,-56.05243427004284
4456,5.59430237403738,4.908509978399723,267.8899999999999,134.4374592472883,-133.45254075271157,-49.81617109735774
7137,4.465908118654584,4.898415904813407,86.0,133.0772202929318,47.0772202929318,54.74095382899047
303,5.673288902319859,4.8339781445701195,289.98999999999995,124.71006004456362,-165.27993995543633,-56.995048089739775
1882,4.270536258640519,5.192526873284383,70.56000000000002,178.92262066783314,108.36262066783313,153.5751426698315
1634,4.836202538722539,4.365708724168409,124.99000000000004,77.70516042941517,-47.284839570584865,-37.83089812831815
5820,5.398117451625214,5.015193078092082,219.99000000000004,149.68522797371114,-70.3047720262889,-31.958167201367736
1210,3.197856457644125,2.6721703968023927,23.479999999999993,13.47134369100476,-10.008656308995233,-42.626304552790614
1928,4.303929948937459,4.2407556322177475,72.98999999999998,68.46031846801046,-4.5296815319895245,-6.205893316878375
6465,3.1179499062782403,4.006991815237935,21.6,53.981227854606416,32.381227854606415,149.91309191947414
1732,4.803118998667745,4.177693936978818,120.89000000000004,64.21528910894664,-56.67471089105341,-46.88122333613482
1436,2.238579763018133,3.6836130536604985,8.379999999999999,38.78989770886138,30.409897708861383,362.8866075043125
5879,4.418720118610357,4.727318242501766,81.99,111.99213816170666,30.002138161706668,36.59243586011303
5538,3.7133281345162463,3.6071693270183687,39.99,35.861561967362626,-4.128438032637376,-10.323676000593588
376,4.795707897553386,3.5312822335993572,119.9899999999999,33.16775057656702,-86.82224942343288,-72.35790434488953
